2026-05-27 21:12:24,875 - INFO - Looking for config file at: C:\Users\Jonathan\EazyOS\OS\eazyos_config.json
2026-05-27 21:12:24,875 - INFO - Config file found, loading...
2026-05-27 21:12:24,875 - INFO - Loaded configuration: {'theme': {'type': 'color', 'color': '#008080', 'wallpaper': None, 'taskbar_color': '#c0c0c0', 'window_title_color': '#000080'}, 'system': {'startup_sound': 'true', 'enable_sounds': 'true', 'show_clock': 'true', 'auto_hide_windows_taskbar': 'true'}}
2026-05-27 21:12:24,875 - WARNING - BIOS system file not found: bios.py
2026-05-27 21:12:24,894 - INFO - Looking for config file at: C:\Users\Jonathan\EazyOS\OS\eazyos_config.json
2026-05-27 21:12:24,894 - INFO - Config file found, loading...
2026-05-27 21:12:24,894 - INFO - Loaded configuration: {'theme': {'type': 'color', 'color': '#008080', 'wallpaper': None, 'taskbar_color': '#c0c0c0', 'window_title_color': '#000080'}, 'system': {'startup_sound': 'true', 'enable_sounds': 'true', 'show_clock': 'true', 'auto_hide_windows_taskbar': 'true'}}
2026-05-27 21:12:24,896 - INFO - Windows taskbar hidden
2026-05-27 21:12:24,896 - INFO - System settings applied: sounds=True, clock=True, auto_hide_taskbar=True
2026-05-27 21:12:24,896 - INFO - Looking for config file at: C:\Users\Jonathan\EazyOS\OS\eazyos_config.json
2026-05-27 21:12:24,896 - INFO - Config file found, loading...
2026-05-27 21:12:24,896 - INFO - Loaded configuration: {'theme': {'type': 'color', 'color': '#008080', 'wallpaper': None, 'taskbar_color': '#c0c0c0', 'window_title_color': '#000080'}, 'system': {'startup_sound': 'true', 'enable_sounds': 'true', 'show_clock': 'true', 'auto_hide_windows_taskbar': 'true'}}
2026-05-27 21:12:24,899 - INFO - Playing sound: The Microsoft Sound.wav
2026-05-27 21:12:24,899 - INFO - EazyOS Desktop initialized successfully
2026-05-27 21:12:24,994 - INFO - Loading saved theme...
2026-05-27 21:12:24,994 - INFO - Looking for config file at: C:\Users\Jonathan\EazyOS\OS\eazyos_config.json
2026-05-27 21:12:24,994 - INFO - Config file found, loading...
2026-05-27 21:12:24,995 - INFO - Loaded configuration: {'theme': {'type': 'color', 'color': '#008080', 'wallpaper': None, 'taskbar_color': '#c0c0c0', 'window_title_color': '#000080'}, 'system': {'startup_sound': 'true', 'enable_sounds': 'true', 'show_clock': 'true', 'auto_hide_windows_taskbar': 'true'}}
2026-05-27 21:12:24,995 - INFO - Applied background color: #008080
2026-05-27 21:12:24,996 - INFO - apply_from_config: type=color, taskbar=#c0c0c0, title_bar=#000080
2026-05-27 21:14:19,606 - INFO - Playing sound: DING.wav
2026-05-27 21:14:20,620 - INFO - Playing sound: DING.wav
2026-05-27 21:15:52,582 - INFO - Playing sound: DING.wav
2026-05-27 21:15:53,616 - INFO - Playing sound: DING.wav
2026-05-27 21:15:54,981 - INFO - Playing sound: shutdown.wav
2026-05-27 21:15:58,991 - INFO - Windows taskbar restored
2026-05-27 21:16:01,418 - INFO - Windows taskbar restored
2026-06-07 21:17:37,163 - INFO - Looking for config file at: C:\Users\Jonathan\EazyOS\OS\eazyos_config.json
2026-06-07 21:17:37,163 - INFO - Config file found, loading...
2026-06-07 21:17:37,164 - INFO - Loaded configuration: {'theme': {'type': 'color', 'color': '#008080', 'wallpaper': None, 'taskbar_color': '#c0c0c0', 'window_title_color': '#000080'}, 'system': {'startup_sound': 'true', 'enable_sounds': 'true', 'show_clock': 'true', 'auto_hide_windows_taskbar': 'true'}}
2026-06-07 21:17:37,164 - WARNING - BIOS system file not found: bios.py
2026-06-07 21:17:37,192 - INFO - Looking for config file at: C:\Users\Jonathan\EazyOS\OS\eazyos_config.json
2026-06-07 21:17:37,193 - INFO - Config file found, loading...
2026-06-07 21:17:37,193 - INFO - Loaded configuration: {'theme': {'type': 'color', 'color': '#008080', 'wallpaper': None, 'taskbar_color': '#c0c0c0', 'window_title_color': '#000080'}, 'system': {'startup_sound': 'true', 'enable_sounds': 'true', 'show_clock': 'true', 'auto_hide_windows_taskbar': 'true'}}
2026-06-07 21:17:37,195 - INFO - Windows taskbar hidden
2026-06-07 21:17:37,195 - INFO - System settings applied: sounds=True, clock=True, auto_hide_taskbar=True
2026-06-07 21:17:37,196 - INFO - Looking for config file at: C:\Users\Jonathan\EazyOS\OS\eazyos_config.json
2026-06-07 21:17:37,196 - INFO - Config file found, loading...
2026-06-07 21:17:37,196 - INFO - Loaded configuration: {'theme': {'type': 'color', 'color': '#008080', 'wallpaper': None, 'taskbar_color': '#c0c0c0', 'window_title_color': '#000080'}, 'system': {'startup_sound': 'true', 'enable_sounds': 'true', 'show_clock': 'true', 'auto_hide_windows_taskbar': 'true'}}
2026-06-07 21:17:37,199 - INFO - Playing sound: The Microsoft Sound.wav
2026-06-07 21:17:37,200 - INFO - EazyOS Desktop initialized successfully
2026-06-07 21:17:37,340 - INFO - Loading saved theme...
2026-06-07 21:17:37,340 - INFO - Looking for config file at: C:\Users\Jonathan\EazyOS\OS\eazyos_config.json
2026-06-07 21:17:37,341 - INFO - Config file found, loading...
2026-06-07 21:17:37,341 - INFO - Loaded configuration: {'theme': {'type': 'color', 'color': '#008080', 'wallpaper': None, 'taskbar_color': '#c0c0c0', 'window_title_color': '#000080'}, 'system': {'startup_sound': 'true', 'enable_sounds': 'true', 'show_clock': 'true', 'auto_hide_windows_taskbar': 'true'}}
2026-06-07 21:17:37,341 - INFO - Applied background color: #008080
2026-06-07 21:17:37,341 - INFO - apply_from_config: type=color, taskbar=#c0c0c0, title_bar=#000080
2026-06-07 21:17:59,266 - INFO - Config file changed — reloading settings
2026-06-07 21:17:59,266 - INFO - Looking for config file at: C:\Users\Jonathan\EazyOS\OS\eazyos_config.json
2026-06-07 21:17:59,266 - INFO - Config file found, loading...
2026-06-07 21:17:59,266 - INFO - Loaded configuration: {'theme': {'type': 'color', 'color': '#008080', 'wallpaper': None, 'taskbar_color': '#c0c0c0', 'window_title_color': '#000080'}, 'system': {'startup_sound': 'true', 'enable_sounds': 'true', 'show_clock': 'true', 'auto_hide_windows_taskbar': 'true'}}
2026-06-07 21:17:59,267 - INFO - Applied background color: #008080
2026-06-07 21:17:59,267 - INFO - apply_from_config: type=color, taskbar=#c0c0c0, title_bar=#000080
2026-06-07 21:17:59,267 - INFO - Looking for config file at: C:\Users\Jonathan\EazyOS\OS\eazyos_config.json
2026-06-07 21:17:59,267 - INFO - Config file found, loading...
2026-06-07 21:17:59,268 - INFO - Loaded configuration: {'theme': {'type': 'color', 'color': '#008080', 'wallpaper': None, 'taskbar_color': '#c0c0c0', 'window_title_color': '#000080'}, 'system': {'startup_sound': 'true', 'enable_sounds': 'true', 'show_clock': 'true', 'auto_hide_windows_taskbar': 'true'}}
2026-06-07 21:17:59,268 - INFO - System settings applied: sounds=True, clock=True, auto_hide_taskbar=True
2026-06-07 21:19:35,836 - INFO - Windows taskbar restored
2026-06-08 07:26:15,699 - INFO - Looking for config file at: C:\Users\Jonathan\EazyOS\OS\eazyos_config.json
2026-06-08 07:26:15,699 - INFO - Config file found, loading...
2026-06-08 07:26:15,700 - INFO - Loaded configuration: {'theme': {'type': 'color', 'color': '#008080', 'wallpaper': None, 'taskbar_color': '#c0c0c0', 'window_title_color': '#000080'}, 'system': {'startup_sound': 'true', 'enable_sounds': 'true', 'show_clock': 'true', 'auto_hide_windows_taskbar': 'true'}}
2026-06-08 07:26:15,700 - WARNING - BIOS system file not found: bios.py
2026-06-08 07:26:15,718 - INFO - Looking for config file at: C:\Users\Jonathan\EazyOS\OS\eazyos_config.json
2026-06-08 07:26:15,719 - INFO - Config file found, loading...
2026-06-08 07:26:15,719 - INFO - Loaded configuration: {'theme': {'type': 'color', 'color': '#008080', 'wallpaper': None, 'taskbar_color': '#c0c0c0', 'window_title_color': '#000080'}, 'system': {'startup_sound': 'true', 'enable_sounds': 'true', 'show_clock': 'true', 'auto_hide_windows_taskbar': 'true'}}
2026-06-08 07:26:15,720 - INFO - Windows taskbar hidden
2026-06-08 07:26:15,720 - INFO - System settings applied: sounds=True, clock=True, auto_hide_taskbar=True
2026-06-08 07:26:15,721 - INFO - Looking for config file at: C:\Users\Jonathan\EazyOS\OS\eazyos_config.json
2026-06-08 07:26:15,721 - INFO - Config file found, loading...
2026-06-08 07:26:15,721 - INFO - Loaded configuration: {'theme': {'type': 'color', 'color': '#008080', 'wallpaper': None, 'taskbar_color': '#c0c0c0', 'window_title_color': '#000080'}, 'system': {'startup_sound': 'true', 'enable_sounds': 'true', 'show_clock': 'true', 'auto_hide_windows_taskbar': 'true'}}
2026-06-08 07:26:15,723 - INFO - Playing sound: The Microsoft Sound.wav
2026-06-08 07:26:15,723 - INFO - EazyOS Desktop initialized successfully
2026-06-08 07:26:15,820 - INFO - Loading saved theme...
2026-06-08 07:26:15,820 - INFO - Looking for config file at: C:\Users\Jonathan\EazyOS\OS\eazyos_config.json
2026-06-08 07:26:15,820 - INFO - Config file found, loading...
2026-06-08 07:26:15,821 - INFO - Loaded configuration: {'theme': {'type': 'color', 'color': '#008080', 'wallpaper': None, 'taskbar_color': '#c0c0c0', 'window_title_color': '#000080'}, 'system': {'startup_sound': 'true', 'enable_sounds': 'true', 'show_clock': 'true', 'auto_hide_windows_taskbar': 'true'}}
2026-06-08 07:26:15,821 - INFO - Applied background color: #008080
2026-06-08 07:26:15,822 - INFO - apply_from_config: type=color, taskbar=#c0c0c0, title_bar=#000080
2026-06-08 07:27:53,066 - INFO - Windows taskbar restored
2026-06-08 07:29:26,413 - INFO - Looking for config file at: C:\Users\Jonathan\EazyOS\OS\eazyos_config.json
2026-06-08 07:29:26,413 - INFO - Config file found, loading...
2026-06-08 07:29:26,413 - INFO - Loaded configuration: {'theme': {'type': 'color', 'color': '#008080', 'wallpaper': None, 'taskbar_color': '#c0c0c0', 'window_title_color': '#000080'}, 'system': {'startup_sound': 'true', 'enable_sounds': 'true', 'show_clock': 'true', 'auto_hide_windows_taskbar': 'true'}}
2026-06-08 07:29:26,414 - WARNING - BIOS system file not found: bios.py
2026-06-08 07:29:26,432 - INFO - Looking for config file at: C:\Users\Jonathan\EazyOS\OS\eazyos_config.json
2026-06-08 07:29:26,433 - INFO - Config file found, loading...
2026-06-08 07:29:26,433 - INFO - Loaded configuration: {'theme': {'type': 'color', 'color': '#008080', 'wallpaper': None, 'taskbar_color': '#c0c0c0', 'window_title_color': '#000080'}, 'system': {'startup_sound': 'true', 'enable_sounds': 'true', 'show_clock': 'true', 'auto_hide_windows_taskbar': 'true'}}
2026-06-08 07:29:26,434 - INFO - Windows taskbar hidden
2026-06-08 07:29:26,434 - INFO - System settings applied: sounds=True, clock=True, auto_hide_taskbar=True
2026-06-08 07:29:26,435 - INFO - Looking for config file at: C:\Users\Jonathan\EazyOS\OS\eazyos_config.json
2026-06-08 07:29:26,435 - INFO - Config file found, loading...
2026-06-08 07:29:26,435 - INFO - Loaded configuration: {'theme': {'type': 'color', 'color': '#008080', 'wallpaper': None, 'taskbar_color': '#c0c0c0', 'window_title_color': '#000080'}, 'system': {'startup_sound': 'true', 'enable_sounds': 'true', 'show_clock': 'true', 'auto_hide_windows_taskbar': 'true'}}
2026-06-08 07:29:26,437 - INFO - Playing sound: The Microsoft Sound.wav
2026-06-08 07:29:26,437 - INFO - EazyOS Desktop initialized successfully
2026-06-08 07:29:26,533 - INFO - Loading saved theme...
2026-06-08 07:29:26,534 - INFO - Looking for config file at: C:\Users\Jonathan\EazyOS\OS\eazyos_config.json
2026-06-08 07:29:26,534 - INFO - Config file found, loading...
2026-06-08 07:29:26,534 - INFO - Loaded configuration: {'theme': {'type': 'color', 'color': '#008080', 'wallpaper': None, 'taskbar_color': '#c0c0c0', 'window_title_color': '#000080'}, 'system': {'startup_sound': 'true', 'enable_sounds': 'true', 'show_clock': 'true', 'auto_hide_windows_taskbar': 'true'}}
2026-06-08 07:29:26,535 - INFO - Applied background color: #008080
2026-06-08 07:29:26,536 - INFO - apply_from_config: type=color, taskbar=#c0c0c0, title_bar=#000080
2026-06-08 07:31:47,057 - INFO - Looking for config file at: C:\Users\Jonathan\EazyOS\OS\eazyos_config.json
2026-06-08 07:31:47,058 - INFO - Config file found, loading...
2026-06-08 07:31:47,058 - INFO - Loaded configuration: {'theme': {'type': 'color', 'color': '#008080', 'wallpaper': None, 'taskbar_color': '#c0c0c0', 'window_title_color': '#000080'}, 'system': {'startup_sound': 'true', 'enable_sounds': 'true', 'show_clock': 'true', 'auto_hide_windows_taskbar': 'true'}}
2026-06-08 07:31:47,058 - WARNING - BIOS system file not found: bios.py
2026-06-08 07:31:47,077 - INFO - Looking for config file at: C:\Users\Jonathan\EazyOS\OS\eazyos_config.json
2026-06-08 07:31:47,077 - INFO - Config file found, loading...
2026-06-08 07:31:47,078 - INFO - Loaded configuration: {'theme': {'type': 'color', 'color': '#008080', 'wallpaper': None, 'taskbar_color': '#c0c0c0', 'window_title_color': '#000080'}, 'system': {'startup_sound': 'true', 'enable_sounds': 'true', 'show_clock': 'true', 'auto_hide_windows_taskbar': 'true'}}
2026-06-08 07:31:47,079 - INFO - Windows taskbar hidden
2026-06-08 07:31:47,079 - INFO - System settings applied: sounds=True, clock=True, auto_hide_taskbar=True
2026-06-08 07:31:47,079 - INFO - Looking for config file at: C:\Users\Jonathan\EazyOS\OS\eazyos_config.json
2026-06-08 07:31:47,080 - INFO - Config file found, loading...
2026-06-08 07:31:47,080 - INFO - Loaded configuration: {'theme': {'type': 'color', 'color': '#008080', 'wallpaper': None, 'taskbar_color': '#c0c0c0', 'window_title_color': '#000080'}, 'system': {'startup_sound': 'true', 'enable_sounds': 'true', 'show_clock': 'true', 'auto_hide_windows_taskbar': 'true'}}
2026-06-08 07:31:47,082 - INFO - Playing sound: The Microsoft Sound.wav
2026-06-08 07:31:47,083 - INFO - EazyOS Desktop initialized successfully
2026-06-08 07:31:47,179 - INFO - Loading saved theme...
2026-06-08 07:31:47,179 - INFO - Looking for config file at: C:\Users\Jonathan\EazyOS\OS\eazyos_config.json
2026-06-08 07:31:47,180 - INFO - Config file found, loading...
2026-06-08 07:31:47,180 - INFO - Loaded configuration: {'theme': {'type': 'color', 'color': '#008080', 'wallpaper': None, 'taskbar_color': '#c0c0c0', 'window_title_color': '#000080'}, 'system': {'startup_sound': 'true', 'enable_sounds': 'true', 'show_clock': 'true', 'auto_hide_windows_taskbar': 'true'}}
2026-06-08 07:31:47,181 - INFO - Applied background color: #008080
2026-06-08 07:31:47,181 - INFO - apply_from_config: type=color, taskbar=#c0c0c0, title_bar=#000080
2026-06-08 07:33:03,535 - INFO - Looking for config file at: C:\Users\Jonathan\EazyOS\OS\eazyos_config.json
2026-06-08 07:33:03,538 - INFO - Config file found, loading...
2026-06-08 07:33:03,540 - INFO - Loaded configuration: {'theme': {'type': 'color', 'color': '#008080', 'wallpaper': None, 'taskbar_color': '#c0c0c0', 'window_title_color': '#000080'}, 'system': {'startup_sound': 'true', 'enable_sounds': 'true', 'show_clock': 'true', 'auto_hide_windows_taskbar': 'true'}}
2026-06-08 07:33:03,543 - WARNING - BIOS system file not found: bios.py
2026-06-08 07:33:03,564 - INFO - Looking for config file at: C:\Users\Jonathan\EazyOS\OS\eazyos_config.json
2026-06-08 07:33:03,568 - INFO - Config file found, loading...
2026-06-08 07:33:03,572 - INFO - Loaded configuration: {'theme': {'type': 'color', 'color': '#008080', 'wallpaper': None, 'taskbar_color': '#c0c0c0', 'window_title_color': '#000080'}, 'system': {'startup_sound': 'true', 'enable_sounds': 'true', 'show_clock': 'true', 'auto_hide_windows_taskbar': 'true'}}
2026-06-08 07:33:03,581 - INFO - Windows taskbar hidden
2026-06-08 07:33:03,585 - INFO - System settings applied: sounds=True, clock=True, auto_hide_taskbar=True
2026-06-08 07:33:03,588 - INFO - Looking for config file at: C:\Users\Jonathan\EazyOS\OS\eazyos_config.json
2026-06-08 07:33:03,591 - INFO - Config file found, loading...
2026-06-08 07:33:03,593 - INFO - Loaded configuration: {'theme': {'type': 'color', 'color': '#008080', 'wallpaper': None, 'taskbar_color': '#c0c0c0', 'window_title_color': '#000080'}, 'system': {'startup_sound': 'true', 'enable_sounds': 'true', 'show_clock': 'true', 'auto_hide_windows_taskbar': 'true'}}
2026-06-08 07:33:03,597 - INFO - Playing sound: The Microsoft Sound.wav
2026-06-08 07:33:03,599 - INFO - EazyOS Desktop initialized successfully
2026-06-08 07:33:03,711 - INFO - Loading saved theme...
2026-06-08 07:33:03,717 - INFO - Looking for config file at: C:\Users\Jonathan\EazyOS\OS\eazyos_config.json
2026-06-08 07:33:03,721 - INFO - Config file found, loading...
2026-06-08 07:33:03,724 - INFO - Loaded configuration: {'theme': {'type': 'color', 'color': '#008080', 'wallpaper': None, 'taskbar_color': '#c0c0c0', 'window_title_color': '#000080'}, 'system': {'startup_sound': 'true', 'enable_sounds': 'true', 'show_clock': 'true', 'auto_hide_windows_taskbar': 'true'}}
2026-06-08 07:33:03,731 - INFO - Applied background color: #008080
2026-06-08 07:33:03,738 - INFO - apply_from_config: type=color, taskbar=#c0c0c0, title_bar=#000080
2026-06-08 07:33:05,176 - INFO - Windows taskbar restored
2026-06-08 07:33:10,038 - INFO - Windows taskbar restored
2026-06-08 07:35:23,566 - INFO - Looking for config file at: C:\Users\Jonathan\EazyOS\OS\eazyos_config.json
2026-06-08 07:35:23,566 - INFO - Config file found, loading...
2026-06-08 07:35:23,566 - INFO - Loaded configuration: {'theme': {'type': 'color', 'color': '#008080', 'wallpaper': None, 'taskbar_color': '#c0c0c0', 'window_title_color': '#000080'}, 'system': {'startup_sound': 'true', 'enable_sounds': 'true', 'show_clock': 'true', 'auto_hide_windows_taskbar': 'true'}}
2026-06-08 07:35:23,566 - WARNING - BIOS system file not found: bios.py
2026-06-08 07:35:23,586 - INFO - Looking for config file at: C:\Users\Jonathan\EazyOS\OS\eazyos_config.json
2026-06-08 07:35:23,586 - INFO - Config file found, loading...
2026-06-08 07:35:23,586 - INFO - Loaded configuration: {'theme': {'type': 'color', 'color': '#008080', 'wallpaper': None, 'taskbar_color': '#c0c0c0', 'window_title_color': '#000080'}, 'system': {'startup_sound': 'true', 'enable_sounds': 'true', 'show_clock': 'true', 'auto_hide_windows_taskbar': 'true'}}
2026-06-08 07:35:23,587 - INFO - Windows taskbar hidden
2026-06-08 07:35:23,588 - INFO - System settings applied: sounds=True, clock=True, auto_hide_taskbar=True
2026-06-08 07:35:23,588 - INFO - Looking for config file at: C:\Users\Jonathan\EazyOS\OS\eazyos_config.json
2026-06-08 07:35:23,588 - INFO - Config file found, loading...
2026-06-08 07:35:23,588 - INFO - Loaded configuration: {'theme': {'type': 'color', 'color': '#008080', 'wallpaper': None, 'taskbar_color': '#c0c0c0', 'window_title_color': '#000080'}, 'system': {'startup_sound': 'true', 'enable_sounds': 'true', 'show_clock': 'true', 'auto_hide_windows_taskbar': 'true'}}
2026-06-08 07:35:23,590 - INFO - Playing sound: The Microsoft Sound.wav
2026-06-08 07:35:23,590 - INFO - EazyOS Desktop initialized successfully
2026-06-08 07:35:23,688 - INFO - Loading saved theme...
2026-06-08 07:35:23,688 - INFO - Looking for config file at: C:\Users\Jonathan\EazyOS\OS\eazyos_config.json
2026-06-08 07:35:23,688 - INFO - Config file found, loading...
2026-06-08 07:35:23,688 - INFO - Loaded configuration: {'theme': {'type': 'color', 'color': '#008080', 'wallpaper': None, 'taskbar_color': '#c0c0c0', 'window_title_color': '#000080'}, 'system': {'startup_sound': 'true', 'enable_sounds': 'true', 'show_clock': 'true', 'auto_hide_windows_taskbar': 'true'}}
2026-06-08 07:35:23,689 - INFO - Applied background color: #008080
2026-06-08 07:35:23,690 - INFO - apply_from_config: type=color, taskbar=#c0c0c0, title_bar=#000080
2026-06-08 07:37:43,107 - INFO - Playing sound: DING.wav
2026-06-08 07:37:44,113 - INFO - Playing sound: DING.wav
2026-06-08 07:37:44,878 - INFO - Windows taskbar restored
2026-06-08 07:37:48,535 - INFO - Windows taskbar restored
2026-06-08 07:38:33,946 - INFO - Looking for config file at: C:\Users\Jonathan\EazyOS\OS\eazyos_config.json
2026-06-08 07:38:33,946 - INFO - Config file found, loading...
2026-06-08 07:38:33,947 - INFO - Loaded configuration: {'theme': {'type': 'color', 'color': '#008080', 'wallpaper': None, 'taskbar_color': '#c0c0c0', 'window_title_color': '#000080'}, 'system': {'startup_sound': 'true', 'enable_sounds': 'true', 'show_clock': 'true', 'auto_hide_windows_taskbar': 'true'}}
2026-06-08 07:38:33,947 - WARNING - BIOS system file not found: bios.py
2026-06-08 07:38:33,966 - INFO - Looking for config file at: C:\Users\Jonathan\EazyOS\OS\eazyos_config.json
2026-06-08 07:38:33,967 - INFO - Config file found, loading...
2026-06-08 07:38:33,967 - INFO - Loaded configuration: {'theme': {'type': 'color', 'color': '#008080', 'wallpaper': None, 'taskbar_color': '#c0c0c0', 'window_title_color': '#000080'}, 'system': {'startup_sound': 'true', 'enable_sounds': 'true', 'show_clock': 'true', 'auto_hide_windows_taskbar': 'true'}}
2026-06-08 07:38:33,969 - INFO - Windows taskbar hidden
2026-06-08 07:38:33,969 - INFO - System settings applied: sounds=True, clock=True, auto_hide_taskbar=True
2026-06-08 07:38:33,969 - INFO - Looking for config file at: C:\Users\Jonathan\EazyOS\OS\eazyos_config.json
2026-06-08 07:38:33,970 - INFO - Config file found, loading...
2026-06-08 07:38:33,970 - INFO - Loaded configuration: {'theme': {'type': 'color', 'color': '#008080', 'wallpaper': None, 'taskbar_color': '#c0c0c0', 'window_title_color': '#000080'}, 'system': {'startup_sound': 'true', 'enable_sounds': 'true', 'show_clock': 'true', 'auto_hide_windows_taskbar': 'true'}}
2026-06-08 07:38:33,973 - INFO - Playing sound: The Microsoft Sound.wav
2026-06-08 07:38:33,973 - INFO - EazyOS Desktop initialized successfully
2026-06-08 07:38:34,072 - INFO - Loading saved theme...
2026-06-08 07:38:34,073 - INFO - Looking for config file at: C:\Users\Jonathan\EazyOS\OS\eazyos_config.json
2026-06-08 07:38:34,073 - INFO - Config file found, loading...
2026-06-08 07:38:34,073 - INFO - Loaded configuration: {'theme': {'type': 'color', 'color': '#008080', 'wallpaper': None, 'taskbar_color': '#c0c0c0', 'window_title_color': '#000080'}, 'system': {'startup_sound': 'true', 'enable_sounds': 'true', 'show_clock': 'true', 'auto_hide_windows_taskbar': 'true'}}
2026-06-08 07:38:34,074 - INFO - Applied background color: #008080
2026-06-08 07:38:34,074 - INFO - apply_from_config: type=color, taskbar=#c0c0c0, title_bar=#000080
2026-06-08 07:41:22,522 - INFO - Windows taskbar restored
2026-06-08 07:43:58,581 - INFO - Looking for config file at: C:\Users\Jonathan\EazyOS\OS\eazyos_config.json
2026-06-08 07:43:58,582 - INFO - Config file found, loading...
2026-06-08 07:43:58,582 - INFO - Loaded configuration: {'theme': {'type': 'color', 'color': '#008080', 'wallpaper': None, 'taskbar_color': '#c0c0c0', 'window_title_color': '#000080'}, 'system': {'startup_sound': 'true', 'enable_sounds': 'true', 'show_clock': 'true', 'auto_hide_windows_taskbar': 'true'}}
2026-06-08 07:43:58,582 - WARNING - BIOS system file not found: bios.py
2026-06-08 07:43:58,602 - INFO - Looking for config file at: C:\Users\Jonathan\EazyOS\OS\eazyos_config.json
2026-06-08 07:43:58,603 - INFO - Config file found, loading...
2026-06-08 07:43:58,603 - INFO - Loaded configuration: {'theme': {'type': 'color', 'color': '#008080', 'wallpaper': None, 'taskbar_color': '#c0c0c0', 'window_title_color': '#000080'}, 'system': {'startup_sound': 'true', 'enable_sounds': 'true', 'show_clock': 'true', 'auto_hide_windows_taskbar': 'true'}}
2026-06-08 07:43:58,605 - INFO - Windows taskbar hidden
2026-06-08 07:43:58,605 - INFO - System settings applied: sounds=True, clock=True, auto_hide_taskbar=True
2026-06-08 07:43:58,605 - INFO - Looking for config file at: C:\Users\Jonathan\EazyOS\OS\eazyos_config.json
2026-06-08 07:43:58,605 - INFO - Config file found, loading...
2026-06-08 07:43:58,605 - INFO - Loaded configuration: {'theme': {'type': 'color', 'color': '#008080', 'wallpaper': None, 'taskbar_color': '#c0c0c0', 'window_title_color': '#000080'}, 'system': {'startup_sound': 'true', 'enable_sounds': 'true', 'show_clock': 'true', 'auto_hide_windows_taskbar': 'true'}}
2026-06-08 07:43:58,607 - INFO - Playing sound: The Microsoft Sound.wav
2026-06-08 07:43:58,607 - INFO - EazyOS Desktop initialized successfully
2026-06-08 07:43:58,708 - INFO - Loading saved theme...
2026-06-08 07:43:58,708 - INFO - Looking for config file at: C:\Users\Jonathan\EazyOS\OS\eazyos_config.json
2026-06-08 07:43:58,708 - INFO - Config file found, loading...
2026-06-08 07:43:58,708 - INFO - Loaded configuration: {'theme': {'type': 'color', 'color': '#008080', 'wallpaper': None, 'taskbar_color': '#c0c0c0', 'window_title_color': '#000080'}, 'system': {'startup_sound': 'true', 'enable_sounds': 'true', 'show_clock': 'true', 'auto_hide_windows_taskbar': 'true'}}
2026-06-08 07:43:58,709 - INFO - Applied background color: #008080
2026-06-08 07:43:58,709 - INFO - apply_from_config: type=color, taskbar=#c0c0c0, title_bar=#000080
2026-06-08 07:50:44,225 - INFO - Looking for config file at: C:\Users\Jonathan\EazyOS\OS\eazyos_config.json
2026-06-08 07:50:44,225 - INFO - Config file found, loading...
2026-06-08 07:50:44,225 - INFO - Loaded configuration: {'theme': {'type': 'color', 'color': '#008080', 'wallpaper': None, 'taskbar_color': '#c0c0c0', 'window_title_color': '#000080'}, 'system': {'startup_sound': 'true', 'enable_sounds': 'true', 'show_clock': 'true', 'auto_hide_windows_taskbar': 'true'}}
2026-06-08 07:50:44,226 - WARNING - BIOS system file not found: bios.py
2026-06-08 07:50:44,247 - INFO - Looking for config file at: C:\Users\Jonathan\EazyOS\OS\eazyos_config.json
2026-06-08 07:50:44,247 - INFO - Config file found, loading...
2026-06-08 07:50:44,248 - INFO - Loaded configuration: {'theme': {'type': 'color', 'color': '#008080', 'wallpaper': None, 'taskbar_color': '#c0c0c0', 'window_title_color': '#000080'}, 'system': {'startup_sound': 'true', 'enable_sounds': 'true', 'show_clock': 'true', 'auto_hide_windows_taskbar': 'true'}}
2026-06-08 07:50:44,249 - INFO - Windows taskbar hidden
2026-06-08 07:50:44,250 - INFO - System settings applied: sounds=True, clock=True, auto_hide_taskbar=True
2026-06-08 07:50:44,250 - INFO - Looking for config file at: C:\Users\Jonathan\EazyOS\OS\eazyos_config.json
2026-06-08 07:50:44,250 - INFO - Config file found, loading...
2026-06-08 07:50:44,250 - INFO - Loaded configuration: {'theme': {'type': 'color', 'color': '#008080', 'wallpaper': None, 'taskbar_color': '#c0c0c0', 'window_title_color': '#000080'}, 'system': {'startup_sound': 'true', 'enable_sounds': 'true', 'show_clock': 'true', 'auto_hide_windows_taskbar': 'true'}}
2026-06-08 07:50:44,254 - INFO - Playing sound: The Microsoft Sound.wav
2026-06-08 07:50:44,254 - INFO - EazyOS Desktop initialized successfully
2026-06-08 07:50:44,369 - INFO - Loading saved theme...
2026-06-08 07:50:44,369 - INFO - Looking for config file at: C:\Users\Jonathan\EazyOS\OS\eazyos_config.json
2026-06-08 07:50:44,369 - INFO - Config file found, loading...
2026-06-08 07:50:44,370 - INFO - Loaded configuration: {'theme': {'type': 'color', 'color': '#008080', 'wallpaper': None, 'taskbar_color': '#c0c0c0', 'window_title_color': '#000080'}, 'system': {'startup_sound': 'true', 'enable_sounds': 'true', 'show_clock': 'true', 'auto_hide_windows_taskbar': 'true'}}
2026-06-08 07:50:44,370 - INFO - Applied background color: #008080
2026-06-08 07:50:44,371 - INFO - apply_from_config: type=color, taskbar=#c0c0c0, title_bar=#000080
2026-06-08 07:51:10,862 - INFO - Windows taskbar restored
2026-06-08 07:56:08,477 - INFO - Windows taskbar restored
2026-06-08 17:24:44,667 - INFO - Looking for config file at: C:\Users\Jonathan\EazyOS\OS\eazyos_config.json
2026-06-08 17:24:44,668 - INFO - Config file found, loading...
2026-06-08 17:24:44,668 - INFO - Loaded configuration: {'theme': {'type': 'color', 'color': '#008080', 'wallpaper': None, 'taskbar_color': '#c0c0c0', 'window_title_color': '#000080'}, 'system': {'startup_sound': 'true', 'enable_sounds': 'true', 'show_clock': 'true', 'auto_hide_windows_taskbar': 'true'}}
2026-06-08 17:24:44,668 - WARNING - BIOS system file not found: bios.py
2026-06-08 17:24:44,688 - INFO - Looking for config file at: C:\Users\Jonathan\EazyOS\OS\eazyos_config.json
2026-06-08 17:24:44,688 - INFO - Config file found, loading...
2026-06-08 17:24:44,689 - INFO - Loaded configuration: {'theme': {'type': 'color', 'color': '#008080', 'wallpaper': None, 'taskbar_color': '#c0c0c0', 'window_title_color': '#000080'}, 'system': {'startup_sound': 'true', 'enable_sounds': 'true', 'show_clock': 'true', 'auto_hide_windows_taskbar': 'true'}}
2026-06-08 17:24:44,690 - INFO - Windows taskbar hidden
2026-06-08 17:24:44,690 - INFO - System settings applied: sounds=True, clock=True, auto_hide_taskbar=True
2026-06-08 17:24:44,690 - INFO - Looking for config file at: C:\Users\Jonathan\EazyOS\OS\eazyos_config.json
2026-06-08 17:24:44,691 - INFO - Config file found, loading...
2026-06-08 17:24:44,691 - INFO - Loaded configuration: {'theme': {'type': 'color', 'color': '#008080', 'wallpaper': None, 'taskbar_color': '#c0c0c0', 'window_title_color': '#000080'}, 'system': {'startup_sound': 'true', 'enable_sounds': 'true', 'show_clock': 'true', 'auto_hide_windows_taskbar': 'true'}}
2026-06-08 17:24:44,693 - INFO - Playing sound: The Microsoft Sound.wav
2026-06-08 17:24:44,693 - INFO - EazyOS Desktop initialized successfully
2026-06-08 17:24:44,790 - INFO - Loading saved theme...
2026-06-08 17:24:44,790 - INFO - Looking for config file at: C:\Users\Jonathan\EazyOS\OS\eazyos_config.json
2026-06-08 17:24:44,790 - INFO - Config file found, loading...
2026-06-08 17:24:44,791 - INFO - Loaded configuration: {'theme': {'type': 'color', 'color': '#008080', 'wallpaper': None, 'taskbar_color': '#c0c0c0', 'window_title_color': '#000080'}, 'system': {'startup_sound': 'true', 'enable_sounds': 'true', 'show_clock': 'true', 'auto_hide_windows_taskbar': 'true'}}
2026-06-08 17:24:44,791 - INFO - Applied background color: #008080
2026-06-08 17:24:44,791 - INFO - apply_from_config: type=color, taskbar=#c0c0c0, title_bar=#000080
2026-06-08 17:24:50,516 - INFO - Windows taskbar restored
2026-06-08 17:25:00,830 - INFO - Looking for config file at: C:\Users\Jonathan\EazyOS\OS\eazyos_config.json
2026-06-08 17:25:00,830 - INFO - Config file found, loading...
2026-06-08 17:25:00,830 - INFO - Loaded configuration: {'theme': {'type': 'color', 'color': '#008080', 'wallpaper': None, 'taskbar_color': '#c0c0c0', 'window_title_color': '#000080'}, 'system': {'startup_sound': 'true', 'enable_sounds': 'true', 'show_clock': 'true', 'auto_hide_windows_taskbar': 'true'}}
2026-06-08 17:25:00,831 - WARNING - BIOS system file not found: bios.py
2026-06-08 17:25:00,850 - INFO - Looking for config file at: C:\Users\Jonathan\EazyOS\OS\eazyos_config.json
2026-06-08 17:25:00,851 - INFO - Config file found, loading...
2026-06-08 17:25:00,851 - INFO - Loaded configuration: {'theme': {'type': 'color', 'color': '#008080', 'wallpaper': None, 'taskbar_color': '#c0c0c0', 'window_title_color': '#000080'}, 'system': {'startup_sound': 'true', 'enable_sounds': 'true', 'show_clock': 'true', 'auto_hide_windows_taskbar': 'true'}}
2026-06-08 17:25:00,852 - INFO - Windows taskbar hidden
2026-06-08 17:25:00,852 - INFO - System settings applied: sounds=True, clock=True, auto_hide_taskbar=True
2026-06-08 17:25:00,853 - INFO - Looking for config file at: C:\Users\Jonathan\EazyOS\OS\eazyos_config.json
2026-06-08 17:25:00,853 - INFO - Config file found, loading...
2026-06-08 17:25:00,853 - INFO - Loaded configuration: {'theme': {'type': 'color', 'color': '#008080', 'wallpaper': None, 'taskbar_color': '#c0c0c0', 'window_title_color': '#000080'}, 'system': {'startup_sound': 'true', 'enable_sounds': 'true', 'show_clock': 'true', 'auto_hide_windows_taskbar': 'true'}}
2026-06-08 17:25:00,855 - INFO - Playing sound: The Microsoft Sound.wav
2026-06-08 17:25:00,855 - INFO - EazyOS Desktop initialized successfully
2026-06-08 17:25:00,950 - INFO - Loading saved theme...
2026-06-08 17:25:00,951 - INFO - Looking for config file at: C:\Users\Jonathan\EazyOS\OS\eazyos_config.json
2026-06-08 17:25:00,951 - INFO - Config file found, loading...
2026-06-08 17:25:00,951 - INFO - Loaded configuration: {'theme': {'type': 'color', 'color': '#008080', 'wallpaper': None, 'taskbar_color': '#c0c0c0', 'window_title_color': '#000080'}, 'system': {'startup_sound': 'true', 'enable_sounds': 'true', 'show_clock': 'true', 'auto_hide_windows_taskbar': 'true'}}
2026-06-08 17:25:00,952 - INFO - Applied background color: #008080
2026-06-08 17:25:00,953 - INFO - apply_from_config: type=color, taskbar=#c0c0c0, title_bar=#000080
2026-06-08 17:25:16,302 - INFO - Windows taskbar restored
2026-06-08 17:34:34,903 - INFO - Looking for config file at: C:\Users\Jonathan\EazyOS\OS\eazyos_config.json
2026-06-08 17:34:34,904 - INFO - Config file found, loading...
2026-06-08 17:34:34,904 - INFO - Loaded configuration: {'theme': {'type': 'color', 'color': '#008080', 'wallpaper': None, 'taskbar_color': '#c0c0c0', 'window_title_color': '#000080'}, 'system': {'startup_sound': 'true', 'enable_sounds': 'true', 'show_clock': 'true', 'auto_hide_windows_taskbar': 'true'}}
2026-06-08 17:34:34,904 - WARNING - BIOS system file not found: bios.py
2026-06-08 17:34:34,923 - INFO - Looking for config file at: C:\Users\Jonathan\EazyOS\OS\eazyos_config.json
2026-06-08 17:34:34,923 - INFO - Config file found, loading...
2026-06-08 17:34:34,923 - INFO - Loaded configuration: {'theme': {'type': 'color', 'color': '#008080', 'wallpaper': None, 'taskbar_color': '#c0c0c0', 'window_title_color': '#000080'}, 'system': {'startup_sound': 'true', 'enable_sounds': 'true', 'show_clock': 'true', 'auto_hide_windows_taskbar': 'true'}}
2026-06-08 17:34:34,925 - INFO - Windows taskbar hidden
2026-06-08 17:34:34,925 - INFO - System settings applied: sounds=True, clock=True, auto_hide_taskbar=True
2026-06-08 17:34:34,925 - INFO - Looking for config file at: C:\Users\Jonathan\EazyOS\OS\eazyos_config.json
2026-06-08 17:34:34,925 - INFO - Config file found, loading...
2026-06-08 17:34:34,926 - INFO - Loaded configuration: {'theme': {'type': 'color', 'color': '#008080', 'wallpaper': None, 'taskbar_color': '#c0c0c0', 'window_title_color': '#000080'}, 'system': {'startup_sound': 'true', 'enable_sounds': 'true', 'show_clock': 'true', 'auto_hide_windows_taskbar': 'true'}}
2026-06-08 17:34:34,927 - INFO - Playing sound: The Microsoft Sound.wav
2026-06-08 17:34:34,928 - INFO - EazyOS Desktop initialized successfully
2026-06-08 17:34:35,024 - INFO - Loading saved theme...
2026-06-08 17:34:35,024 - INFO - Looking for config file at: C:\Users\Jonathan\EazyOS\OS\eazyos_config.json
2026-06-08 17:34:35,024 - INFO - Config file found, loading...
2026-06-08 17:34:35,025 - INFO - Loaded configuration: {'theme': {'type': 'color', 'color': '#008080', 'wallpaper': None, 'taskbar_color': '#c0c0c0', 'window_title_color': '#000080'}, 'system': {'startup_sound': 'true', 'enable_sounds': 'true', 'show_clock': 'true', 'auto_hide_windows_taskbar': 'true'}}
2026-06-08 17:34:35,026 - INFO - Applied background color: #008080
2026-06-08 17:34:35,026 - INFO - apply_from_config: type=color, taskbar=#c0c0c0, title_bar=#000080
2026-06-08 17:34:56,836 - INFO - Windows taskbar restored
2026-06-08 17:44:22,478 - INFO - Looking for config file at: C:\Users\Jonathan\EazyOS\OS\eazyos_config.json
2026-06-08 17:44:22,479 - INFO - Config file found, loading...
2026-06-08 17:44:22,479 - INFO - Loaded configuration: {'theme': {'type': 'color', 'color': '#008080', 'wallpaper': None, 'taskbar_color': '#c0c0c0', 'window_title_color': '#000080'}, 'system': {'startup_sound': 'true', 'enable_sounds': 'true', 'show_clock': 'true', 'auto_hide_windows_taskbar': 'true'}}
2026-06-08 17:44:22,479 - WARNING - BIOS system file not found: bios.py
2026-06-08 17:44:22,500 - INFO - Looking for config file at: C:\Users\Jonathan\EazyOS\OS\eazyos_config.json
2026-06-08 17:44:22,500 - INFO - Config file found, loading...
2026-06-08 17:44:22,500 - INFO - Loaded configuration: {'theme': {'type': 'color', 'color': '#008080', 'wallpaper': None, 'taskbar_color': '#c0c0c0', 'window_title_color': '#000080'}, 'system': {'startup_sound': 'true', 'enable_sounds': 'true', 'show_clock': 'true', 'auto_hide_windows_taskbar': 'true'}}
2026-06-08 17:44:22,502 - INFO - Windows taskbar hidden
2026-06-08 17:44:22,502 - INFO - System settings applied: sounds=True, clock=True, auto_hide_taskbar=True
2026-06-08 17:44:22,502 - INFO - Looking for config file at: C:\Users\Jonathan\EazyOS\OS\eazyos_config.json
2026-06-08 17:44:22,502 - INFO - Config file found, loading...
2026-06-08 17:44:22,503 - INFO - Loaded configuration: {'theme': {'type': 'color', 'color': '#008080', 'wallpaper': None, 'taskbar_color': '#c0c0c0', 'window_title_color': '#000080'}, 'system': {'startup_sound': 'true', 'enable_sounds': 'true', 'show_clock': 'true', 'auto_hide_windows_taskbar': 'true'}}
2026-06-08 17:44:22,504 - INFO - Playing sound: The Microsoft Sound.wav
2026-06-08 17:44:22,505 - INFO - EazyOS Desktop initialized successfully
2026-06-08 17:44:22,602 - INFO - Loading saved theme...
2026-06-08 17:44:22,603 - INFO - Looking for config file at: C:\Users\Jonathan\EazyOS\OS\eazyos_config.json
2026-06-08 17:44:22,603 - INFO - Config file found, loading...
2026-06-08 17:44:22,603 - INFO - Loaded configuration: {'theme': {'type': 'color', 'color': '#008080', 'wallpaper': None, 'taskbar_color': '#c0c0c0', 'window_title_color': '#000080'}, 'system': {'startup_sound': 'true', 'enable_sounds': 'true', 'show_clock': 'true', 'auto_hide_windows_taskbar': 'true'}}
2026-06-08 17:44:22,604 - INFO - Applied background color: #008080
2026-06-08 17:44:22,604 - INFO - apply_from_config: type=color, taskbar=#c0c0c0, title_bar=#000080
2026-06-08 17:44:23,268 - INFO - Windows taskbar restored
2026-06-08 17:49:23,643 - INFO - Looking for config file at: C:\Users\Jonathan\EazyOS\OS\eazyos_config.json
2026-06-08 17:49:23,644 - INFO - Config file found, loading...
2026-06-08 17:49:23,644 - INFO - Loaded configuration: {'theme': {'type': 'color', 'color': '#008080', 'wallpaper': None, 'taskbar_color': '#c0c0c0', 'window_title_color': '#000080'}, 'system': {'startup_sound': 'true', 'enable_sounds': 'true', 'show_clock': 'true', 'auto_hide_windows_taskbar': 'true'}}
2026-06-08 17:49:23,644 - WARNING - BIOS system file not found: bios.py
2026-06-08 17:49:23,665 - INFO - Looking for config file at: C:\Users\Jonathan\EazyOS\OS\eazyos_config.json
2026-06-08 17:49:23,665 - INFO - Config file found, loading...
2026-06-08 17:49:23,665 - INFO - Loaded configuration: {'theme': {'type': 'color', 'color': '#008080', 'wallpaper': None, 'taskbar_color': '#c0c0c0', 'window_title_color': '#000080'}, 'system': {'startup_sound': 'true', 'enable_sounds': 'true', 'show_clock': 'true', 'auto_hide_windows_taskbar': 'true'}}
2026-06-08 17:49:23,667 - INFO - Windows taskbar hidden
2026-06-08 17:49:23,667 - INFO - System settings applied: sounds=True, clock=True, auto_hide_taskbar=True
2026-06-08 17:49:23,667 - INFO - Looking for config file at: C:\Users\Jonathan\EazyOS\OS\eazyos_config.json
2026-06-08 17:49:23,668 - INFO - Config file found, loading...
2026-06-08 17:49:23,668 - INFO - Loaded configuration: {'theme': {'type': 'color', 'color': '#008080', 'wallpaper': None, 'taskbar_color': '#c0c0c0', 'window_title_color': '#000080'}, 'system': {'startup_sound': 'true', 'enable_sounds': 'true', 'show_clock': 'true', 'auto_hide_windows_taskbar': 'true'}}
2026-06-08 17:49:23,671 - INFO - Playing sound: The Microsoft Sound.wav
2026-06-08 17:49:23,671 - INFO - EazyOS Desktop initialized successfully
2026-06-08 17:49:23,773 - INFO - Loading saved theme...
2026-06-08 17:49:23,773 - INFO - Looking for config file at: C:\Users\Jonathan\EazyOS\OS\eazyos_config.json
2026-06-08 17:49:23,774 - INFO - Config file found, loading...
2026-06-08 17:49:23,774 - INFO - Loaded configuration: {'theme': {'type': 'color', 'color': '#008080', 'wallpaper': None, 'taskbar_color': '#c0c0c0', 'window_title_color': '#000080'}, 'system': {'startup_sound': 'true', 'enable_sounds': 'true', 'show_clock': 'true', 'auto_hide_windows_taskbar': 'true'}}
2026-06-08 17:49:23,774 - INFO - Applied background color: #008080
2026-06-08 17:49:23,775 - INFO - apply_from_config: type=color, taskbar=#c0c0c0, title_bar=#000080
2026-06-08 17:49:25,394 - INFO - Windows taskbar restored
2026-06-08 17:50:32,213 - INFO - Looking for config file at: C:\Users\Jonathan\EazyOS\OS\boot\safemode\OS\eazyos_config.json
2026-06-08 17:50:32,214 - INFO - Config file found, loading...
2026-06-08 17:50:32,215 - INFO - Loaded configuration: {'theme': {'type': 'color', 'color': '#000000', 'wallpaper': None, 'taskbar_color': '#c0c0c0', 'window_title_color': '#000080'}, 'system': {'startup_sound': 'false', 'enable_sounds': 'false', 'show_clock': 'true', 'auto_hide_windows_taskbar': 'true'}}
2026-06-08 17:50:32,215 - WARNING - BIOS system file not found: bios.py
2026-06-08 17:50:32,252 - INFO - Looking for config file at: C:\Users\Jonathan\EazyOS\OS\boot\safemode\OS\eazyos_config.json
2026-06-08 17:50:32,253 - INFO - Config file found, loading...
2026-06-08 17:50:32,253 - INFO - Loaded configuration: {'theme': {'type': 'color', 'color': '#000000', 'wallpaper': None, 'taskbar_color': '#c0c0c0', 'window_title_color': '#000080'}, 'system': {'startup_sound': 'false', 'enable_sounds': 'false', 'show_clock': 'true', 'auto_hide_windows_taskbar': 'true'}}
2026-06-08 17:50:32,268 - INFO - Windows taskbar hidden
2026-06-08 17:50:32,269 - INFO - System settings applied: sounds=False, clock=True, auto_hide_taskbar=True
2026-06-08 17:50:32,269 - INFO - Looking for config file at: C:\Users\Jonathan\EazyOS\OS\boot\safemode\OS\eazyos_config.json
2026-06-08 17:50:32,270 - INFO - Config file found, loading...
2026-06-08 17:50:32,270 - INFO - Loaded configuration: {'theme': {'type': 'color', 'color': '#000000', 'wallpaper': None, 'taskbar_color': '#c0c0c0', 'window_title_color': '#000080'}, 'system': {'startup_sound': 'false', 'enable_sounds': 'false', 'show_clock': 'true', 'auto_hide_windows_taskbar': 'true'}}
2026-06-08 17:50:32,270 - INFO - EazyOS Desktop initialized successfully
2026-06-08 17:50:32,384 - INFO - Loading saved theme...
2026-06-08 17:50:32,384 - INFO - Looking for config file at: C:\Users\Jonathan\EazyOS\OS\boot\safemode\OS\eazyos_config.json
2026-06-08 17:50:32,384 - INFO - Config file found, loading...
2026-06-08 17:50:32,384 - INFO - Loaded configuration: {'theme': {'type': 'color', 'color': '#000000', 'wallpaper': None, 'taskbar_color': '#c0c0c0', 'window_title_color': '#000080'}, 'system': {'startup_sound': 'false', 'enable_sounds': 'false', 'show_clock': 'true', 'auto_hide_windows_taskbar': 'true'}}
2026-06-08 17:50:32,385 - INFO - Applied background color: #000000
2026-06-08 17:50:32,385 - INFO - apply_from_config: type=color, taskbar=#c0c0c0, title_bar=#000080
2026-06-08 17:50:58,797 - INFO - Windows taskbar restored
2026-06-08 19:45:34,013 - INFO - Looking for config file at: C:\Users\Jonathan\EazyOS\OS\eazyos_config.json
2026-06-08 19:45:34,013 - INFO - Config file found, loading...
2026-06-08 19:45:34,013 - INFO - Loaded configuration: {'theme': {'type': 'color', 'color': '#008080', 'wallpaper': None, 'taskbar_color': '#c0c0c0', 'window_title_color': '#000080'}, 'system': {'startup_sound': 'true', 'enable_sounds': 'true', 'show_clock': 'true', 'auto_hide_windows_taskbar': 'true'}}
2026-06-08 19:45:34,014 - WARNING - BIOS system file not found: bios.py
2026-06-08 19:45:34,033 - INFO - Looking for config file at: C:\Users\Jonathan\EazyOS\OS\eazyos_config.json
2026-06-08 19:45:34,033 - INFO - Config file found, loading...
2026-06-08 19:45:34,034 - INFO - Loaded configuration: {'theme': {'type': 'color', 'color': '#008080', 'wallpaper': None, 'taskbar_color': '#c0c0c0', 'window_title_color': '#000080'}, 'system': {'startup_sound': 'true', 'enable_sounds': 'true', 'show_clock': 'true', 'auto_hide_windows_taskbar': 'true'}}
2026-06-08 19:45:34,035 - INFO - Windows taskbar hidden
2026-06-08 19:45:34,035 - INFO - System settings applied: sounds=True, clock=True, auto_hide_taskbar=True
2026-06-08 19:45:34,035 - INFO - Looking for config file at: C:\Users\Jonathan\EazyOS\OS\eazyos_config.json
2026-06-08 19:45:34,036 - INFO - Config file found, loading...
2026-06-08 19:45:34,036 - INFO - Loaded configuration: {'theme': {'type': 'color', 'color': '#008080', 'wallpaper': None, 'taskbar_color': '#c0c0c0', 'window_title_color': '#000080'}, 'system': {'startup_sound': 'true', 'enable_sounds': 'true', 'show_clock': 'true', 'auto_hide_windows_taskbar': 'true'}}
2026-06-08 19:45:34,038 - INFO - Playing sound: The Microsoft Sound.wav
2026-06-08 19:45:34,038 - INFO - EazyOS Desktop initialized successfully
2026-06-08 19:45:34,142 - INFO - Loading saved theme...
2026-06-08 19:45:34,142 - INFO - Looking for config file at: C:\Users\Jonathan\EazyOS\OS\eazyos_config.json
2026-06-08 19:45:34,143 - INFO - Config file found, loading...
2026-06-08 19:45:34,143 - INFO - Loaded configuration: {'theme': {'type': 'color', 'color': '#008080', 'wallpaper': None, 'taskbar_color': '#c0c0c0', 'window_title_color': '#000080'}, 'system': {'startup_sound': 'true', 'enable_sounds': 'true', 'show_clock': 'true', 'auto_hide_windows_taskbar': 'true'}}
2026-06-08 19:45:34,143 - INFO - Applied background color: #008080
2026-06-08 19:45:34,144 - INFO - apply_from_config: type=color, taskbar=#c0c0c0, title_bar=#000080
2026-06-08 19:45:46,756 - INFO - Windows taskbar restored
2026-06-08 21:26:33,346 - INFO - Looking for config file at: C:\Users\Jonathan\EazyOS\OS\eazyos_config.json
2026-06-08 21:26:33,346 - INFO - Config file found, loading...
2026-06-08 21:26:33,347 - INFO - Loaded configuration: {'theme': {'type': 'color', 'color': '#008080', 'wallpaper': None, 'taskbar_color': '#c0c0c0', 'window_title_color': '#000080'}, 'system': {'startup_sound': 'true', 'enable_sounds': 'true', 'show_clock': 'true', 'auto_hide_windows_taskbar': 'true'}}
2026-06-08 21:26:33,347 - WARNING - BIOS system file not found: bios.py
2026-06-08 21:26:33,369 - INFO - Looking for config file at: C:\Users\Jonathan\EazyOS\OS\eazyos_config.json
2026-06-08 21:26:33,369 - INFO - Config file found, loading...
2026-06-08 21:26:33,369 - INFO - Loaded configuration: {'theme': {'type': 'color', 'color': '#008080', 'wallpaper': None, 'taskbar_color': '#c0c0c0', 'window_title_color': '#000080'}, 'system': {'startup_sound': 'true', 'enable_sounds': 'true', 'show_clock': 'true', 'auto_hide_windows_taskbar': 'true'}}
2026-06-08 21:26:33,371 - INFO - Windows taskbar hidden
2026-06-08 21:26:33,371 - INFO - System settings applied: sounds=True, clock=True, auto_hide_taskbar=True
2026-06-08 21:26:33,371 - INFO - Looking for config file at: C:\Users\Jonathan\EazyOS\OS\eazyos_config.json
2026-06-08 21:26:33,371 - INFO - Config file found, loading...
2026-06-08 21:26:33,372 - INFO - Loaded configuration: {'theme': {'type': 'color', 'color': '#008080', 'wallpaper': None, 'taskbar_color': '#c0c0c0', 'window_title_color': '#000080'}, 'system': {'startup_sound': 'true', 'enable_sounds': 'true', 'show_clock': 'true', 'auto_hide_windows_taskbar': 'true'}}
2026-06-08 21:26:33,373 - INFO - Playing sound: The Microsoft Sound.wav
2026-06-08 21:26:33,374 - INFO - EazyOS Desktop initialized successfully
2026-06-08 21:26:33,470 - INFO - Loading saved theme...
2026-06-08 21:26:33,471 - INFO - Looking for config file at: C:\Users\Jonathan\EazyOS\OS\eazyos_config.json
2026-06-08 21:26:33,471 - INFO - Config file found, loading...
2026-06-08 21:26:33,471 - INFO - Loaded configuration: {'theme': {'type': 'color', 'color': '#008080', 'wallpaper': None, 'taskbar_color': '#c0c0c0', 'window_title_color': '#000080'}, 'system': {'startup_sound': 'true', 'enable_sounds': 'true', 'show_clock': 'true', 'auto_hide_windows_taskbar': 'true'}}
2026-06-08 21:26:33,472 - INFO - Applied background color: #008080
2026-06-08 21:26:33,473 - INFO - apply_from_config: type=color, taskbar=#c0c0c0, title_bar=#000080
2026-06-08 21:26:42,777 - INFO - Windows taskbar restored
2026-06-09 07:13:11,545 - INFO - Looking for config file at: C:\Users\Jonathan\EazyOS\OS\eazyos_config.json
2026-06-09 07:13:11,545 - INFO - Config file found, loading...
2026-06-09 07:13:11,546 - INFO - Loaded configuration: {'theme': {'type': 'color', 'color': '#008080', 'wallpaper': None, 'taskbar_color': '#c0c0c0', 'window_title_color': '#000080'}, 'system': {'startup_sound': 'true', 'enable_sounds': 'true', 'show_clock': 'true', 'auto_hide_windows_taskbar': 'true'}}
2026-06-09 07:13:11,546 - WARNING - BIOS system file not found: bios.py
2026-06-09 07:13:11,568 - INFO - Looking for config file at: C:\Users\Jonathan\EazyOS\OS\eazyos_config.json
2026-06-09 07:13:11,568 - INFO - Config file found, loading...
2026-06-09 07:13:11,568 - INFO - Loaded configuration: {'theme': {'type': 'color', 'color': '#008080', 'wallpaper': None, 'taskbar_color': '#c0c0c0', 'window_title_color': '#000080'}, 'system': {'startup_sound': 'true', 'enable_sounds': 'true', 'show_clock': 'true', 'auto_hide_windows_taskbar': 'true'}}
2026-06-09 07:13:11,570 - INFO - Windows taskbar hidden
2026-06-09 07:13:11,570 - INFO - System settings applied: sounds=True, clock=True, auto_hide_taskbar=True
2026-06-09 07:13:11,570 - INFO - Looking for config file at: C:\Users\Jonathan\EazyOS\OS\eazyos_config.json
2026-06-09 07:13:11,570 - INFO - Config file found, loading...
2026-06-09 07:13:11,571 - INFO - Loaded configuration: {'theme': {'type': 'color', 'color': '#008080', 'wallpaper': None, 'taskbar_color': '#c0c0c0', 'window_title_color': '#000080'}, 'system': {'startup_sound': 'true', 'enable_sounds': 'true', 'show_clock': 'true', 'auto_hide_windows_taskbar': 'true'}}
2026-06-09 07:13:11,572 - INFO - Playing sound: The Microsoft Sound.wav
2026-06-09 07:13:11,573 - INFO - EazyOS Desktop initialized successfully
2026-06-09 07:13:11,668 - INFO - Loading saved theme...
2026-06-09 07:13:11,668 - INFO - Looking for config file at: C:\Users\Jonathan\EazyOS\OS\eazyos_config.json
2026-06-09 07:13:11,669 - INFO - Config file found, loading...
2026-06-09 07:13:11,669 - INFO - Loaded configuration: {'theme': {'type': 'color', 'color': '#008080', 'wallpaper': None, 'taskbar_color': '#c0c0c0', 'window_title_color': '#000080'}, 'system': {'startup_sound': 'true', 'enable_sounds': 'true', 'show_clock': 'true', 'auto_hide_windows_taskbar': 'true'}}
2026-06-09 07:13:11,670 - INFO - Applied background color: #008080
2026-06-09 07:13:11,671 - INFO - apply_from_config: type=color, taskbar=#c0c0c0, title_bar=#000080
2026-06-09 07:13:34,696 - INFO - Windows taskbar restored
2026-06-09 07:35:18,865 - INFO - Looking for config file at: C:\Users\Jonathan\EazyOS\OS\eazyos_config.json
2026-06-09 07:35:18,866 - INFO - Config file found, loading...
2026-06-09 07:35:18,866 - INFO - Loaded configuration: {'theme': {'type': 'color', 'color': '#008080', 'wallpaper': None, 'taskbar_color': '#c0c0c0', 'window_title_color': '#000080'}, 'system': {'startup_sound': 'true', 'enable_sounds': 'true', 'show_clock': 'true', 'auto_hide_windows_taskbar': 'true'}}
2026-06-09 07:35:18,866 - WARNING - BIOS system file not found: bios.py
2026-06-09 07:35:18,885 - INFO - Looking for config file at: C:\Users\Jonathan\EazyOS\OS\eazyos_config.json
2026-06-09 07:35:18,885 - INFO - Config file found, loading...
2026-06-09 07:35:18,886 - INFO - Loaded configuration: {'theme': {'type': 'color', 'color': '#008080', 'wallpaper': None, 'taskbar_color': '#c0c0c0', 'window_title_color': '#000080'}, 'system': {'startup_sound': 'true', 'enable_sounds': 'true', 'show_clock': 'true', 'auto_hide_windows_taskbar': 'true'}}
2026-06-09 07:35:18,887 - INFO - Windows taskbar hidden
2026-06-09 07:35:18,887 - INFO - System settings applied: sounds=True, clock=True, auto_hide_taskbar=True
2026-06-09 07:35:18,887 - INFO - Looking for config file at: C:\Users\Jonathan\EazyOS\OS\eazyos_config.json
2026-06-09 07:35:18,888 - INFO - Config file found, loading...
2026-06-09 07:35:18,888 - INFO - Loaded configuration: {'theme': {'type': 'color', 'color': '#008080', 'wallpaper': None, 'taskbar_color': '#c0c0c0', 'window_title_color': '#000080'}, 'system': {'startup_sound': 'true', 'enable_sounds': 'true', 'show_clock': 'true', 'auto_hide_windows_taskbar': 'true'}}
2026-06-09 07:35:18,890 - INFO - Playing sound: The Microsoft Sound.wav
2026-06-09 07:35:18,890 - INFO - EazyOS Desktop initialized successfully
2026-06-09 07:35:18,985 - INFO - Loading saved theme...
2026-06-09 07:35:18,986 - INFO - Looking for config file at: C:\Users\Jonathan\EazyOS\OS\eazyos_config.json
2026-06-09 07:35:18,986 - INFO - Config file found, loading...
2026-06-09 07:35:18,986 - INFO - Loaded configuration: {'theme': {'type': 'color', 'color': '#008080', 'wallpaper': None, 'taskbar_color': '#c0c0c0', 'window_title_color': '#000080'}, 'system': {'startup_sound': 'true', 'enable_sounds': 'true', 'show_clock': 'true', 'auto_hide_windows_taskbar': 'true'}}
2026-06-09 07:35:18,987 - INFO - Applied background color: #008080
2026-06-09 07:35:18,988 - INFO - apply_from_config: type=color, taskbar=#c0c0c0, title_bar=#000080
2026-06-09 07:35:37,670 - INFO - Windows taskbar restored
2026-06-09 07:36:02,168 - INFO - Looking for config file at: C:\Users\Jonathan\EazyOS\OS\eazyos_config.json
2026-06-09 07:36:02,168 - INFO - Config file found, loading...
2026-06-09 07:36:02,168 - INFO - Loaded configuration: {'theme': {'type': 'color', 'color': '#008080', 'wallpaper': None, 'taskbar_color': '#c0c0c0', 'window_title_color': '#000080'}, 'system': {'startup_sound': 'true', 'enable_sounds': 'true', 'show_clock': 'true', 'auto_hide_windows_taskbar': 'true'}}
2026-06-09 07:36:02,168 - WARNING - BIOS system file not found: bios.py
2026-06-09 07:36:02,188 - INFO - Looking for config file at: C:\Users\Jonathan\EazyOS\OS\eazyos_config.json
2026-06-09 07:36:02,188 - INFO - Config file found, loading...
2026-06-09 07:36:02,188 - INFO - Loaded configuration: {'theme': {'type': 'color', 'color': '#008080', 'wallpaper': None, 'taskbar_color': '#c0c0c0', 'window_title_color': '#000080'}, 'system': {'startup_sound': 'true', 'enable_sounds': 'true', 'show_clock': 'true', 'auto_hide_windows_taskbar': 'true'}}
2026-06-09 07:36:02,190 - INFO - Windows taskbar hidden
2026-06-09 07:36:02,190 - INFO - System settings applied: sounds=True, clock=True, auto_hide_taskbar=True
2026-06-09 07:36:02,190 - INFO - Looking for config file at: C:\Users\Jonathan\EazyOS\OS\eazyos_config.json
2026-06-09 07:36:02,190 - INFO - Config file found, loading...
2026-06-09 07:36:02,191 - INFO - Loaded configuration: {'theme': {'type': 'color', 'color': '#008080', 'wallpaper': None, 'taskbar_color': '#c0c0c0', 'window_title_color': '#000080'}, 'system': {'startup_sound': 'true', 'enable_sounds': 'true', 'show_clock': 'true', 'auto_hide_windows_taskbar': 'true'}}
2026-06-09 07:36:02,192 - INFO - Playing sound: The Microsoft Sound.wav
2026-06-09 07:36:02,193 - INFO - EazyOS Desktop initialized successfully
2026-06-09 07:36:02,292 - INFO - Loading saved theme...
2026-06-09 07:36:02,292 - INFO - Looking for config file at: C:\Users\Jonathan\EazyOS\OS\eazyos_config.json
2026-06-09 07:36:02,293 - INFO - Config file found, loading...
2026-06-09 07:36:02,293 - INFO - Loaded configuration: {'theme': {'type': 'color', 'color': '#008080', 'wallpaper': None, 'taskbar_color': '#c0c0c0', 'window_title_color': '#000080'}, 'system': {'startup_sound': 'true', 'enable_sounds': 'true', 'show_clock': 'true', 'auto_hide_windows_taskbar': 'true'}}
2026-06-09 07:36:02,294 - INFO - Applied background color: #008080
2026-06-09 07:36:02,294 - INFO - apply_from_config: type=color, taskbar=#c0c0c0, title_bar=#000080
2026-06-09 07:36:38,780 - INFO - Windows taskbar restored
2026-06-09 07:39:19,225 - INFO - Looking for config file at: C:\Users\Jonathan\EazyOS\OS\eazyos_config.json
2026-06-09 07:39:19,225 - INFO - Config file found, loading...
2026-06-09 07:39:19,226 - INFO - Loaded configuration: {'theme': {'type': 'color', 'color': '#008080', 'wallpaper': None, 'taskbar_color': '#c0c0c0', 'window_title_color': '#000080'}, 'system': {'startup_sound': 'true', 'enable_sounds': 'true', 'show_clock': 'true', 'auto_hide_windows_taskbar': 'true'}}
2026-06-09 07:39:19,226 - WARNING - BIOS system file not found: bios.py
2026-06-09 07:39:19,245 - INFO - Looking for config file at: C:\Users\Jonathan\EazyOS\OS\eazyos_config.json
2026-06-09 07:39:19,246 - INFO - Config file found, loading...
2026-06-09 07:39:19,246 - INFO - Loaded configuration: {'theme': {'type': 'color', 'color': '#008080', 'wallpaper': None, 'taskbar_color': '#c0c0c0', 'window_title_color': '#000080'}, 'system': {'startup_sound': 'true', 'enable_sounds': 'true', 'show_clock': 'true', 'auto_hide_windows_taskbar': 'true'}}
2026-06-09 07:39:19,247 - INFO - Windows taskbar hidden
2026-06-09 07:39:19,248 - INFO - System settings applied: sounds=True, clock=True, auto_hide_taskbar=True
2026-06-09 07:39:19,248 - INFO - Looking for config file at: C:\Users\Jonathan\EazyOS\OS\eazyos_config.json
2026-06-09 07:39:19,248 - INFO - Config file found, loading...
2026-06-09 07:39:19,248 - INFO - Loaded configuration: {'theme': {'type': 'color', 'color': '#008080', 'wallpaper': None, 'taskbar_color': '#c0c0c0', 'window_title_color': '#000080'}, 'system': {'startup_sound': 'true', 'enable_sounds': 'true', 'show_clock': 'true', 'auto_hide_windows_taskbar': 'true'}}
2026-06-09 07:39:19,250 - INFO - Playing sound: The Microsoft Sound.wav
2026-06-09 07:39:19,250 - INFO - EazyOS Desktop initialized successfully
2026-06-09 07:39:19,350 - INFO - Loading saved theme...
2026-06-09 07:39:19,351 - INFO - Looking for config file at: C:\Users\Jonathan\EazyOS\OS\eazyos_config.json
2026-06-09 07:39:19,351 - INFO - Config file found, loading...
2026-06-09 07:39:19,351 - INFO - Loaded configuration: {'theme': {'type': 'color', 'color': '#008080', 'wallpaper': None, 'taskbar_color': '#c0c0c0', 'window_title_color': '#000080'}, 'system': {'startup_sound': 'true', 'enable_sounds': 'true', 'show_clock': 'true', 'auto_hide_windows_taskbar': 'true'}}
2026-06-09 07:39:19,352 - INFO - Applied background color: #008080
2026-06-09 07:39:19,352 - INFO - apply_from_config: type=color, taskbar=#c0c0c0, title_bar=#000080
2026-06-09 07:39:35,301 - INFO - Windows taskbar restored
2026-06-09 07:41:24,326 - INFO - Looking for config file at: C:\Users\Jonathan\EazyOS\OS\eazyos_config.json
2026-06-09 07:41:24,327 - INFO - Config file found, loading...
2026-06-09 07:41:24,327 - INFO - Loaded configuration: {'theme': {'type': 'color', 'color': '#008080', 'wallpaper': None, 'taskbar_color': '#c0c0c0', 'window_title_color': '#000080'}, 'system': {'startup_sound': 'true', 'enable_sounds': 'true', 'show_clock': 'true', 'auto_hide_windows_taskbar': 'true'}}
2026-06-09 07:41:24,327 - WARNING - BIOS system file not found: bios.py
2026-06-09 07:41:24,347 - INFO - Looking for config file at: C:\Users\Jonathan\EazyOS\OS\eazyos_config.json
2026-06-09 07:41:24,347 - INFO - Config file found, loading...
2026-06-09 07:41:24,348 - INFO - Loaded configuration: {'theme': {'type': 'color', 'color': '#008080', 'wallpaper': None, 'taskbar_color': '#c0c0c0', 'window_title_color': '#000080'}, 'system': {'startup_sound': 'true', 'enable_sounds': 'true', 'show_clock': 'true', 'auto_hide_windows_taskbar': 'true'}}
2026-06-09 07:41:24,349 - INFO - Windows taskbar hidden
2026-06-09 07:41:24,349 - INFO - System settings applied: sounds=True, clock=True, auto_hide_taskbar=True
2026-06-09 07:41:24,349 - INFO - Looking for config file at: C:\Users\Jonathan\EazyOS\OS\eazyos_config.json
2026-06-09 07:41:24,349 - INFO - Config file found, loading...
2026-06-09 07:41:24,350 - INFO - Loaded configuration: {'theme': {'type': 'color', 'color': '#008080', 'wallpaper': None, 'taskbar_color': '#c0c0c0', 'window_title_color': '#000080'}, 'system': {'startup_sound': 'true', 'enable_sounds': 'true', 'show_clock': 'true', 'auto_hide_windows_taskbar': 'true'}}
2026-06-09 07:41:24,352 - INFO - Playing sound: The Microsoft Sound.wav
2026-06-09 07:41:24,352 - INFO - EazyOS Desktop initialized successfully
2026-06-09 07:41:24,462 - INFO - Loading saved theme...
2026-06-09 07:41:24,463 - INFO - Looking for config file at: C:\Users\Jonathan\EazyOS\OS\eazyos_config.json
2026-06-09 07:41:24,463 - INFO - Config file found, loading...
2026-06-09 07:41:24,464 - INFO - Loaded configuration: {'theme': {'type': 'color', 'color': '#008080', 'wallpaper': None, 'taskbar_color': '#c0c0c0', 'window_title_color': '#000080'}, 'system': {'startup_sound': 'true', 'enable_sounds': 'true', 'show_clock': 'true', 'auto_hide_windows_taskbar': 'true'}}
2026-06-09 07:41:24,465 - INFO - Applied background color: #008080
2026-06-09 07:41:24,465 - INFO - apply_from_config: type=color, taskbar=#c0c0c0, title_bar=#000080
2026-06-09 07:41:35,353 - INFO - Windows taskbar restored
2026-06-09 07:42:15,382 - INFO - Looking for config file at: C:\Users\Jonathan\EazyOS\OS\eazyos_config.json
2026-06-09 07:42:15,383 - INFO - Config file found, loading...
2026-06-09 07:42:15,383 - INFO - Loaded configuration: {'theme': {'type': 'color', 'color': '#008080', 'wallpaper': None, 'taskbar_color': '#c0c0c0', 'window_title_color': '#000080'}, 'system': {'startup_sound': 'true', 'enable_sounds': 'true', 'show_clock': 'true', 'auto_hide_windows_taskbar': 'true'}}
2026-06-09 07:42:15,383 - WARNING - BIOS system file not found: bios.py
2026-06-09 07:42:15,403 - INFO - Looking for config file at: C:\Users\Jonathan\EazyOS\OS\eazyos_config.json
2026-06-09 07:42:15,403 - INFO - Config file found, loading...
2026-06-09 07:42:15,404 - INFO - Loaded configuration: {'theme': {'type': 'color', 'color': '#008080', 'wallpaper': None, 'taskbar_color': '#c0c0c0', 'window_title_color': '#000080'}, 'system': {'startup_sound': 'true', 'enable_sounds': 'true', 'show_clock': 'true', 'auto_hide_windows_taskbar': 'true'}}
2026-06-09 07:42:15,405 - INFO - Windows taskbar hidden
2026-06-09 07:42:15,405 - INFO - System settings applied: sounds=True, clock=True, auto_hide_taskbar=True
2026-06-09 07:42:15,405 - INFO - Looking for config file at: C:\Users\Jonathan\EazyOS\OS\eazyos_config.json
2026-06-09 07:42:15,406 - INFO - Config file found, loading...
2026-06-09 07:42:15,406 - INFO - Loaded configuration: {'theme': {'type': 'color', 'color': '#008080', 'wallpaper': None, 'taskbar_color': '#c0c0c0', 'window_title_color': '#000080'}, 'system': {'startup_sound': 'true', 'enable_sounds': 'true', 'show_clock': 'true', 'auto_hide_windows_taskbar': 'true'}}
2026-06-09 07:42:15,408 - INFO - Playing sound: The Microsoft Sound.wav
2026-06-09 07:42:15,408 - INFO - EazyOS Desktop initialized successfully
2026-06-09 07:42:15,521 - INFO - Loading saved theme...
2026-06-09 07:42:15,521 - INFO - Looking for config file at: C:\Users\Jonathan\EazyOS\OS\eazyos_config.json
2026-06-09 07:42:15,521 - INFO - Config file found, loading...
2026-06-09 07:42:15,521 - INFO - Loaded configuration: {'theme': {'type': 'color', 'color': '#008080', 'wallpaper': None, 'taskbar_color': '#c0c0c0', 'window_title_color': '#000080'}, 'system': {'startup_sound': 'true', 'enable_sounds': 'true', 'show_clock': 'true', 'auto_hide_windows_taskbar': 'true'}}
2026-06-09 07:42:15,522 - INFO - Applied background color: #008080
2026-06-09 07:42:15,523 - INFO - apply_from_config: type=color, taskbar=#c0c0c0, title_bar=#000080
2026-06-09 07:42:28,637 - INFO - Windows taskbar restored
2026-06-09 07:43:02,221 - INFO - Looking for config file at: C:\Users\Jonathan\EazyOS\OS\eazyos_config.json
2026-06-09 07:43:02,222 - INFO - Config file found, loading...
2026-06-09 07:43:02,222 - INFO - Loaded configuration: {'theme': {'type': 'color', 'color': '#008080', 'wallpaper': None, 'taskbar_color': '#c0c0c0', 'window_title_color': '#000080'}, 'system': {'startup_sound': 'true', 'enable_sounds': 'true', 'show_clock': 'true', 'auto_hide_windows_taskbar': 'true'}}
2026-06-09 07:43:02,222 - WARNING - BIOS system file not found: bios.py
2026-06-09 07:43:02,241 - INFO - Looking for config file at: C:\Users\Jonathan\EazyOS\OS\eazyos_config.json
2026-06-09 07:43:02,241 - INFO - Config file found, loading...
2026-06-09 07:43:02,242 - INFO - Loaded configuration: {'theme': {'type': 'color', 'color': '#008080', 'wallpaper': None, 'taskbar_color': '#c0c0c0', 'window_title_color': '#000080'}, 'system': {'startup_sound': 'true', 'enable_sounds': 'true', 'show_clock': 'true', 'auto_hide_windows_taskbar': 'true'}}
2026-06-09 07:43:02,243 - INFO - Windows taskbar hidden
2026-06-09 07:43:02,243 - INFO - System settings applied: sounds=True, clock=True, auto_hide_taskbar=True
2026-06-09 07:43:02,243 - INFO - Looking for config file at: C:\Users\Jonathan\EazyOS\OS\eazyos_config.json
2026-06-09 07:43:02,244 - INFO - Config file found, loading...
2026-06-09 07:43:02,244 - INFO - Loaded configuration: {'theme': {'type': 'color', 'color': '#008080', 'wallpaper': None, 'taskbar_color': '#c0c0c0', 'window_title_color': '#000080'}, 'system': {'startup_sound': 'true', 'enable_sounds': 'true', 'show_clock': 'true', 'auto_hide_windows_taskbar': 'true'}}
2026-06-09 07:43:02,246 - INFO - Playing sound: The Microsoft Sound.wav
2026-06-09 07:43:02,247 - INFO - EazyOS Desktop initialized successfully
2026-06-09 07:43:02,342 - INFO - Loading saved theme...
2026-06-09 07:43:02,342 - INFO - Looking for config file at: C:\Users\Jonathan\EazyOS\OS\eazyos_config.json
2026-06-09 07:43:02,342 - INFO - Config file found, loading...
2026-06-09 07:43:02,342 - INFO - Loaded configuration: {'theme': {'type': 'color', 'color': '#008080', 'wallpaper': None, 'taskbar_color': '#c0c0c0', 'window_title_color': '#000080'}, 'system': {'startup_sound': 'true', 'enable_sounds': 'true', 'show_clock': 'true', 'auto_hide_windows_taskbar': 'true'}}
2026-06-09 07:43:02,343 - INFO - Applied background color: #008080
2026-06-09 07:43:02,344 - INFO - apply_from_config: type=color, taskbar=#c0c0c0, title_bar=#000080
2026-06-09 07:43:35,870 - INFO - Windows taskbar restored
2026-06-09 07:44:00,834 - INFO - Looking for config file at: C:\Users\Jonathan\EazyOS\OS\eazyos_config.json
2026-06-09 07:44:00,835 - INFO - Config file found, loading...
2026-06-09 07:44:00,835 - INFO - Loaded configuration: {'theme': {'type': 'color', 'color': '#008080', 'wallpaper': None, 'taskbar_color': '#c0c0c0', 'window_title_color': '#000080'}, 'system': {'startup_sound': 'true', 'enable_sounds': 'true', 'show_clock': 'true', 'auto_hide_windows_taskbar': 'true'}}
2026-06-09 07:44:00,835 - WARNING - BIOS system file not found: bios.py
2026-06-09 07:44:00,855 - INFO - Looking for config file at: C:\Users\Jonathan\EazyOS\OS\eazyos_config.json
2026-06-09 07:44:00,856 - INFO - Config file found, loading...
2026-06-09 07:44:00,856 - INFO - Loaded configuration: {'theme': {'type': 'color', 'color': '#008080', 'wallpaper': None, 'taskbar_color': '#c0c0c0', 'window_title_color': '#000080'}, 'system': {'startup_sound': 'true', 'enable_sounds': 'true', 'show_clock': 'true', 'auto_hide_windows_taskbar': 'true'}}
2026-06-09 07:44:00,857 - INFO - Windows taskbar hidden
2026-06-09 07:44:00,858 - INFO - System settings applied: sounds=True, clock=True, auto_hide_taskbar=True
2026-06-09 07:44:00,858 - INFO - Looking for config file at: C:\Users\Jonathan\EazyOS\OS\eazyos_config.json
2026-06-09 07:44:00,858 - INFO - Config file found, loading...
2026-06-09 07:44:00,858 - INFO - Loaded configuration: {'theme': {'type': 'color', 'color': '#008080', 'wallpaper': None, 'taskbar_color': '#c0c0c0', 'window_title_color': '#000080'}, 'system': {'startup_sound': 'true', 'enable_sounds': 'true', 'show_clock': 'true', 'auto_hide_windows_taskbar': 'true'}}
2026-06-09 07:44:00,860 - INFO - Playing sound: The Microsoft Sound.wav
2026-06-09 07:44:00,860 - INFO - EazyOS Desktop initialized successfully
2026-06-09 07:44:00,956 - INFO - Loading saved theme...
2026-06-09 07:44:00,956 - INFO - Looking for config file at: C:\Users\Jonathan\EazyOS\OS\eazyos_config.json
2026-06-09 07:44:00,956 - INFO - Config file found, loading...
2026-06-09 07:44:00,956 - INFO - Loaded configuration: {'theme': {'type': 'color', 'color': '#008080', 'wallpaper': None, 'taskbar_color': '#c0c0c0', 'window_title_color': '#000080'}, 'system': {'startup_sound': 'true', 'enable_sounds': 'true', 'show_clock': 'true', 'auto_hide_windows_taskbar': 'true'}}
2026-06-09 07:44:00,957 - INFO - Applied background color: #008080
2026-06-09 07:44:00,957 - INFO - apply_from_config: type=color, taskbar=#c0c0c0, title_bar=#000080
2026-06-09 07:44:29,980 - INFO - Windows taskbar restored
2026-06-09 18:05:28,167 - INFO - Looking for config file at: C:\Users\Jonathan\EazyOS\OS\eazyos_config.json
2026-06-09 18:05:28,167 - INFO - Config file found, loading...
2026-06-09 18:05:28,168 - INFO - Loaded configuration: {'theme': {'type': 'color', 'color': '#008080', 'wallpaper': None, 'taskbar_color': '#c0c0c0', 'window_title_color': '#000080'}, 'system': {'startup_sound': 'true', 'enable_sounds': 'true', 'show_clock': 'true', 'auto_hide_windows_taskbar': 'true'}}
2026-06-09 18:05:28,168 - WARNING - BIOS system file not found: bios.py
2026-06-09 18:05:28,191 - INFO - Looking for config file at: C:\Users\Jonathan\EazyOS\OS\eazyos_config.json
2026-06-09 18:05:28,191 - INFO - Config file found, loading...
2026-06-09 18:05:28,192 - INFO - Loaded configuration: {'theme': {'type': 'color', 'color': '#008080', 'wallpaper': None, 'taskbar_color': '#c0c0c0', 'window_title_color': '#000080'}, 'system': {'startup_sound': 'true', 'enable_sounds': 'true', 'show_clock': 'true', 'auto_hide_windows_taskbar': 'true'}}
2026-06-09 18:05:28,194 - INFO - Windows taskbar hidden
2026-06-09 18:05:28,194 - INFO - System settings applied: sounds=True, clock=True, auto_hide_taskbar=True
2026-06-09 18:05:28,194 - INFO - Looking for config file at: C:\Users\Jonathan\EazyOS\OS\eazyos_config.json
2026-06-09 18:05:28,194 - INFO - Config file found, loading...
2026-06-09 18:05:28,195 - INFO - Loaded configuration: {'theme': {'type': 'color', 'color': '#008080', 'wallpaper': None, 'taskbar_color': '#c0c0c0', 'window_title_color': '#000080'}, 'system': {'startup_sound': 'true', 'enable_sounds': 'true', 'show_clock': 'true', 'auto_hide_windows_taskbar': 'true'}}
2026-06-09 18:05:28,198 - INFO - Playing sound: The Microsoft Sound.wav
2026-06-09 18:05:28,198 - INFO - EazyOS Desktop initialized successfully
2026-06-09 18:05:28,294 - INFO - Loading saved theme...
2026-06-09 18:05:28,294 - INFO - Looking for config file at: C:\Users\Jonathan\EazyOS\OS\eazyos_config.json
2026-06-09 18:05:28,294 - INFO - Config file found, loading...
2026-06-09 18:05:28,295 - INFO - Loaded configuration: {'theme': {'type': 'color', 'color': '#008080', 'wallpaper': None, 'taskbar_color': '#c0c0c0', 'window_title_color': '#000080'}, 'system': {'startup_sound': 'true', 'enable_sounds': 'true', 'show_clock': 'true', 'auto_hide_windows_taskbar': 'true'}}
2026-06-09 18:05:28,295 - INFO - Applied background color: #008080
2026-06-09 18:05:28,295 - INFO - apply_from_config: type=color, taskbar=#c0c0c0, title_bar=#000080
2026-06-09 18:05:29,806 - INFO - Windows taskbar restored
2026-06-09 18:05:39,070 - INFO - Looking for config file at: C:\Users\Jonathan\EazyOS\OS\eazyos_config.json
2026-06-09 18:05:39,071 - INFO - Config file found, loading...
2026-06-09 18:05:39,071 - INFO - Loaded configuration: {'theme': {'type': 'color', 'color': '#008080', 'wallpaper': None, 'taskbar_color': '#c0c0c0', 'window_title_color': '#000080'}, 'system': {'startup_sound': 'true', 'enable_sounds': 'true', 'show_clock': 'true', 'auto_hide_windows_taskbar': 'true'}}
2026-06-09 18:05:39,071 - WARNING - BIOS system file not found: bios.py
2026-06-09 18:05:39,100 - INFO - Looking for config file at: C:\Users\Jonathan\EazyOS\OS\eazyos_config.json
2026-06-09 18:05:39,100 - INFO - Config file found, loading...
2026-06-09 18:05:39,100 - INFO - Loaded configuration: {'theme': {'type': 'color', 'color': '#008080', 'wallpaper': None, 'taskbar_color': '#c0c0c0', 'window_title_color': '#000080'}, 'system': {'startup_sound': 'true', 'enable_sounds': 'true', 'show_clock': 'true', 'auto_hide_windows_taskbar': 'true'}}
2026-06-09 18:05:39,102 - INFO - Windows taskbar hidden
2026-06-09 18:05:39,102 - INFO - System settings applied: sounds=True, clock=True, auto_hide_taskbar=True
2026-06-09 18:05:39,102 - INFO - Looking for config file at: C:\Users\Jonathan\EazyOS\OS\eazyos_config.json
2026-06-09 18:05:39,102 - INFO - Config file found, loading...
2026-06-09 18:05:39,103 - INFO - Loaded configuration: {'theme': {'type': 'color', 'color': '#008080', 'wallpaper': None, 'taskbar_color': '#c0c0c0', 'window_title_color': '#000080'}, 'system': {'startup_sound': 'true', 'enable_sounds': 'true', 'show_clock': 'true', 'auto_hide_windows_taskbar': 'true'}}
2026-06-09 18:05:39,105 - INFO - Playing sound: The Microsoft Sound.wav
2026-06-09 18:05:39,106 - INFO - EazyOS Desktop initialized successfully
2026-06-09 18:05:39,203 - INFO - Loading saved theme...
2026-06-09 18:05:39,203 - INFO - Looking for config file at: C:\Users\Jonathan\EazyOS\OS\eazyos_config.json
2026-06-09 18:05:39,204 - INFO - Config file found, loading...
2026-06-09 18:05:39,204 - INFO - Loaded configuration: {'theme': {'type': 'color', 'color': '#008080', 'wallpaper': None, 'taskbar_color': '#c0c0c0', 'window_title_color': '#000080'}, 'system': {'startup_sound': 'true', 'enable_sounds': 'true', 'show_clock': 'true', 'auto_hide_windows_taskbar': 'true'}}
2026-06-09 18:05:39,204 - INFO - Applied background color: #008080
2026-06-09 18:05:39,205 - INFO - apply_from_config: type=color, taskbar=#c0c0c0, title_bar=#000080
2026-06-09 18:05:41,563 - INFO - Playing sound: DING.wav
2026-06-09 18:05:42,617 - INFO - Playing sound: DING.wav
2026-06-09 18:05:43,181 - INFO - Playing sound: shutdown.wav
2026-06-09 18:05:47,181 - INFO - Windows taskbar restored
2026-06-09 18:05:51,574 - INFO - Windows taskbar restored
2026-06-09 18:19:04,714 - INFO - Looking for config file at: C:\Users\Jonathan\EazyOS\OS\eazyos_config.json
2026-06-09 18:19:04,714 - INFO - Config file found, loading...
2026-06-09 18:19:04,715 - INFO - Loaded configuration: {'theme': {'type': 'color', 'color': '#008080', 'wallpaper': None, 'taskbar_color': '#c0c0c0', 'window_title_color': '#000080'}, 'system': {'startup_sound': 'true', 'enable_sounds': 'true', 'show_clock': 'true', 'auto_hide_windows_taskbar': 'true'}}
2026-06-09 18:19:04,715 - WARNING - BIOS system file not found: bios.py
2026-06-09 18:19:04,744 - INFO - Looking for config file at: C:\Users\Jonathan\EazyOS\OS\eazyos_config.json
2026-06-09 18:19:04,745 - INFO - Config file found, loading...
2026-06-09 18:19:04,745 - INFO - Loaded configuration: {'theme': {'type': 'color', 'color': '#008080', 'wallpaper': None, 'taskbar_color': '#c0c0c0', 'window_title_color': '#000080'}, 'system': {'startup_sound': 'true', 'enable_sounds': 'true', 'show_clock': 'true', 'auto_hide_windows_taskbar': 'true'}}
2026-06-09 18:19:04,746 - INFO - Windows taskbar hidden
2026-06-09 18:19:04,747 - INFO - System settings applied: sounds=True, clock=True, auto_hide_taskbar=True
2026-06-09 18:19:04,747 - INFO - Looking for config file at: C:\Users\Jonathan\EazyOS\OS\eazyos_config.json
2026-06-09 18:19:04,747 - INFO - Config file found, loading...
2026-06-09 18:19:04,747 - INFO - Loaded configuration: {'theme': {'type': 'color', 'color': '#008080', 'wallpaper': None, 'taskbar_color': '#c0c0c0', 'window_title_color': '#000080'}, 'system': {'startup_sound': 'true', 'enable_sounds': 'true', 'show_clock': 'true', 'auto_hide_windows_taskbar': 'true'}}
2026-06-09 18:19:04,750 - INFO - Playing sound: The Microsoft Sound.wav
2026-06-09 18:19:04,750 - INFO - EazyOS Desktop initialized successfully
2026-06-09 18:19:04,846 - INFO - Loading saved theme...
2026-06-09 18:19:04,846 - INFO - Looking for config file at: C:\Users\Jonathan\EazyOS\OS\eazyos_config.json
2026-06-09 18:19:04,846 - INFO - Config file found, loading...
2026-06-09 18:19:04,846 - INFO - Loaded configuration: {'theme': {'type': 'color', 'color': '#008080', 'wallpaper': None, 'taskbar_color': '#c0c0c0', 'window_title_color': '#000080'}, 'system': {'startup_sound': 'true', 'enable_sounds': 'true', 'show_clock': 'true', 'auto_hide_windows_taskbar': 'true'}}
2026-06-09 18:19:04,847 - INFO - Applied background color: #008080
2026-06-09 18:19:04,848 - INFO - apply_from_config: type=color, taskbar=#c0c0c0, title_bar=#000080
2026-06-09 18:19:58,288 - INFO - Windows taskbar restored
2026-06-09 18:21:19,454 - INFO - Looking for config file at: C:\Users\Jonathan\EazyOS\OS\eazyos_config.json
2026-06-09 18:21:19,454 - INFO - Config file found, loading...
2026-06-09 18:21:19,454 - INFO - Loaded configuration: {'theme': {'type': 'color', 'color': '#008080', 'wallpaper': None, 'taskbar_color': '#c0c0c0', 'window_title_color': '#000080'}, 'system': {'startup_sound': 'true', 'enable_sounds': 'true', 'show_clock': 'true', 'auto_hide_windows_taskbar': 'true'}}
2026-06-09 18:21:19,454 - WARNING - BIOS system file not found: bios.py
2026-06-09 18:21:19,475 - INFO - Looking for config file at: C:\Users\Jonathan\EazyOS\OS\eazyos_config.json
2026-06-09 18:21:19,475 - INFO - Config file found, loading...
2026-06-09 18:21:19,476 - INFO - Loaded configuration: {'theme': {'type': 'color', 'color': '#008080', 'wallpaper': None, 'taskbar_color': '#c0c0c0', 'window_title_color': '#000080'}, 'system': {'startup_sound': 'true', 'enable_sounds': 'true', 'show_clock': 'true', 'auto_hide_windows_taskbar': 'true'}}
2026-06-09 18:21:19,477 - INFO - Windows taskbar hidden
2026-06-09 18:21:19,477 - INFO - System settings applied: sounds=True, clock=True, auto_hide_taskbar=True
2026-06-09 18:21:19,478 - INFO - Looking for config file at: C:\Users\Jonathan\EazyOS\OS\eazyos_config.json
2026-06-09 18:21:19,478 - INFO - Config file found, loading...
2026-06-09 18:21:19,478 - INFO - Loaded configuration: {'theme': {'type': 'color', 'color': '#008080', 'wallpaper': None, 'taskbar_color': '#c0c0c0', 'window_title_color': '#000080'}, 'system': {'startup_sound': 'true', 'enable_sounds': 'true', 'show_clock': 'true', 'auto_hide_windows_taskbar': 'true'}}
2026-06-09 18:21:19,480 - INFO - Playing sound: The Microsoft Sound.wav
2026-06-09 18:21:19,480 - INFO - EazyOS Desktop initialized successfully
2026-06-09 18:21:19,577 - INFO - Loading saved theme...
2026-06-09 18:21:19,577 - INFO - Looking for config file at: C:\Users\Jonathan\EazyOS\OS\eazyos_config.json
2026-06-09 18:21:19,577 - INFO - Config file found, loading...
2026-06-09 18:21:19,578 - INFO - Loaded configuration: {'theme': {'type': 'color', 'color': '#008080', 'wallpaper': None, 'taskbar_color': '#c0c0c0', 'window_title_color': '#000080'}, 'system': {'startup_sound': 'true', 'enable_sounds': 'true', 'show_clock': 'true', 'auto_hide_windows_taskbar': 'true'}}
2026-06-09 18:21:19,579 - INFO - Applied background color: #008080
2026-06-09 18:21:19,579 - INFO - apply_from_config: type=color, taskbar=#c0c0c0, title_bar=#000080
2026-06-09 18:21:30,310 - INFO - Windows taskbar restored
2026-06-09 18:21:54,636 - INFO - Looking for config file at: C:\Users\Jonathan\EazyOS\OS\eazyos_config.json
2026-06-09 18:21:54,636 - INFO - Config file found, loading...
2026-06-09 18:21:54,636 - INFO - Loaded configuration: {'theme': {'type': 'color', 'color': '#008080', 'wallpaper': None, 'taskbar_color': '#c0c0c0', 'window_title_color': '#000080'}, 'system': {'startup_sound': 'true', 'enable_sounds': 'true', 'show_clock': 'true', 'auto_hide_windows_taskbar': 'true'}}
2026-06-09 18:21:54,636 - WARNING - BIOS system file not found: bios.py
2026-06-09 18:21:54,657 - INFO - Looking for config file at: C:\Users\Jonathan\EazyOS\OS\eazyos_config.json
2026-06-09 18:21:54,657 - INFO - Config file found, loading...
2026-06-09 18:21:54,658 - INFO - Loaded configuration: {'theme': {'type': 'color', 'color': '#008080', 'wallpaper': None, 'taskbar_color': '#c0c0c0', 'window_title_color': '#000080'}, 'system': {'startup_sound': 'true', 'enable_sounds': 'true', 'show_clock': 'true', 'auto_hide_windows_taskbar': 'true'}}
2026-06-09 18:21:54,659 - INFO - Windows taskbar hidden
2026-06-09 18:21:54,659 - INFO - System settings applied: sounds=True, clock=True, auto_hide_taskbar=True
2026-06-09 18:21:54,659 - INFO - Looking for config file at: C:\Users\Jonathan\EazyOS\OS\eazyos_config.json
2026-06-09 18:21:54,660 - INFO - Config file found, loading...
2026-06-09 18:21:54,660 - INFO - Loaded configuration: {'theme': {'type': 'color', 'color': '#008080', 'wallpaper': None, 'taskbar_color': '#c0c0c0', 'window_title_color': '#000080'}, 'system': {'startup_sound': 'true', 'enable_sounds': 'true', 'show_clock': 'true', 'auto_hide_windows_taskbar': 'true'}}
2026-06-09 18:21:54,662 - INFO - Playing sound: The Microsoft Sound.wav
2026-06-09 18:21:54,662 - INFO - EazyOS Desktop initialized successfully
2026-06-09 18:21:54,758 - INFO - Loading saved theme...
2026-06-09 18:21:54,759 - INFO - Looking for config file at: C:\Users\Jonathan\EazyOS\OS\eazyos_config.json
2026-06-09 18:21:54,759 - INFO - Config file found, loading...
2026-06-09 18:21:54,759 - INFO - Loaded configuration: {'theme': {'type': 'color', 'color': '#008080', 'wallpaper': None, 'taskbar_color': '#c0c0c0', 'window_title_color': '#000080'}, 'system': {'startup_sound': 'true', 'enable_sounds': 'true', 'show_clock': 'true', 'auto_hide_windows_taskbar': 'true'}}
2026-06-09 18:21:54,760 - INFO - Applied background color: #008080
2026-06-09 18:21:54,761 - INFO - apply_from_config: type=color, taskbar=#c0c0c0, title_bar=#000080
2026-06-09 18:22:25,201 - INFO - Looking for config file at: C:\Users\Jonathan\EazyOS\OS\eazyos_config.json
2026-06-09 18:22:25,201 - INFO - Config file found, loading...
2026-06-09 18:22:25,201 - INFO - Loaded configuration: {'theme': {'type': 'color', 'color': '#008080', 'wallpaper': None, 'taskbar_color': '#c0c0c0', 'window_title_color': '#000080'}, 'system': {'startup_sound': 'true', 'enable_sounds': 'true', 'show_clock': 'true', 'auto_hide_windows_taskbar': 'true'}}
2026-06-09 18:22:25,201 - WARNING - BIOS system file not found: bios.py
2026-06-09 18:22:25,221 - INFO - Looking for config file at: C:\Users\Jonathan\EazyOS\OS\eazyos_config.json
2026-06-09 18:22:25,221 - INFO - Config file found, loading...
2026-06-09 18:22:25,221 - INFO - Loaded configuration: {'theme': {'type': 'color', 'color': '#008080', 'wallpaper': None, 'taskbar_color': '#c0c0c0', 'window_title_color': '#000080'}, 'system': {'startup_sound': 'true', 'enable_sounds': 'true', 'show_clock': 'true', 'auto_hide_windows_taskbar': 'true'}}
2026-06-09 18:22:25,221 - INFO - Windows taskbar hidden
2026-06-09 18:22:25,221 - INFO - System settings applied: sounds=True, clock=True, auto_hide_taskbar=True
2026-06-09 18:22:25,222 - INFO - Looking for config file at: C:\Users\Jonathan\EazyOS\OS\eazyos_config.json
2026-06-09 18:22:25,222 - INFO - Config file found, loading...
2026-06-09 18:22:25,222 - INFO - Loaded configuration: {'theme': {'type': 'color', 'color': '#008080', 'wallpaper': None, 'taskbar_color': '#c0c0c0', 'window_title_color': '#000080'}, 'system': {'startup_sound': 'true', 'enable_sounds': 'true', 'show_clock': 'true', 'auto_hide_windows_taskbar': 'true'}}
2026-06-09 18:22:25,224 - INFO - Playing sound: The Microsoft Sound.wav
2026-06-09 18:22:25,224 - INFO - EazyOS Desktop initialized successfully
2026-06-09 18:22:25,322 - INFO - Loading saved theme...
2026-06-09 18:22:25,322 - INFO - Looking for config file at: C:\Users\Jonathan\EazyOS\OS\eazyos_config.json
2026-06-09 18:22:25,323 - INFO - Config file found, loading...
2026-06-09 18:22:25,323 - INFO - Loaded configuration: {'theme': {'type': 'color', 'color': '#008080', 'wallpaper': None, 'taskbar_color': '#c0c0c0', 'window_title_color': '#000080'}, 'system': {'startup_sound': 'true', 'enable_sounds': 'true', 'show_clock': 'true', 'auto_hide_windows_taskbar': 'true'}}
2026-06-09 18:22:25,324 - INFO - Applied background color: #008080
2026-06-09 18:22:25,324 - INFO - apply_from_config: type=color, taskbar=#c0c0c0, title_bar=#000080
2026-06-09 18:22:27,606 - INFO - Playing sound: DING.wav
2026-06-09 18:22:28,588 - INFO - Playing sound: DING.wav
2026-06-09 18:22:38,638 - INFO - Windows taskbar restored
2026-06-09 18:22:56,500 - INFO - Looking for config file at: C:\Users\Jonathan\EazyOS\OS\eazyos_config.json
2026-06-09 18:22:56,500 - INFO - Config file found, loading...
2026-06-09 18:22:56,501 - INFO - Loaded configuration: {'theme': {'type': 'color', 'color': '#008080', 'wallpaper': None, 'taskbar_color': '#c0c0c0', 'window_title_color': '#000080'}, 'system': {'startup_sound': 'true', 'enable_sounds': 'true', 'show_clock': 'true', 'auto_hide_windows_taskbar': 'true'}}
2026-06-09 18:22:56,501 - WARNING - BIOS system file not found: bios.py
2026-06-09 18:22:56,521 - INFO - Looking for config file at: C:\Users\Jonathan\EazyOS\OS\eazyos_config.json
2026-06-09 18:22:56,522 - INFO - Config file found, loading...
2026-06-09 18:22:56,522 - INFO - Loaded configuration: {'theme': {'type': 'color', 'color': '#008080', 'wallpaper': None, 'taskbar_color': '#c0c0c0', 'window_title_color': '#000080'}, 'system': {'startup_sound': 'true', 'enable_sounds': 'true', 'show_clock': 'true', 'auto_hide_windows_taskbar': 'true'}}
2026-06-09 18:22:56,523 - INFO - Windows taskbar hidden
2026-06-09 18:22:56,523 - INFO - System settings applied: sounds=True, clock=True, auto_hide_taskbar=True
2026-06-09 18:22:56,524 - INFO - Looking for config file at: C:\Users\Jonathan\EazyOS\OS\eazyos_config.json
2026-06-09 18:22:56,524 - INFO - Config file found, loading...
2026-06-09 18:22:56,524 - INFO - Loaded configuration: {'theme': {'type': 'color', 'color': '#008080', 'wallpaper': None, 'taskbar_color': '#c0c0c0', 'window_title_color': '#000080'}, 'system': {'startup_sound': 'true', 'enable_sounds': 'true', 'show_clock': 'true', 'auto_hide_windows_taskbar': 'true'}}
2026-06-09 18:22:56,526 - INFO - Playing sound: The Microsoft Sound.wav
2026-06-09 18:22:56,526 - INFO - EazyOS Desktop initialized successfully
2026-06-09 18:22:56,624 - INFO - Loading saved theme...
2026-06-09 18:22:56,625 - INFO - Looking for config file at: C:\Users\Jonathan\EazyOS\OS\eazyos_config.json
2026-06-09 18:22:56,625 - INFO - Config file found, loading...
2026-06-09 18:22:56,625 - INFO - Loaded configuration: {'theme': {'type': 'color', 'color': '#008080', 'wallpaper': None, 'taskbar_color': '#c0c0c0', 'window_title_color': '#000080'}, 'system': {'startup_sound': 'true', 'enable_sounds': 'true', 'show_clock': 'true', 'auto_hide_windows_taskbar': 'true'}}
2026-06-09 18:22:56,626 - INFO - Applied background color: #008080
2026-06-09 18:22:56,627 - INFO - apply_from_config: type=color, taskbar=#c0c0c0, title_bar=#000080
2026-06-09 18:23:03,788 - INFO - Windows taskbar restored
2026-06-09 18:23:26,881 - INFO - Looking for config file at: C:\Users\Jonathan\EazyOS\OS\eazyos_config.json
2026-06-09 18:23:26,881 - INFO - Config file found, loading...
2026-06-09 18:23:26,881 - INFO - Loaded configuration: {'theme': {'type': 'color', 'color': '#008080', 'wallpaper': None, 'taskbar_color': '#c0c0c0', 'window_title_color': '#000080'}, 'system': {'startup_sound': 'true', 'enable_sounds': 'true', 'show_clock': 'true', 'auto_hide_windows_taskbar': 'true'}}
2026-06-09 18:23:26,881 - WARNING - BIOS system file not found: bios.py
2026-06-09 18:23:26,901 - INFO - Looking for config file at: C:\Users\Jonathan\EazyOS\OS\eazyos_config.json
2026-06-09 18:23:26,901 - INFO - Config file found, loading...
2026-06-09 18:23:26,901 - INFO - Loaded configuration: {'theme': {'type': 'color', 'color': '#008080', 'wallpaper': None, 'taskbar_color': '#c0c0c0', 'window_title_color': '#000080'}, 'system': {'startup_sound': 'true', 'enable_sounds': 'true', 'show_clock': 'true', 'auto_hide_windows_taskbar': 'true'}}
2026-06-09 18:23:26,903 - INFO - Windows taskbar hidden
2026-06-09 18:23:26,903 - INFO - System settings applied: sounds=True, clock=True, auto_hide_taskbar=True
2026-06-09 18:23:26,904 - INFO - Looking for config file at: C:\Users\Jonathan\EazyOS\OS\eazyos_config.json
2026-06-09 18:23:26,904 - INFO - Config file found, loading...
2026-06-09 18:23:26,904 - INFO - Loaded configuration: {'theme': {'type': 'color', 'color': '#008080', 'wallpaper': None, 'taskbar_color': '#c0c0c0', 'window_title_color': '#000080'}, 'system': {'startup_sound': 'true', 'enable_sounds': 'true', 'show_clock': 'true', 'auto_hide_windows_taskbar': 'true'}}
2026-06-09 18:23:26,906 - INFO - Playing sound: The Microsoft Sound.wav
2026-06-09 18:23:26,906 - INFO - EazyOS Desktop initialized successfully
2026-06-09 18:23:27,001 - INFO - Loading saved theme...
2026-06-09 18:23:27,001 - INFO - Looking for config file at: C:\Users\Jonathan\EazyOS\OS\eazyos_config.json
2026-06-09 18:23:27,002 - INFO - Config file found, loading...
2026-06-09 18:23:27,002 - INFO - Loaded configuration: {'theme': {'type': 'color', 'color': '#008080', 'wallpaper': None, 'taskbar_color': '#c0c0c0', 'window_title_color': '#000080'}, 'system': {'startup_sound': 'true', 'enable_sounds': 'true', 'show_clock': 'true', 'auto_hide_windows_taskbar': 'true'}}
2026-06-09 18:23:27,003 - INFO - Applied background color: #008080
2026-06-09 18:23:27,004 - INFO - apply_from_config: type=color, taskbar=#c0c0c0, title_bar=#000080
2026-06-09 18:23:34,670 - INFO - Windows taskbar restored
2026-06-09 18:24:00,311 - INFO - Looking for config file at: C:\Users\Jonathan\EazyOS\OS\eazyos_config.json
2026-06-09 18:24:00,311 - INFO - Config file found, loading...
2026-06-09 18:24:00,311 - INFO - Loaded configuration: {'theme': {'type': 'color', 'color': '#008080', 'wallpaper': None, 'taskbar_color': '#c0c0c0', 'window_title_color': '#000080'}, 'system': {'startup_sound': 'true', 'enable_sounds': 'true', 'show_clock': 'true', 'auto_hide_windows_taskbar': 'true'}}
2026-06-09 18:24:00,311 - WARNING - BIOS system file not found: bios.py
2026-06-09 18:24:00,332 - INFO - Looking for config file at: C:\Users\Jonathan\EazyOS\OS\eazyos_config.json
2026-06-09 18:24:00,333 - INFO - Config file found, loading...
2026-06-09 18:24:00,333 - INFO - Loaded configuration: {'theme': {'type': 'color', 'color': '#008080', 'wallpaper': None, 'taskbar_color': '#c0c0c0', 'window_title_color': '#000080'}, 'system': {'startup_sound': 'true', 'enable_sounds': 'true', 'show_clock': 'true', 'auto_hide_windows_taskbar': 'true'}}
2026-06-09 18:24:00,334 - INFO - Windows taskbar hidden
2026-06-09 18:24:00,334 - INFO - System settings applied: sounds=True, clock=True, auto_hide_taskbar=True
2026-06-09 18:24:00,335 - INFO - Looking for config file at: C:\Users\Jonathan\EazyOS\OS\eazyos_config.json
2026-06-09 18:24:00,335 - INFO - Config file found, loading...
2026-06-09 18:24:00,335 - INFO - Loaded configuration: {'theme': {'type': 'color', 'color': '#008080', 'wallpaper': None, 'taskbar_color': '#c0c0c0', 'window_title_color': '#000080'}, 'system': {'startup_sound': 'true', 'enable_sounds': 'true', 'show_clock': 'true', 'auto_hide_windows_taskbar': 'true'}}
2026-06-09 18:24:00,337 - INFO - Playing sound: The Microsoft Sound.wav
2026-06-09 18:24:00,337 - INFO - EazyOS Desktop initialized successfully
2026-06-09 18:24:00,438 - INFO - Loading saved theme...
2026-06-09 18:24:00,438 - INFO - Looking for config file at: C:\Users\Jonathan\EazyOS\OS\eazyos_config.json
2026-06-09 18:24:00,438 - INFO - Config file found, loading...
2026-06-09 18:24:00,438 - INFO - Loaded configuration: {'theme': {'type': 'color', 'color': '#008080', 'wallpaper': None, 'taskbar_color': '#c0c0c0', 'window_title_color': '#000080'}, 'system': {'startup_sound': 'true', 'enable_sounds': 'true', 'show_clock': 'true', 'auto_hide_windows_taskbar': 'true'}}
2026-06-09 18:24:00,439 - INFO - Applied background color: #008080
2026-06-09 18:24:00,440 - INFO - apply_from_config: type=color, taskbar=#c0c0c0, title_bar=#000080
2026-06-09 18:24:15,183 - INFO - Windows taskbar restored
2026-06-09 18:24:26,113 - INFO - Looking for config file at: C:\Users\Jonathan\EazyOS\OS\eazyos_config.json
2026-06-09 18:24:26,114 - INFO - Config file found, loading...
2026-06-09 18:24:26,114 - INFO - Loaded configuration: {'theme': {'type': 'color', 'color': '#008080', 'wallpaper': None, 'taskbar_color': '#c0c0c0', 'window_title_color': '#000080'}, 'system': {'startup_sound': 'true', 'enable_sounds': 'true', 'show_clock': 'true', 'auto_hide_windows_taskbar': 'true'}}
2026-06-09 18:24:26,114 - WARNING - BIOS system file not found: bios.py
2026-06-09 18:24:26,134 - INFO - Looking for config file at: C:\Users\Jonathan\EazyOS\OS\eazyos_config.json
2026-06-09 18:24:26,134 - INFO - Config file found, loading...
2026-06-09 18:24:26,134 - INFO - Loaded configuration: {'theme': {'type': 'color', 'color': '#008080', 'wallpaper': None, 'taskbar_color': '#c0c0c0', 'window_title_color': '#000080'}, 'system': {'startup_sound': 'true', 'enable_sounds': 'true', 'show_clock': 'true', 'auto_hide_windows_taskbar': 'true'}}
2026-06-09 18:24:26,136 - INFO - Windows taskbar hidden
2026-06-09 18:24:26,136 - INFO - System settings applied: sounds=True, clock=True, auto_hide_taskbar=True
2026-06-09 18:24:26,136 - INFO - Looking for config file at: C:\Users\Jonathan\EazyOS\OS\eazyos_config.json
2026-06-09 18:24:26,136 - INFO - Config file found, loading...
2026-06-09 18:24:26,137 - INFO - Loaded configuration: {'theme': {'type': 'color', 'color': '#008080', 'wallpaper': None, 'taskbar_color': '#c0c0c0', 'window_title_color': '#000080'}, 'system': {'startup_sound': 'true', 'enable_sounds': 'true', 'show_clock': 'true', 'auto_hide_windows_taskbar': 'true'}}
2026-06-09 18:24:26,139 - INFO - Playing sound: The Microsoft Sound.wav
2026-06-09 18:24:26,139 - INFO - EazyOS Desktop initialized successfully
2026-06-09 18:24:26,236 - INFO - Loading saved theme...
2026-06-09 18:24:26,236 - INFO - Looking for config file at: C:\Users\Jonathan\EazyOS\OS\eazyos_config.json
2026-06-09 18:24:26,236 - INFO - Config file found, loading...
2026-06-09 18:24:26,236 - INFO - Loaded configuration: {'theme': {'type': 'color', 'color': '#008080', 'wallpaper': None, 'taskbar_color': '#c0c0c0', 'window_title_color': '#000080'}, 'system': {'startup_sound': 'true', 'enable_sounds': 'true', 'show_clock': 'true', 'auto_hide_windows_taskbar': 'true'}}
2026-06-09 18:24:26,237 - INFO - Applied background color: #008080
2026-06-09 18:24:26,238 - INFO - apply_from_config: type=color, taskbar=#c0c0c0, title_bar=#000080
2026-06-09 18:25:16,935 - INFO - Windows taskbar restored
2026-06-09 18:25:19,392 - INFO - Looking for config file at: C:\Users\Jonathan\EazyOS\OS\eazyos_config.json
2026-06-09 18:25:19,392 - INFO - Config file found, loading...
2026-06-09 18:25:19,393 - INFO - Loaded configuration: {'theme': {'type': 'color', 'color': '#008080', 'wallpaper': None, 'taskbar_color': '#c0c0c0', 'window_title_color': '#000080'}, 'system': {'startup_sound': 'true', 'enable_sounds': 'true', 'show_clock': 'true', 'auto_hide_windows_taskbar': 'true'}}
2026-06-09 18:25:19,393 - WARNING - BIOS system file not found: bios.py
2026-06-09 18:25:19,413 - INFO - Looking for config file at: C:\Users\Jonathan\EazyOS\OS\eazyos_config.json
2026-06-09 18:25:19,413 - INFO - Config file found, loading...
2026-06-09 18:25:19,413 - INFO - Loaded configuration: {'theme': {'type': 'color', 'color': '#008080', 'wallpaper': None, 'taskbar_color': '#c0c0c0', 'window_title_color': '#000080'}, 'system': {'startup_sound': 'true', 'enable_sounds': 'true', 'show_clock': 'true', 'auto_hide_windows_taskbar': 'true'}}
2026-06-09 18:25:19,415 - INFO - Windows taskbar hidden
2026-06-09 18:25:19,415 - INFO - System settings applied: sounds=True, clock=True, auto_hide_taskbar=True
2026-06-09 18:25:19,415 - INFO - Looking for config file at: C:\Users\Jonathan\EazyOS\OS\eazyos_config.json
2026-06-09 18:25:19,415 - INFO - Config file found, loading...
2026-06-09 18:25:19,416 - INFO - Loaded configuration: {'theme': {'type': 'color', 'color': '#008080', 'wallpaper': None, 'taskbar_color': '#c0c0c0', 'window_title_color': '#000080'}, 'system': {'startup_sound': 'true', 'enable_sounds': 'true', 'show_clock': 'true', 'auto_hide_windows_taskbar': 'true'}}
2026-06-09 18:25:19,418 - INFO - Playing sound: The Microsoft Sound.wav
2026-06-09 18:25:19,418 - INFO - EazyOS Desktop initialized successfully
2026-06-09 18:25:19,530 - INFO - Loading saved theme...
2026-06-09 18:25:19,531 - INFO - Looking for config file at: C:\Users\Jonathan\EazyOS\OS\eazyos_config.json
2026-06-09 18:25:19,531 - INFO - Config file found, loading...
2026-06-09 18:25:19,531 - INFO - Loaded configuration: {'theme': {'type': 'color', 'color': '#008080', 'wallpaper': None, 'taskbar_color': '#c0c0c0', 'window_title_color': '#000080'}, 'system': {'startup_sound': 'true', 'enable_sounds': 'true', 'show_clock': 'true', 'auto_hide_windows_taskbar': 'true'}}
2026-06-09 18:25:19,532 - INFO - Applied background color: #008080
2026-06-09 18:25:19,533 - INFO - apply_from_config: type=color, taskbar=#c0c0c0, title_bar=#000080
2026-06-09 18:25:29,949 - INFO - Windows taskbar restored
2026-06-09 18:25:43,344 - INFO - Looking for config file at: C:\Users\Jonathan\EazyOS\OS\eazyos_config.json
2026-06-09 18:25:43,344 - INFO - Config file found, loading...
2026-06-09 18:25:43,344 - INFO - Loaded configuration: {'theme': {'type': 'color', 'color': '#008080', 'wallpaper': None, 'taskbar_color': '#c0c0c0', 'window_title_color': '#000080'}, 'system': {'startup_sound': 'true', 'enable_sounds': 'true', 'show_clock': 'true', 'auto_hide_windows_taskbar': 'true'}}
2026-06-09 18:25:43,344 - WARNING - BIOS system file not found: bios.py
2026-06-09 18:25:43,364 - INFO - Looking for config file at: C:\Users\Jonathan\EazyOS\OS\eazyos_config.json
2026-06-09 18:25:43,364 - INFO - Config file found, loading...
2026-06-09 18:25:43,364 - INFO - Loaded configuration: {'theme': {'type': 'color', 'color': '#008080', 'wallpaper': None, 'taskbar_color': '#c0c0c0', 'window_title_color': '#000080'}, 'system': {'startup_sound': 'true', 'enable_sounds': 'true', 'show_clock': 'true', 'auto_hide_windows_taskbar': 'true'}}
2026-06-09 18:25:43,366 - INFO - Windows taskbar hidden
2026-06-09 18:25:43,366 - INFO - System settings applied: sounds=True, clock=True, auto_hide_taskbar=True
2026-06-09 18:25:43,366 - INFO - Looking for config file at: C:\Users\Jonathan\EazyOS\OS\eazyos_config.json
2026-06-09 18:25:43,366 - INFO - Config file found, loading...
2026-06-09 18:25:43,366 - INFO - Loaded configuration: {'theme': {'type': 'color', 'color': '#008080', 'wallpaper': None, 'taskbar_color': '#c0c0c0', 'window_title_color': '#000080'}, 'system': {'startup_sound': 'true', 'enable_sounds': 'true', 'show_clock': 'true', 'auto_hide_windows_taskbar': 'true'}}
2026-06-09 18:25:43,369 - INFO - Playing sound: The Microsoft Sound.wav
2026-06-09 18:25:43,370 - INFO - EazyOS Desktop initialized successfully
2026-06-09 18:25:43,464 - INFO - Loading saved theme...
2026-06-09 18:25:43,464 - INFO - Looking for config file at: C:\Users\Jonathan\EazyOS\OS\eazyos_config.json
2026-06-09 18:25:43,464 - INFO - Config file found, loading...
2026-06-09 18:25:43,465 - INFO - Loaded configuration: {'theme': {'type': 'color', 'color': '#008080', 'wallpaper': None, 'taskbar_color': '#c0c0c0', 'window_title_color': '#000080'}, 'system': {'startup_sound': 'true', 'enable_sounds': 'true', 'show_clock': 'true', 'auto_hide_windows_taskbar': 'true'}}
2026-06-09 18:25:43,466 - INFO - Applied background color: #008080
2026-06-09 18:25:43,466 - INFO - apply_from_config: type=color, taskbar=#c0c0c0, title_bar=#000080
2026-06-09 18:25:49,400 - INFO - Windows taskbar restored
2026-06-09 18:25:59,934 - INFO - Looking for config file at: C:\Users\Jonathan\EazyOS\OS\eazyos_config.json
2026-06-09 18:25:59,934 - INFO - Config file found, loading...
2026-06-09 18:25:59,935 - INFO - Loaded configuration: {'theme': {'type': 'color', 'color': '#008080', 'wallpaper': None, 'taskbar_color': '#c0c0c0', 'window_title_color': '#000080'}, 'system': {'startup_sound': 'true', 'enable_sounds': 'true', 'show_clock': 'true', 'auto_hide_windows_taskbar': 'true'}}
2026-06-09 18:25:59,935 - WARNING - BIOS system file not found: bios.py
2026-06-09 18:25:59,954 - INFO - Looking for config file at: C:\Users\Jonathan\EazyOS\OS\eazyos_config.json
2026-06-09 18:25:59,954 - INFO - Config file found, loading...
2026-06-09 18:25:59,954 - INFO - Loaded configuration: {'theme': {'type': 'color', 'color': '#008080', 'wallpaper': None, 'taskbar_color': '#c0c0c0', 'window_title_color': '#000080'}, 'system': {'startup_sound': 'true', 'enable_sounds': 'true', 'show_clock': 'true', 'auto_hide_windows_taskbar': 'true'}}
2026-06-09 18:25:59,956 - INFO - Windows taskbar hidden
2026-06-09 18:25:59,956 - INFO - System settings applied: sounds=True, clock=True, auto_hide_taskbar=True
2026-06-09 18:25:59,956 - INFO - Looking for config file at: C:\Users\Jonathan\EazyOS\OS\eazyos_config.json
2026-06-09 18:25:59,957 - INFO - Config file found, loading...
2026-06-09 18:25:59,957 - INFO - Loaded configuration: {'theme': {'type': 'color', 'color': '#008080', 'wallpaper': None, 'taskbar_color': '#c0c0c0', 'window_title_color': '#000080'}, 'system': {'startup_sound': 'true', 'enable_sounds': 'true', 'show_clock': 'true', 'auto_hide_windows_taskbar': 'true'}}
2026-06-09 18:25:59,959 - INFO - Playing sound: The Microsoft Sound.wav
2026-06-09 18:25:59,959 - INFO - EazyOS Desktop initialized successfully
2026-06-09 18:26:00,056 - INFO - Loading saved theme...
2026-06-09 18:26:00,057 - INFO - Looking for config file at: C:\Users\Jonathan\EazyOS\OS\eazyos_config.json
2026-06-09 18:26:00,057 - INFO - Config file found, loading...
2026-06-09 18:26:00,057 - INFO - Loaded configuration: {'theme': {'type': 'color', 'color': '#008080', 'wallpaper': None, 'taskbar_color': '#c0c0c0', 'window_title_color': '#000080'}, 'system': {'startup_sound': 'true', 'enable_sounds': 'true', 'show_clock': 'true', 'auto_hide_windows_taskbar': 'true'}}
2026-06-09 18:26:00,058 - INFO - Applied background color: #008080
2026-06-09 18:26:00,058 - INFO - apply_from_config: type=color, taskbar=#c0c0c0, title_bar=#000080
2026-06-09 18:26:11,953 - INFO - Windows taskbar restored
2026-06-09 18:26:49,001 - INFO - Looking for config file at: C:\Users\Jonathan\EazyOS\OS\eazyos_config.json
2026-06-09 18:26:49,001 - INFO - Config file found, loading...
2026-06-09 18:26:49,001 - INFO - Loaded configuration: {'theme': {'type': 'color', 'color': '#008080', 'wallpaper': None, 'taskbar_color': '#c0c0c0', 'window_title_color': '#000080'}, 'system': {'startup_sound': 'true', 'enable_sounds': 'true', 'show_clock': 'true', 'auto_hide_windows_taskbar': 'true'}}
2026-06-09 18:26:49,001 - WARNING - BIOS system file not found: bios.py
2026-06-09 18:26:49,023 - INFO - Looking for config file at: C:\Users\Jonathan\EazyOS\OS\eazyos_config.json
2026-06-09 18:26:49,023 - INFO - Config file found, loading...
2026-06-09 18:26:49,023 - INFO - Loaded configuration: {'theme': {'type': 'color', 'color': '#008080', 'wallpaper': None, 'taskbar_color': '#c0c0c0', 'window_title_color': '#000080'}, 'system': {'startup_sound': 'true', 'enable_sounds': 'true', 'show_clock': 'true', 'auto_hide_windows_taskbar': 'true'}}
2026-06-09 18:26:49,025 - INFO - Windows taskbar hidden
2026-06-09 18:26:49,025 - INFO - System settings applied: sounds=True, clock=True, auto_hide_taskbar=True
2026-06-09 18:26:49,025 - INFO - Looking for config file at: C:\Users\Jonathan\EazyOS\OS\eazyos_config.json
2026-06-09 18:26:49,025 - INFO - Config file found, loading...
2026-06-09 18:26:49,025 - INFO - Loaded configuration: {'theme': {'type': 'color', 'color': '#008080', 'wallpaper': None, 'taskbar_color': '#c0c0c0', 'window_title_color': '#000080'}, 'system': {'startup_sound': 'true', 'enable_sounds': 'true', 'show_clock': 'true', 'auto_hide_windows_taskbar': 'true'}}
2026-06-09 18:26:49,027 - INFO - Playing sound: The Microsoft Sound.wav
2026-06-09 18:26:49,027 - INFO - EazyOS Desktop initialized successfully
2026-06-09 18:26:49,127 - INFO - Loading saved theme...
2026-06-09 18:26:49,127 - INFO - Looking for config file at: C:\Users\Jonathan\EazyOS\OS\eazyos_config.json
2026-06-09 18:26:49,128 - INFO - Config file found, loading...
2026-06-09 18:26:49,128 - INFO - Loaded configuration: {'theme': {'type': 'color', 'color': '#008080', 'wallpaper': None, 'taskbar_color': '#c0c0c0', 'window_title_color': '#000080'}, 'system': {'startup_sound': 'true', 'enable_sounds': 'true', 'show_clock': 'true', 'auto_hide_windows_taskbar': 'true'}}
2026-06-09 18:26:49,129 - INFO - Applied background color: #008080
2026-06-09 18:26:49,129 - INFO - apply_from_config: type=color, taskbar=#c0c0c0, title_bar=#000080
2026-06-09 18:27:02,796 - INFO - Looking for config file at: C:\Users\Jonathan\EazyOS\OS\eazyos_config.json
2026-06-09 18:27:02,796 - INFO - Config file found, loading...
2026-06-09 18:27:02,796 - INFO - Loaded configuration: {'theme': {'type': 'color', 'color': '#008080', 'wallpaper': None, 'taskbar_color': '#c0c0c0', 'window_title_color': '#000080'}, 'system': {'startup_sound': 'true', 'enable_sounds': 'true', 'show_clock': 'true', 'auto_hide_windows_taskbar': 'true'}}
2026-06-09 18:27:02,797 - WARNING - BIOS system file not found: bios.py
2026-06-09 18:27:02,816 - INFO - Looking for config file at: C:\Users\Jonathan\EazyOS\OS\eazyos_config.json
2026-06-09 18:27:02,816 - INFO - Config file found, loading...
2026-06-09 18:27:02,816 - INFO - Loaded configuration: {'theme': {'type': 'color', 'color': '#008080', 'wallpaper': None, 'taskbar_color': '#c0c0c0', 'window_title_color': '#000080'}, 'system': {'startup_sound': 'true', 'enable_sounds': 'true', 'show_clock': 'true', 'auto_hide_windows_taskbar': 'true'}}
2026-06-09 18:27:02,816 - INFO - Windows taskbar hidden
2026-06-09 18:27:02,817 - INFO - System settings applied: sounds=True, clock=True, auto_hide_taskbar=True
2026-06-09 18:27:02,817 - INFO - Looking for config file at: C:\Users\Jonathan\EazyOS\OS\eazyos_config.json
2026-06-09 18:27:02,817 - INFO - Config file found, loading...
2026-06-09 18:27:02,817 - INFO - Loaded configuration: {'theme': {'type': 'color', 'color': '#008080', 'wallpaper': None, 'taskbar_color': '#c0c0c0', 'window_title_color': '#000080'}, 'system': {'startup_sound': 'true', 'enable_sounds': 'true', 'show_clock': 'true', 'auto_hide_windows_taskbar': 'true'}}
2026-06-09 18:27:02,819 - INFO - Playing sound: The Microsoft Sound.wav
2026-06-09 18:27:02,819 - INFO - EazyOS Desktop initialized successfully
2026-06-09 18:27:02,917 - INFO - Loading saved theme...
2026-06-09 18:27:02,917 - INFO - Looking for config file at: C:\Users\Jonathan\EazyOS\OS\eazyos_config.json
2026-06-09 18:27:02,917 - INFO - Config file found, loading...
2026-06-09 18:27:02,918 - INFO - Loaded configuration: {'theme': {'type': 'color', 'color': '#008080', 'wallpaper': None, 'taskbar_color': '#c0c0c0', 'window_title_color': '#000080'}, 'system': {'startup_sound': 'true', 'enable_sounds': 'true', 'show_clock': 'true', 'auto_hide_windows_taskbar': 'true'}}
2026-06-09 18:27:02,919 - INFO - Applied background color: #008080
2026-06-09 18:27:02,919 - INFO - apply_from_config: type=color, taskbar=#c0c0c0, title_bar=#000080
2026-06-09 18:27:04,081 - INFO - Windows taskbar restored
2026-06-09 18:28:21,143 - INFO - Looking for config file at: C:\Users\Jonathan\EazyOS\OS\eazyos_config.json
2026-06-09 18:28:21,144 - INFO - Config file found, loading...
2026-06-09 18:28:21,144 - INFO - Loaded configuration: {'theme': {'type': 'color', 'color': '#008080', 'wallpaper': None, 'taskbar_color': '#c0c0c0', 'window_title_color': '#000080'}, 'system': {'startup_sound': 'true', 'enable_sounds': 'true', 'show_clock': 'true', 'auto_hide_windows_taskbar': 'true'}}
2026-06-09 18:28:21,144 - WARNING - BIOS system file not found: bios.py
2026-06-09 18:28:21,165 - INFO - Looking for config file at: C:\Users\Jonathan\EazyOS\OS\eazyos_config.json
2026-06-09 18:28:21,165 - INFO - Config file found, loading...
2026-06-09 18:28:21,165 - INFO - Loaded configuration: {'theme': {'type': 'color', 'color': '#008080', 'wallpaper': None, 'taskbar_color': '#c0c0c0', 'window_title_color': '#000080'}, 'system': {'startup_sound': 'true', 'enable_sounds': 'true', 'show_clock': 'true', 'auto_hide_windows_taskbar': 'true'}}
2026-06-09 18:28:21,167 - INFO - Windows taskbar hidden
2026-06-09 18:28:21,167 - INFO - System settings applied: sounds=True, clock=True, auto_hide_taskbar=True
2026-06-09 18:28:21,167 - INFO - Looking for config file at: C:\Users\Jonathan\EazyOS\OS\eazyos_config.json
2026-06-09 18:28:21,167 - INFO - Config file found, loading...
2026-06-09 18:28:21,168 - INFO - Loaded configuration: {'theme': {'type': 'color', 'color': '#008080', 'wallpaper': None, 'taskbar_color': '#c0c0c0', 'window_title_color': '#000080'}, 'system': {'startup_sound': 'true', 'enable_sounds': 'true', 'show_clock': 'true', 'auto_hide_windows_taskbar': 'true'}}
2026-06-09 18:28:21,169 - INFO - Playing sound: The Microsoft Sound.wav
2026-06-09 18:28:21,169 - INFO - EazyOS Desktop initialized successfully
2026-06-09 18:28:21,266 - INFO - Loading saved theme...
2026-06-09 18:28:21,266 - INFO - Looking for config file at: C:\Users\Jonathan\EazyOS\OS\eazyos_config.json
2026-06-09 18:28:21,266 - INFO - Config file found, loading...
2026-06-09 18:28:21,267 - INFO - Loaded configuration: {'theme': {'type': 'color', 'color': '#008080', 'wallpaper': None, 'taskbar_color': '#c0c0c0', 'window_title_color': '#000080'}, 'system': {'startup_sound': 'true', 'enable_sounds': 'true', 'show_clock': 'true', 'auto_hide_windows_taskbar': 'true'}}
2026-06-09 18:28:21,268 - INFO - Applied background color: #008080
2026-06-09 18:28:21,269 - INFO - apply_from_config: type=color, taskbar=#c0c0c0, title_bar=#000080
2026-06-09 18:28:37,773 - INFO - Looking for config file at: C:\Users\Jonathan\EazyOS\OS\eazyos_config.json
2026-06-09 18:28:37,773 - INFO - Config file found, loading...
2026-06-09 18:28:37,773 - INFO - Loaded configuration: {'theme': {'type': 'color', 'color': '#008080', 'wallpaper': None, 'taskbar_color': '#c0c0c0', 'window_title_color': '#000080'}, 'system': {'startup_sound': 'true', 'enable_sounds': 'true', 'show_clock': 'true', 'auto_hide_windows_taskbar': 'true'}}
2026-06-09 18:28:37,774 - WARNING - BIOS system file not found: bios.py
2026-06-09 18:28:37,794 - INFO - Looking for config file at: C:\Users\Jonathan\EazyOS\OS\eazyos_config.json
2026-06-09 18:28:37,794 - INFO - Config file found, loading...
2026-06-09 18:28:37,794 - INFO - Loaded configuration: {'theme': {'type': 'color', 'color': '#008080', 'wallpaper': None, 'taskbar_color': '#c0c0c0', 'window_title_color': '#000080'}, 'system': {'startup_sound': 'true', 'enable_sounds': 'true', 'show_clock': 'true', 'auto_hide_windows_taskbar': 'true'}}
2026-06-09 18:28:37,795 - INFO - Windows taskbar hidden
2026-06-09 18:28:37,795 - INFO - System settings applied: sounds=True, clock=True, auto_hide_taskbar=True
2026-06-09 18:28:37,795 - INFO - Looking for config file at: C:\Users\Jonathan\EazyOS\OS\eazyos_config.json
2026-06-09 18:28:37,795 - INFO - Config file found, loading...
2026-06-09 18:28:37,795 - INFO - Loaded configuration: {'theme': {'type': 'color', 'color': '#008080', 'wallpaper': None, 'taskbar_color': '#c0c0c0', 'window_title_color': '#000080'}, 'system': {'startup_sound': 'true', 'enable_sounds': 'true', 'show_clock': 'true', 'auto_hide_windows_taskbar': 'true'}}
2026-06-09 18:28:37,797 - INFO - Playing sound: The Microsoft Sound.wav
2026-06-09 18:28:37,797 - INFO - EazyOS Desktop initialized successfully
2026-06-09 18:28:37,895 - INFO - Loading saved theme...
2026-06-09 18:28:37,895 - INFO - Looking for config file at: C:\Users\Jonathan\EazyOS\OS\eazyos_config.json
2026-06-09 18:28:37,895 - INFO - Config file found, loading...
2026-06-09 18:28:37,895 - INFO - Loaded configuration: {'theme': {'type': 'color', 'color': '#008080', 'wallpaper': None, 'taskbar_color': '#c0c0c0', 'window_title_color': '#000080'}, 'system': {'startup_sound': 'true', 'enable_sounds': 'true', 'show_clock': 'true', 'auto_hide_windows_taskbar': 'true'}}
2026-06-09 18:28:37,896 - INFO - Applied background color: #008080
2026-06-09 18:28:37,896 - INFO - apply_from_config: type=color, taskbar=#c0c0c0, title_bar=#000080
2026-06-09 18:28:38,275 - INFO - Windows taskbar restored
2026-06-09 18:29:13,486 - INFO - Looking for config file at: C:\Users\Jonathan\EazyOS\OS\eazyos_config.json
2026-06-09 18:29:13,486 - INFO - Config file found, loading...
2026-06-09 18:29:13,487 - INFO - Loaded configuration: {'theme': {'type': 'color', 'color': '#008080', 'wallpaper': None, 'taskbar_color': '#c0c0c0', 'window_title_color': '#000080'}, 'system': {'startup_sound': 'true', 'enable_sounds': 'true', 'show_clock': 'true', 'auto_hide_windows_taskbar': 'true'}}
2026-06-09 18:29:13,487 - WARNING - BIOS system file not found: bios.py
2026-06-09 18:29:13,507 - INFO - Looking for config file at: C:\Users\Jonathan\EazyOS\OS\eazyos_config.json
2026-06-09 18:29:13,507 - INFO - Config file found, loading...
2026-06-09 18:29:13,507 - INFO - Loaded configuration: {'theme': {'type': 'color', 'color': '#008080', 'wallpaper': None, 'taskbar_color': '#c0c0c0', 'window_title_color': '#000080'}, 'system': {'startup_sound': 'true', 'enable_sounds': 'true', 'show_clock': 'true', 'auto_hide_windows_taskbar': 'true'}}
2026-06-09 18:29:13,509 - INFO - Windows taskbar hidden
2026-06-09 18:29:13,509 - INFO - System settings applied: sounds=True, clock=True, auto_hide_taskbar=True
2026-06-09 18:29:13,509 - INFO - Looking for config file at: C:\Users\Jonathan\EazyOS\OS\eazyos_config.json
2026-06-09 18:29:13,509 - INFO - Config file found, loading...
2026-06-09 18:29:13,510 - INFO - Loaded configuration: {'theme': {'type': 'color', 'color': '#008080', 'wallpaper': None, 'taskbar_color': '#c0c0c0', 'window_title_color': '#000080'}, 'system': {'startup_sound': 'true', 'enable_sounds': 'true', 'show_clock': 'true', 'auto_hide_windows_taskbar': 'true'}}
2026-06-09 18:29:13,512 - INFO - Playing sound: The Microsoft Sound.wav
2026-06-09 18:29:13,512 - INFO - EazyOS Desktop initialized successfully
2026-06-09 18:29:13,632 - INFO - Loading saved theme...
2026-06-09 18:29:13,632 - INFO - Looking for config file at: C:\Users\Jonathan\EazyOS\OS\eazyos_config.json
2026-06-09 18:29:13,633 - INFO - Config file found, loading...
2026-06-09 18:29:13,633 - INFO - Loaded configuration: {'theme': {'type': 'color', 'color': '#008080', 'wallpaper': None, 'taskbar_color': '#c0c0c0', 'window_title_color': '#000080'}, 'system': {'startup_sound': 'true', 'enable_sounds': 'true', 'show_clock': 'true', 'auto_hide_windows_taskbar': 'true'}}
2026-06-09 18:29:13,634 - INFO - Applied background color: #008080
2026-06-09 18:29:13,635 - INFO - apply_from_config: type=color, taskbar=#c0c0c0, title_bar=#000080
2026-06-09 18:29:37,661 - INFO - Windows taskbar restored
2026-06-09 18:30:25,457 - INFO - Looking for config file at: C:\Users\Jonathan\EazyOS\OS\eazyos_config.json
2026-06-09 18:30:25,457 - INFO - Config file found, loading...
2026-06-09 18:30:25,457 - INFO - Loaded configuration: {'theme': {'type': 'color', 'color': '#008080', 'wallpaper': None, 'taskbar_color': '#c0c0c0', 'window_title_color': '#000080'}, 'system': {'startup_sound': 'true', 'enable_sounds': 'true', 'show_clock': 'true', 'auto_hide_windows_taskbar': 'true'}}
2026-06-09 18:30:25,458 - WARNING - BIOS system file not found: bios.py
2026-06-09 18:30:25,478 - INFO - Looking for config file at: C:\Users\Jonathan\EazyOS\OS\eazyos_config.json
2026-06-09 18:30:25,479 - INFO - Config file found, loading...
2026-06-09 18:30:25,479 - INFO - Loaded configuration: {'theme': {'type': 'color', 'color': '#008080', 'wallpaper': None, 'taskbar_color': '#c0c0c0', 'window_title_color': '#000080'}, 'system': {'startup_sound': 'true', 'enable_sounds': 'true', 'show_clock': 'true', 'auto_hide_windows_taskbar': 'true'}}
2026-06-09 18:30:25,480 - INFO - Windows taskbar hidden
2026-06-09 18:30:25,481 - INFO - System settings applied: sounds=True, clock=True, auto_hide_taskbar=True
2026-06-09 18:30:25,481 - INFO - Looking for config file at: C:\Users\Jonathan\EazyOS\OS\eazyos_config.json
2026-06-09 18:30:25,481 - INFO - Config file found, loading...
2026-06-09 18:30:25,481 - INFO - Loaded configuration: {'theme': {'type': 'color', 'color': '#008080', 'wallpaper': None, 'taskbar_color': '#c0c0c0', 'window_title_color': '#000080'}, 'system': {'startup_sound': 'true', 'enable_sounds': 'true', 'show_clock': 'true', 'auto_hide_windows_taskbar': 'true'}}
2026-06-09 18:30:25,483 - INFO - Playing sound: The Microsoft Sound.wav
2026-06-09 18:30:25,483 - INFO - EazyOS Desktop initialized successfully
2026-06-09 18:30:25,579 - INFO - Loading saved theme...
2026-06-09 18:30:25,579 - INFO - Looking for config file at: C:\Users\Jonathan\EazyOS\OS\eazyos_config.json
2026-06-09 18:30:25,579 - INFO - Config file found, loading...
2026-06-09 18:30:25,580 - INFO - Loaded configuration: {'theme': {'type': 'color', 'color': '#008080', 'wallpaper': None, 'taskbar_color': '#c0c0c0', 'window_title_color': '#000080'}, 'system': {'startup_sound': 'true', 'enable_sounds': 'true', 'show_clock': 'true', 'auto_hide_windows_taskbar': 'true'}}
2026-06-09 18:30:25,580 - INFO - Applied background color: #008080
2026-06-09 18:30:25,581 - INFO - apply_from_config: type=color, taskbar=#c0c0c0, title_bar=#000080
2026-06-09 18:30:54,508 - INFO - Windows taskbar restored
2026-06-09 18:31:09,001 - INFO - Looking for config file at: C:\Users\Jonathan\EazyOS\OS\eazyos_config.json
2026-06-09 18:31:09,001 - INFO - Config file found, loading...
2026-06-09 18:31:09,001 - INFO - Loaded configuration: {'theme': {'type': 'color', 'color': '#008080', 'wallpaper': None, 'taskbar_color': '#c0c0c0', 'window_title_color': '#000080'}, 'system': {'startup_sound': 'true', 'enable_sounds': 'true', 'show_clock': 'true', 'auto_hide_windows_taskbar': 'true'}}
2026-06-09 18:31:09,002 - WARNING - BIOS system file not found: bios.py
2026-06-09 18:31:09,022 - INFO - Looking for config file at: C:\Users\Jonathan\EazyOS\OS\eazyos_config.json
2026-06-09 18:31:09,022 - INFO - Config file found, loading...
2026-06-09 18:31:09,022 - INFO - Loaded configuration: {'theme': {'type': 'color', 'color': '#008080', 'wallpaper': None, 'taskbar_color': '#c0c0c0', 'window_title_color': '#000080'}, 'system': {'startup_sound': 'true', 'enable_sounds': 'true', 'show_clock': 'true', 'auto_hide_windows_taskbar': 'true'}}
2026-06-09 18:31:09,024 - INFO - Windows taskbar hidden
2026-06-09 18:31:09,024 - INFO - System settings applied: sounds=True, clock=True, auto_hide_taskbar=True
2026-06-09 18:31:09,024 - INFO - Looking for config file at: C:\Users\Jonathan\EazyOS\OS\eazyos_config.json
2026-06-09 18:31:09,025 - INFO - Config file found, loading...
2026-06-09 18:31:09,025 - INFO - Loaded configuration: {'theme': {'type': 'color', 'color': '#008080', 'wallpaper': None, 'taskbar_color': '#c0c0c0', 'window_title_color': '#000080'}, 'system': {'startup_sound': 'true', 'enable_sounds': 'true', 'show_clock': 'true', 'auto_hide_windows_taskbar': 'true'}}
2026-06-09 18:31:09,027 - INFO - Playing sound: The Microsoft Sound.wav
2026-06-09 18:31:09,027 - INFO - EazyOS Desktop initialized successfully
2026-06-09 18:31:09,122 - INFO - Loading saved theme...
2026-06-09 18:31:09,122 - INFO - Looking for config file at: C:\Users\Jonathan\EazyOS\OS\eazyos_config.json
2026-06-09 18:31:09,123 - INFO - Config file found, loading...
2026-06-09 18:31:09,123 - INFO - Loaded configuration: {'theme': {'type': 'color', 'color': '#008080', 'wallpaper': None, 'taskbar_color': '#c0c0c0', 'window_title_color': '#000080'}, 'system': {'startup_sound': 'true', 'enable_sounds': 'true', 'show_clock': 'true', 'auto_hide_windows_taskbar': 'true'}}
2026-06-09 18:31:09,124 - INFO - Applied background color: #008080
2026-06-09 18:31:09,125 - INFO - apply_from_config: type=color, taskbar=#c0c0c0, title_bar=#000080
2026-06-09 18:31:23,516 - INFO - Windows taskbar restored
2026-06-09 18:31:55,276 - INFO - Looking for config file at: C:\Users\Jonathan\EazyOS\OS\eazyos_config.json
2026-06-09 18:31:55,277 - INFO - Config file found, loading...
2026-06-09 18:31:55,277 - INFO - Loaded configuration: {'theme': {'type': 'color', 'color': '#008080', 'wallpaper': None, 'taskbar_color': '#c0c0c0', 'window_title_color': '#000080'}, 'system': {'startup_sound': 'true', 'enable_sounds': 'true', 'show_clock': 'true', 'auto_hide_windows_taskbar': 'true'}}
2026-06-09 18:31:55,277 - WARNING - BIOS system file not found: bios.py
2026-06-09 18:31:55,298 - INFO - Looking for config file at: C:\Users\Jonathan\EazyOS\OS\eazyos_config.json
2026-06-09 18:31:55,298 - INFO - Config file found, loading...
2026-06-09 18:31:55,299 - INFO - Loaded configuration: {'theme': {'type': 'color', 'color': '#008080', 'wallpaper': None, 'taskbar_color': '#c0c0c0', 'window_title_color': '#000080'}, 'system': {'startup_sound': 'true', 'enable_sounds': 'true', 'show_clock': 'true', 'auto_hide_windows_taskbar': 'true'}}
2026-06-09 18:31:55,300 - INFO - Windows taskbar hidden
2026-06-09 18:31:55,300 - INFO - System settings applied: sounds=True, clock=True, auto_hide_taskbar=True
2026-06-09 18:31:55,300 - INFO - Looking for config file at: C:\Users\Jonathan\EazyOS\OS\eazyos_config.json
2026-06-09 18:31:55,300 - INFO - Config file found, loading...
2026-06-09 18:31:55,301 - INFO - Loaded configuration: {'theme': {'type': 'color', 'color': '#008080', 'wallpaper': None, 'taskbar_color': '#c0c0c0', 'window_title_color': '#000080'}, 'system': {'startup_sound': 'true', 'enable_sounds': 'true', 'show_clock': 'true', 'auto_hide_windows_taskbar': 'true'}}
2026-06-09 18:31:55,302 - INFO - Playing sound: The Microsoft Sound.wav
2026-06-09 18:31:55,303 - INFO - EazyOS Desktop initialized successfully
2026-06-09 18:31:55,402 - INFO - Loading saved theme...
2026-06-09 18:31:55,402 - INFO - Looking for config file at: C:\Users\Jonathan\EazyOS\OS\eazyos_config.json
2026-06-09 18:31:55,402 - INFO - Config file found, loading...
2026-06-09 18:31:55,402 - INFO - Loaded configuration: {'theme': {'type': 'color', 'color': '#008080', 'wallpaper': None, 'taskbar_color': '#c0c0c0', 'window_title_color': '#000080'}, 'system': {'startup_sound': 'true', 'enable_sounds': 'true', 'show_clock': 'true', 'auto_hide_windows_taskbar': 'true'}}
2026-06-09 18:31:55,403 - INFO - Applied background color: #008080
2026-06-09 18:31:55,404 - INFO - apply_from_config: type=color, taskbar=#c0c0c0, title_bar=#000080
2026-06-09 18:32:03,874 - INFO - Windows taskbar restored
2026-06-09 18:32:18,053 - INFO - Looking for config file at: C:\Users\Jonathan\EazyOS\OS\eazyos_config.json
2026-06-09 18:32:18,053 - INFO - Config file found, loading...
2026-06-09 18:32:18,054 - INFO - Loaded configuration: {'theme': {'type': 'color', 'color': '#008080', 'wallpaper': None, 'taskbar_color': '#c0c0c0', 'window_title_color': '#000080'}, 'system': {'startup_sound': 'true', 'enable_sounds': 'true', 'show_clock': 'true', 'auto_hide_windows_taskbar': 'true'}}
2026-06-09 18:32:18,054 - WARNING - BIOS system file not found: bios.py
2026-06-09 18:32:18,073 - INFO - Looking for config file at: C:\Users\Jonathan\EazyOS\OS\eazyos_config.json
2026-06-09 18:32:18,074 - INFO - Config file found, loading...
2026-06-09 18:32:18,074 - INFO - Loaded configuration: {'theme': {'type': 'color', 'color': '#008080', 'wallpaper': None, 'taskbar_color': '#c0c0c0', 'window_title_color': '#000080'}, 'system': {'startup_sound': 'true', 'enable_sounds': 'true', 'show_clock': 'true', 'auto_hide_windows_taskbar': 'true'}}
2026-06-09 18:32:18,075 - INFO - Windows taskbar hidden
2026-06-09 18:32:18,075 - INFO - System settings applied: sounds=True, clock=True, auto_hide_taskbar=True
2026-06-09 18:32:18,076 - INFO - Looking for config file at: C:\Users\Jonathan\EazyOS\OS\eazyos_config.json
2026-06-09 18:32:18,076 - INFO - Config file found, loading...
2026-06-09 18:32:18,076 - INFO - Loaded configuration: {'theme': {'type': 'color', 'color': '#008080', 'wallpaper': None, 'taskbar_color': '#c0c0c0', 'window_title_color': '#000080'}, 'system': {'startup_sound': 'true', 'enable_sounds': 'true', 'show_clock': 'true', 'auto_hide_windows_taskbar': 'true'}}
2026-06-09 18:32:18,078 - INFO - Playing sound: The Microsoft Sound.wav
2026-06-09 18:32:18,078 - INFO - EazyOS Desktop initialized successfully
2026-06-09 18:32:18,176 - INFO - Loading saved theme...
2026-06-09 18:32:18,177 - INFO - Looking for config file at: C:\Users\Jonathan\EazyOS\OS\eazyos_config.json
2026-06-09 18:32:18,177 - INFO - Config file found, loading...
2026-06-09 18:32:18,177 - INFO - Loaded configuration: {'theme': {'type': 'color', 'color': '#008080', 'wallpaper': None, 'taskbar_color': '#c0c0c0', 'window_title_color': '#000080'}, 'system': {'startup_sound': 'true', 'enable_sounds': 'true', 'show_clock': 'true', 'auto_hide_windows_taskbar': 'true'}}
2026-06-09 18:32:18,178 - INFO - Applied background color: #008080
2026-06-09 18:32:18,179 - INFO - apply_from_config: type=color, taskbar=#c0c0c0, title_bar=#000080
2026-06-09 18:32:28,753 - INFO - Windows taskbar restored
2026-06-09 18:32:48,044 - INFO - Looking for config file at: C:\Users\Jonathan\EazyOS\OS\eazyos_config.json
2026-06-09 18:32:48,044 - INFO - Config file found, loading...
2026-06-09 18:32:48,045 - INFO - Loaded configuration: {'theme': {'type': 'color', 'color': '#008080', 'wallpaper': None, 'taskbar_color': '#c0c0c0', 'window_title_color': '#000080'}, 'system': {'startup_sound': 'true', 'enable_sounds': 'true', 'show_clock': 'true', 'auto_hide_windows_taskbar': 'true'}}
2026-06-09 18:32:48,045 - WARNING - BIOS system file not found: bios.py
2026-06-09 18:32:48,066 - INFO - Looking for config file at: C:\Users\Jonathan\EazyOS\OS\eazyos_config.json
2026-06-09 18:32:48,067 - INFO - Config file found, loading...
2026-06-09 18:32:48,067 - INFO - Loaded configuration: {'theme': {'type': 'color', 'color': '#008080', 'wallpaper': None, 'taskbar_color': '#c0c0c0', 'window_title_color': '#000080'}, 'system': {'startup_sound': 'true', 'enable_sounds': 'true', 'show_clock': 'true', 'auto_hide_windows_taskbar': 'true'}}
2026-06-09 18:32:48,069 - INFO - Windows taskbar hidden
2026-06-09 18:32:48,069 - INFO - System settings applied: sounds=True, clock=True, auto_hide_taskbar=True
2026-06-09 18:32:48,069 - INFO - Looking for config file at: C:\Users\Jonathan\EazyOS\OS\eazyos_config.json
2026-06-09 18:32:48,069 - INFO - Config file found, loading...
2026-06-09 18:32:48,069 - INFO - Loaded configuration: {'theme': {'type': 'color', 'color': '#008080', 'wallpaper': None, 'taskbar_color': '#c0c0c0', 'window_title_color': '#000080'}, 'system': {'startup_sound': 'true', 'enable_sounds': 'true', 'show_clock': 'true', 'auto_hide_windows_taskbar': 'true'}}
2026-06-09 18:32:48,071 - INFO - Playing sound: The Microsoft Sound.wav
2026-06-09 18:32:48,071 - INFO - EazyOS Desktop initialized successfully
2026-06-09 18:32:48,168 - INFO - Loading saved theme...
2026-06-09 18:32:48,169 - INFO - Looking for config file at: C:\Users\Jonathan\EazyOS\OS\eazyos_config.json
2026-06-09 18:32:48,169 - INFO - Config file found, loading...
2026-06-09 18:32:48,169 - INFO - Loaded configuration: {'theme': {'type': 'color', 'color': '#008080', 'wallpaper': None, 'taskbar_color': '#c0c0c0', 'window_title_color': '#000080'}, 'system': {'startup_sound': 'true', 'enable_sounds': 'true', 'show_clock': 'true', 'auto_hide_windows_taskbar': 'true'}}
2026-06-09 18:32:48,170 - INFO - Applied background color: #008080
2026-06-09 18:32:48,170 - INFO - apply_from_config: type=color, taskbar=#c0c0c0, title_bar=#000080
2026-06-09 18:33:54,783 - INFO - Windows taskbar restored
2026-06-09 18:52:18,045 - INFO - Looking for config file at: C:\Users\Jonathan\EazyOS\OS\eazyos_config.json
2026-06-09 18:52:18,045 - INFO - Config file found, loading...
2026-06-09 18:52:18,045 - INFO - Loaded configuration: {'theme': {'type': 'color', 'color': '#008080', 'wallpaper': None, 'taskbar_color': '#c0c0c0', 'window_title_color': '#000080'}, 'system': {'startup_sound': 'true', 'enable_sounds': 'true', 'show_clock': 'true', 'auto_hide_windows_taskbar': 'true'}}
2026-06-09 18:52:18,046 - WARNING - BIOS system file not found: bios.py
2026-06-09 18:52:18,065 - INFO - Looking for config file at: C:\Users\Jonathan\EazyOS\OS\eazyos_config.json
2026-06-09 18:52:18,066 - INFO - Config file found, loading...
2026-06-09 18:52:18,066 - INFO - Loaded configuration: {'theme': {'type': 'color', 'color': '#008080', 'wallpaper': None, 'taskbar_color': '#c0c0c0', 'window_title_color': '#000080'}, 'system': {'startup_sound': 'true', 'enable_sounds': 'true', 'show_clock': 'true', 'auto_hide_windows_taskbar': 'true'}}
2026-06-09 18:52:18,068 - INFO - Windows taskbar hidden
2026-06-09 18:52:18,068 - INFO - System settings applied: sounds=True, clock=True, auto_hide_taskbar=True
2026-06-09 18:52:18,068 - INFO - Looking for config file at: C:\Users\Jonathan\EazyOS\OS\eazyos_config.json
2026-06-09 18:52:18,068 - INFO - Config file found, loading...
2026-06-09 18:52:18,069 - INFO - Loaded configuration: {'theme': {'type': 'color', 'color': '#008080', 'wallpaper': None, 'taskbar_color': '#c0c0c0', 'window_title_color': '#000080'}, 'system': {'startup_sound': 'true', 'enable_sounds': 'true', 'show_clock': 'true', 'auto_hide_windows_taskbar': 'true'}}
2026-06-09 18:52:18,071 - INFO - Playing sound: The Microsoft Sound.wav
2026-06-09 18:52:18,071 - INFO - EazyOS Desktop initialized successfully
2026-06-09 18:52:18,171 - INFO - Loading saved theme...
2026-06-09 18:52:18,171 - INFO - Looking for config file at: C:\Users\Jonathan\EazyOS\OS\eazyos_config.json
2026-06-09 18:52:18,171 - INFO - Config file found, loading...
2026-06-09 18:52:18,171 - INFO - Loaded configuration: {'theme': {'type': 'color', 'color': '#008080', 'wallpaper': None, 'taskbar_color': '#c0c0c0', 'window_title_color': '#000080'}, 'system': {'startup_sound': 'true', 'enable_sounds': 'true', 'show_clock': 'true', 'auto_hide_windows_taskbar': 'true'}}
2026-06-09 18:52:18,172 - INFO - Applied background color: #008080
2026-06-09 18:52:18,173 - INFO - apply_from_config: type=color, taskbar=#c0c0c0, title_bar=#000080
2026-06-09 18:52:21,697 - INFO - Windows taskbar restored
2026-06-09 18:53:25,942 - INFO - Looking for config file at: C:\Users\Jonathan\EazyOS\OS\eazyos_config.json
2026-06-09 18:53:25,942 - INFO - Config file found, loading...
2026-06-09 18:53:25,943 - INFO - Loaded configuration: {'theme': {'type': 'color', 'color': '#008080', 'wallpaper': None, 'taskbar_color': '#c0c0c0', 'window_title_color': '#000080'}, 'system': {'startup_sound': 'true', 'enable_sounds': 'true', 'show_clock': 'true', 'auto_hide_windows_taskbar': 'true'}}
2026-06-09 18:53:25,943 - WARNING - BIOS system file not found: bios.py
2026-06-09 18:53:25,962 - INFO - Looking for config file at: C:\Users\Jonathan\EazyOS\OS\eazyos_config.json
2026-06-09 18:53:25,963 - INFO - Config file found, loading...
2026-06-09 18:53:25,963 - INFO - Loaded configuration: {'theme': {'type': 'color', 'color': '#008080', 'wallpaper': None, 'taskbar_color': '#c0c0c0', 'window_title_color': '#000080'}, 'system': {'startup_sound': 'true', 'enable_sounds': 'true', 'show_clock': 'true', 'auto_hide_windows_taskbar': 'true'}}
2026-06-09 18:53:25,965 - INFO - Windows taskbar hidden
2026-06-09 18:53:25,965 - INFO - System settings applied: sounds=True, clock=True, auto_hide_taskbar=True
2026-06-09 18:53:25,965 - INFO - Looking for config file at: C:\Users\Jonathan\EazyOS\OS\eazyos_config.json
2026-06-09 18:53:25,966 - INFO - Config file found, loading...
2026-06-09 18:53:25,966 - INFO - Loaded configuration: {'theme': {'type': 'color', 'color': '#008080', 'wallpaper': None, 'taskbar_color': '#c0c0c0', 'window_title_color': '#000080'}, 'system': {'startup_sound': 'true', 'enable_sounds': 'true', 'show_clock': 'true', 'auto_hide_windows_taskbar': 'true'}}
2026-06-09 18:53:25,968 - INFO - Playing sound: The Microsoft Sound.wav
2026-06-09 18:53:25,968 - INFO - EazyOS Desktop initialized successfully
2026-06-09 18:53:26,070 - INFO - Loading saved theme...
2026-06-09 18:53:26,070 - INFO - Looking for config file at: C:\Users\Jonathan\EazyOS\OS\eazyos_config.json
2026-06-09 18:53:26,071 - INFO - Config file found, loading...
2026-06-09 18:53:26,071 - INFO - Loaded configuration: {'theme': {'type': 'color', 'color': '#008080', 'wallpaper': None, 'taskbar_color': '#c0c0c0', 'window_title_color': '#000080'}, 'system': {'startup_sound': 'true', 'enable_sounds': 'true', 'show_clock': 'true', 'auto_hide_windows_taskbar': 'true'}}
2026-06-09 18:53:26,071 - INFO - Applied background color: #008080
2026-06-09 18:53:26,072 - INFO - apply_from_config: type=color, taskbar=#c0c0c0, title_bar=#000080
2026-06-09 18:55:01,398 - INFO - Playing sound: DING.wav
2026-06-09 18:55:02,372 - INFO - Playing sound: DING.wav
2026-06-09 18:55:03,101 - INFO - Playing sound: shutdown.wav
2026-06-09 18:55:07,102 - INFO - Windows taskbar restored
2026-06-09 18:55:08,621 - INFO - Windows taskbar restored
2026-06-09 18:58:53,670 - INFO - Looking for config file at: C:\Users\Jonathan\EazyOS\OS\eazyos_config.json
2026-06-09 18:58:53,671 - INFO - Config file found, loading...
2026-06-09 18:58:53,671 - INFO - Loaded configuration: {'theme': {'type': 'color', 'color': '#008080', 'wallpaper': None, 'taskbar_color': '#c0c0c0', 'window_title_color': '#000080'}, 'system': {'startup_sound': 'true', 'enable_sounds': 'true', 'show_clock': 'true', 'auto_hide_windows_taskbar': 'true'}}
2026-06-09 18:58:53,671 - WARNING - BIOS system file not found: bios.py
2026-06-09 18:58:53,691 - CRITICAL - Fatal error: cannot access local variable 'screensaver_menu' where it is not associated with a value
Traceback (most recent call last):
  File "C:\Users\Jonathan\EazyOS\OS\OS.py", line 979, in <module>
    desktop = EazyOSDesktop()
  File "C:\Users\Jonathan\EazyOS\OS\OS.py", line 449, in __init__
    self._create_start_menu()
    ~~~~~~~~~~~~~~~~~~~~~~~^^
  File "C:\Users\Jonathan\EazyOS\OS\OS.py", line 757, in _create_start_menu
    screensaver_menu.add_command(label="Contact Me", command=self._open_contact)
    ^^^^^^^^^^^^^^^^
UnboundLocalError: cannot access local variable 'screensaver_menu' where it is not associated with a value
2026-06-09 18:59:54,559 - INFO - Looking for config file at: C:\Users\Jonathan\EazyOS\OS\eazyos_config.json
2026-06-09 18:59:54,559 - INFO - Config file found, loading...
2026-06-09 18:59:54,559 - INFO - Loaded configuration: {'theme': {'type': 'color', 'color': '#008080', 'wallpaper': None, 'taskbar_color': '#c0c0c0', 'window_title_color': '#000080'}, 'system': {'startup_sound': 'true', 'enable_sounds': 'true', 'show_clock': 'true', 'auto_hide_windows_taskbar': 'true'}}
2026-06-09 18:59:54,559 - WARNING - BIOS system file not found: bios.py
2026-06-09 18:59:54,578 - CRITICAL - Fatal error: name 'info_menu' is not defined
Traceback (most recent call last):
  File "C:\Users\Jonathan\EazyOS\OS\OS.py", line 979, in <module>
    desktop = EazyOSDesktop()
  File "C:\Users\Jonathan\EazyOS\OS\OS.py", line 449, in __init__
    self._create_start_menu()
    ~~~~~~~~~~~~~~~~~~~~~~~^^
  File "C:\Users\Jonathan\EazyOS\OS\OS.py", line 757, in _create_start_menu
    info_menu.add_command(label="Contact Me", command=self._open_contact)
    ^^^^^^^^^
NameError: name 'info_menu' is not defined
2026-06-09 19:00:59,611 - INFO - Looking for config file at: C:\Users\Jonathan\EazyOS\OS\eazyos_config.json
2026-06-09 19:00:59,611 - INFO - Config file found, loading...
2026-06-09 19:00:59,612 - INFO - Loaded configuration: {'theme': {'type': 'color', 'color': '#008080', 'wallpaper': None, 'taskbar_color': '#c0c0c0', 'window_title_color': '#000080'}, 'system': {'startup_sound': 'true', 'enable_sounds': 'true', 'show_clock': 'true', 'auto_hide_windows_taskbar': 'true'}}
2026-06-09 19:00:59,612 - WARNING - BIOS system file not found: bios.py
2026-06-09 19:00:59,632 - INFO - Looking for config file at: C:\Users\Jonathan\EazyOS\OS\eazyos_config.json
2026-06-09 19:00:59,633 - INFO - Config file found, loading...
2026-06-09 19:00:59,633 - INFO - Loaded configuration: {'theme': {'type': 'color', 'color': '#008080', 'wallpaper': None, 'taskbar_color': '#c0c0c0', 'window_title_color': '#000080'}, 'system': {'startup_sound': 'true', 'enable_sounds': 'true', 'show_clock': 'true', 'auto_hide_windows_taskbar': 'true'}}
2026-06-09 19:00:59,634 - INFO - Windows taskbar hidden
2026-06-09 19:00:59,635 - INFO - System settings applied: sounds=True, clock=True, auto_hide_taskbar=True
2026-06-09 19:00:59,635 - INFO - Looking for config file at: C:\Users\Jonathan\EazyOS\OS\eazyos_config.json
2026-06-09 19:00:59,635 - INFO - Config file found, loading...
2026-06-09 19:00:59,635 - INFO - Loaded configuration: {'theme': {'type': 'color', 'color': '#008080', 'wallpaper': None, 'taskbar_color': '#c0c0c0', 'window_title_color': '#000080'}, 'system': {'startup_sound': 'true', 'enable_sounds': 'true', 'show_clock': 'true', 'auto_hide_windows_taskbar': 'true'}}
2026-06-09 19:00:59,637 - INFO - Playing sound: The Microsoft Sound.wav
2026-06-09 19:00:59,637 - INFO - EazyOS Desktop initialized successfully
2026-06-09 19:00:59,733 - INFO - Loading saved theme...
2026-06-09 19:00:59,734 - INFO - Looking for config file at: C:\Users\Jonathan\EazyOS\OS\eazyos_config.json
2026-06-09 19:00:59,734 - INFO - Config file found, loading...
2026-06-09 19:00:59,734 - INFO - Loaded configuration: {'theme': {'type': 'color', 'color': '#008080', 'wallpaper': None, 'taskbar_color': '#c0c0c0', 'window_title_color': '#000080'}, 'system': {'startup_sound': 'true', 'enable_sounds': 'true', 'show_clock': 'true', 'auto_hide_windows_taskbar': 'true'}}
2026-06-09 19:00:59,735 - INFO - Applied background color: #008080
2026-06-09 19:00:59,735 - INFO - apply_from_config: type=color, taskbar=#c0c0c0, title_bar=#000080
2026-06-09 19:01:12,053 - INFO - Windows taskbar restored
2026-06-09 19:01:34,080 - INFO - Looking for config file at: C:\Users\Jonathan\EazyOS\OS\eazyos_config.json
2026-06-09 19:01:34,080 - INFO - Config file found, loading...
2026-06-09 19:01:34,081 - INFO - Loaded configuration: {'theme': {'type': 'color', 'color': '#008080', 'wallpaper': None, 'taskbar_color': '#c0c0c0', 'window_title_color': '#000080'}, 'system': {'startup_sound': 'true', 'enable_sounds': 'true', 'show_clock': 'true', 'auto_hide_windows_taskbar': 'true'}}
2026-06-09 19:01:34,081 - WARNING - BIOS system file not found: bios.py
2026-06-09 19:01:34,101 - CRITICAL - Fatal error: 'EazyOSDesktop' object has no attribute '_create_info_menu'
Traceback (most recent call last):
  File "C:\Users\Jonathan\EazyOS\OS\OS.py", line 980, in <module>
    desktop = EazyOSDesktop()
  File "C:\Users\Jonathan\EazyOS\OS\OS.py", line 449, in __init__
    self._create_start_menu()
    ~~~~~~~~~~~~~~~~~~~~~~~^^
  File "C:\Users\Jonathan\EazyOS\OS\OS.py", line 757, in _create_start_menu
    info_menu = self._create_info_menu()
                ^^^^^^^^^^^^^^^^^^^^^^
AttributeError: 'EazyOSDesktop' object has no attribute '_create_info_menu'. Did you mean: '_create_start_menu'?
2026-06-09 19:02:09,107 - INFO - Looking for config file at: C:\Users\Jonathan\EazyOS\OS\eazyos_config.json
2026-06-09 19:02:09,108 - INFO - Config file found, loading...
2026-06-09 19:02:09,108 - INFO - Loaded configuration: {'theme': {'type': 'color', 'color': '#008080', 'wallpaper': None, 'taskbar_color': '#c0c0c0', 'window_title_color': '#000080'}, 'system': {'startup_sound': 'true', 'enable_sounds': 'true', 'show_clock': 'true', 'auto_hide_windows_taskbar': 'true'}}
2026-06-09 19:02:09,108 - WARNING - BIOS system file not found: bios.py
2026-06-09 19:02:09,129 - INFO - Looking for config file at: C:\Users\Jonathan\EazyOS\OS\eazyos_config.json
2026-06-09 19:02:09,129 - INFO - Config file found, loading...
2026-06-09 19:02:09,129 - INFO - Loaded configuration: {'theme': {'type': 'color', 'color': '#008080', 'wallpaper': None, 'taskbar_color': '#c0c0c0', 'window_title_color': '#000080'}, 'system': {'startup_sound': 'true', 'enable_sounds': 'true', 'show_clock': 'true', 'auto_hide_windows_taskbar': 'true'}}
2026-06-09 19:02:09,131 - INFO - Windows taskbar hidden
2026-06-09 19:02:09,131 - INFO - System settings applied: sounds=True, clock=True, auto_hide_taskbar=True
2026-06-09 19:02:09,131 - INFO - Looking for config file at: C:\Users\Jonathan\EazyOS\OS\eazyos_config.json
2026-06-09 19:02:09,131 - INFO - Config file found, loading...
2026-06-09 19:02:09,131 - INFO - Loaded configuration: {'theme': {'type': 'color', 'color': '#008080', 'wallpaper': None, 'taskbar_color': '#c0c0c0', 'window_title_color': '#000080'}, 'system': {'startup_sound': 'true', 'enable_sounds': 'true', 'show_clock': 'true', 'auto_hide_windows_taskbar': 'true'}}
2026-06-09 19:02:09,133 - INFO - Playing sound: The Microsoft Sound.wav
2026-06-09 19:02:09,133 - INFO - EazyOS Desktop initialized successfully
2026-06-09 19:02:09,256 - INFO - Loading saved theme...
2026-06-09 19:02:09,256 - INFO - Looking for config file at: C:\Users\Jonathan\EazyOS\OS\eazyos_config.json
2026-06-09 19:02:09,256 - INFO - Config file found, loading...
2026-06-09 19:02:09,256 - INFO - Loaded configuration: {'theme': {'type': 'color', 'color': '#008080', 'wallpaper': None, 'taskbar_color': '#c0c0c0', 'window_title_color': '#000080'}, 'system': {'startup_sound': 'true', 'enable_sounds': 'true', 'show_clock': 'true', 'auto_hide_windows_taskbar': 'true'}}
2026-06-09 19:02:09,257 - INFO - Applied background color: #008080
2026-06-09 19:02:09,257 - INFO - apply_from_config: type=color, taskbar=#c0c0c0, title_bar=#000080
2026-06-09 19:02:54,004 - INFO - Looking for config file at: C:\Users\Jonathan\EazyOS\OS\eazyos_config.json
2026-06-09 19:02:54,004 - INFO - Config file found, loading...
2026-06-09 19:02:54,005 - INFO - Loaded configuration: {'theme': {'type': 'color', 'color': '#008080', 'wallpaper': None, 'taskbar_color': '#c0c0c0', 'window_title_color': '#000080'}, 'system': {'startup_sound': 'true', 'enable_sounds': 'true', 'show_clock': 'true', 'auto_hide_windows_taskbar': 'true'}}
2026-06-09 19:02:54,005 - WARNING - BIOS system file not found: bios.py
2026-06-09 19:02:54,026 - INFO - Looking for config file at: C:\Users\Jonathan\EazyOS\OS\eazyos_config.json
2026-06-09 19:02:54,026 - INFO - Config file found, loading...
2026-06-09 19:02:54,026 - INFO - Loaded configuration: {'theme': {'type': 'color', 'color': '#008080', 'wallpaper': None, 'taskbar_color': '#c0c0c0', 'window_title_color': '#000080'}, 'system': {'startup_sound': 'true', 'enable_sounds': 'true', 'show_clock': 'true', 'auto_hide_windows_taskbar': 'true'}}
2026-06-09 19:02:54,027 - INFO - Windows taskbar hidden
2026-06-09 19:02:54,027 - INFO - System settings applied: sounds=True, clock=True, auto_hide_taskbar=True
2026-06-09 19:02:54,027 - INFO - Looking for config file at: C:\Users\Jonathan\EazyOS\OS\eazyos_config.json
2026-06-09 19:02:54,027 - INFO - Config file found, loading...
2026-06-09 19:02:54,027 - INFO - Loaded configuration: {'theme': {'type': 'color', 'color': '#008080', 'wallpaper': None, 'taskbar_color': '#c0c0c0', 'window_title_color': '#000080'}, 'system': {'startup_sound': 'true', 'enable_sounds': 'true', 'show_clock': 'true', 'auto_hide_windows_taskbar': 'true'}}
2026-06-09 19:02:54,029 - INFO - Playing sound: The Microsoft Sound.wav
2026-06-09 19:02:54,029 - INFO - EazyOS Desktop initialized successfully
2026-06-09 19:02:54,130 - INFO - Loading saved theme...
2026-06-09 19:02:54,131 - INFO - Looking for config file at: C:\Users\Jonathan\EazyOS\OS\eazyos_config.json
2026-06-09 19:02:54,131 - INFO - Config file found, loading...
2026-06-09 19:02:54,131 - INFO - Loaded configuration: {'theme': {'type': 'color', 'color': '#008080', 'wallpaper': None, 'taskbar_color': '#c0c0c0', 'window_title_color': '#000080'}, 'system': {'startup_sound': 'true', 'enable_sounds': 'true', 'show_clock': 'true', 'auto_hide_windows_taskbar': 'true'}}
2026-06-09 19:02:54,131 - INFO - Applied background color: #008080
2026-06-09 19:02:54,132 - INFO - apply_from_config: type=color, taskbar=#c0c0c0, title_bar=#000080
2026-06-09 19:02:54,757 - INFO - Windows taskbar restored
2026-06-09 19:03:47,447 - INFO - Looking for config file at: C:\Users\Jonathan\EazyOS\OS\eazyos_config.json
2026-06-09 19:03:47,447 - INFO - Config file found, loading...
2026-06-09 19:03:47,447 - INFO - Loaded configuration: {'theme': {'type': 'color', 'color': '#008080', 'wallpaper': None, 'taskbar_color': '#c0c0c0', 'window_title_color': '#000080'}, 'system': {'startup_sound': 'true', 'enable_sounds': 'true', 'show_clock': 'true', 'auto_hide_windows_taskbar': 'true'}}
2026-06-09 19:03:47,448 - WARNING - BIOS system file not found: bios.py
2026-06-09 19:03:47,468 - INFO - Looking for config file at: C:\Users\Jonathan\EazyOS\OS\eazyos_config.json
2026-06-09 19:03:47,468 - INFO - Config file found, loading...
2026-06-09 19:03:47,468 - INFO - Loaded configuration: {'theme': {'type': 'color', 'color': '#008080', 'wallpaper': None, 'taskbar_color': '#c0c0c0', 'window_title_color': '#000080'}, 'system': {'startup_sound': 'true', 'enable_sounds': 'true', 'show_clock': 'true', 'auto_hide_windows_taskbar': 'true'}}
2026-06-09 19:03:47,470 - INFO - Windows taskbar hidden
2026-06-09 19:03:47,470 - INFO - System settings applied: sounds=True, clock=True, auto_hide_taskbar=True
2026-06-09 19:03:47,471 - INFO - Looking for config file at: C:\Users\Jonathan\EazyOS\OS\eazyos_config.json
2026-06-09 19:03:47,471 - INFO - Config file found, loading...
2026-06-09 19:03:47,471 - INFO - Loaded configuration: {'theme': {'type': 'color', 'color': '#008080', 'wallpaper': None, 'taskbar_color': '#c0c0c0', 'window_title_color': '#000080'}, 'system': {'startup_sound': 'true', 'enable_sounds': 'true', 'show_clock': 'true', 'auto_hide_windows_taskbar': 'true'}}
2026-06-09 19:03:47,473 - INFO - Playing sound: The Microsoft Sound.wav
2026-06-09 19:03:47,473 - INFO - EazyOS Desktop initialized successfully
2026-06-09 19:03:47,568 - INFO - Loading saved theme...
2026-06-09 19:03:47,568 - INFO - Looking for config file at: C:\Users\Jonathan\EazyOS\OS\eazyos_config.json
2026-06-09 19:03:47,569 - INFO - Config file found, loading...
2026-06-09 19:03:47,569 - INFO - Loaded configuration: {'theme': {'type': 'color', 'color': '#008080', 'wallpaper': None, 'taskbar_color': '#c0c0c0', 'window_title_color': '#000080'}, 'system': {'startup_sound': 'true', 'enable_sounds': 'true', 'show_clock': 'true', 'auto_hide_windows_taskbar': 'true'}}
2026-06-09 19:03:47,569 - INFO - Applied background color: #008080
2026-06-09 19:03:47,570 - INFO - apply_from_config: type=color, taskbar=#c0c0c0, title_bar=#000080
2026-06-09 19:04:01,355 - INFO - Looking for config file at: C:\Users\Jonathan\EazyOS\OS\eazyos_config.json
2026-06-09 19:04:01,355 - INFO - Config file found, loading...
2026-06-09 19:04:01,356 - INFO - Loaded configuration: {'theme': {'type': 'color', 'color': '#008080', 'wallpaper': None, 'taskbar_color': '#c0c0c0', 'window_title_color': '#000080'}, 'system': {'startup_sound': 'true', 'enable_sounds': 'true', 'show_clock': 'true', 'auto_hide_windows_taskbar': 'true'}}
2026-06-09 19:04:01,356 - WARNING - BIOS system file not found: bios.py
2026-06-09 19:04:01,376 - INFO - Looking for config file at: C:\Users\Jonathan\EazyOS\OS\eazyos_config.json
2026-06-09 19:04:01,376 - INFO - Config file found, loading...
2026-06-09 19:04:01,376 - INFO - Loaded configuration: {'theme': {'type': 'color', 'color': '#008080', 'wallpaper': None, 'taskbar_color': '#c0c0c0', 'window_title_color': '#000080'}, 'system': {'startup_sound': 'true', 'enable_sounds': 'true', 'show_clock': 'true', 'auto_hide_windows_taskbar': 'true'}}
2026-06-09 19:04:01,376 - INFO - Windows taskbar hidden
2026-06-09 19:04:01,377 - INFO - System settings applied: sounds=True, clock=True, auto_hide_taskbar=True
2026-06-09 19:04:01,377 - INFO - Looking for config file at: C:\Users\Jonathan\EazyOS\OS\eazyos_config.json
2026-06-09 19:04:01,377 - INFO - Config file found, loading...
2026-06-09 19:04:01,377 - INFO - Loaded configuration: {'theme': {'type': 'color', 'color': '#008080', 'wallpaper': None, 'taskbar_color': '#c0c0c0', 'window_title_color': '#000080'}, 'system': {'startup_sound': 'true', 'enable_sounds': 'true', 'show_clock': 'true', 'auto_hide_windows_taskbar': 'true'}}
2026-06-09 19:04:01,379 - INFO - Playing sound: The Microsoft Sound.wav
2026-06-09 19:04:01,379 - INFO - EazyOS Desktop initialized successfully
2026-06-09 19:04:01,476 - INFO - Loading saved theme...
2026-06-09 19:04:01,476 - INFO - Looking for config file at: C:\Users\Jonathan\EazyOS\OS\eazyos_config.json
2026-06-09 19:04:01,476 - INFO - Config file found, loading...
2026-06-09 19:04:01,477 - INFO - Loaded configuration: {'theme': {'type': 'color', 'color': '#008080', 'wallpaper': None, 'taskbar_color': '#c0c0c0', 'window_title_color': '#000080'}, 'system': {'startup_sound': 'true', 'enable_sounds': 'true', 'show_clock': 'true', 'auto_hide_windows_taskbar': 'true'}}
2026-06-09 19:04:01,477 - INFO - Applied background color: #008080
2026-06-09 19:04:01,477 - INFO - apply_from_config: type=color, taskbar=#c0c0c0, title_bar=#000080
2026-06-09 19:04:01,826 - INFO - Windows taskbar restored
2026-06-09 19:04:45,775 - INFO - Looking for config file at: C:\Users\Jonathan\EazyOS\OS\eazyos_config.json
2026-06-09 19:04:45,776 - INFO - Config file found, loading...
2026-06-09 19:04:45,776 - INFO - Loaded configuration: {'theme': {'type': 'color', 'color': '#008080', 'wallpaper': None, 'taskbar_color': '#c0c0c0', 'window_title_color': '#000080'}, 'system': {'startup_sound': 'true', 'enable_sounds': 'true', 'show_clock': 'true', 'auto_hide_windows_taskbar': 'true'}}
2026-06-09 19:04:45,776 - WARNING - BIOS system file not found: bios.py
2026-06-09 19:04:45,796 - INFO - Looking for config file at: C:\Users\Jonathan\EazyOS\OS\eazyos_config.json
2026-06-09 19:04:45,796 - INFO - Config file found, loading...
2026-06-09 19:04:45,796 - INFO - Loaded configuration: {'theme': {'type': 'color', 'color': '#008080', 'wallpaper': None, 'taskbar_color': '#c0c0c0', 'window_title_color': '#000080'}, 'system': {'startup_sound': 'true', 'enable_sounds': 'true', 'show_clock': 'true', 'auto_hide_windows_taskbar': 'true'}}
2026-06-09 19:04:45,798 - INFO - Windows taskbar hidden
2026-06-09 19:04:45,798 - INFO - System settings applied: sounds=True, clock=True, auto_hide_taskbar=True
2026-06-09 19:04:45,798 - INFO - Looking for config file at: C:\Users\Jonathan\EazyOS\OS\eazyos_config.json
2026-06-09 19:04:45,798 - INFO - Config file found, loading...
2026-06-09 19:04:45,799 - INFO - Loaded configuration: {'theme': {'type': 'color', 'color': '#008080', 'wallpaper': None, 'taskbar_color': '#c0c0c0', 'window_title_color': '#000080'}, 'system': {'startup_sound': 'true', 'enable_sounds': 'true', 'show_clock': 'true', 'auto_hide_windows_taskbar': 'true'}}
2026-06-09 19:04:45,801 - INFO - Playing sound: The Microsoft Sound.wav
2026-06-09 19:04:45,801 - INFO - EazyOS Desktop initialized successfully
2026-06-09 19:04:45,898 - INFO - Loading saved theme...
2026-06-09 19:04:45,898 - INFO - Looking for config file at: C:\Users\Jonathan\EazyOS\OS\eazyos_config.json
2026-06-09 19:04:45,898 - INFO - Config file found, loading...
2026-06-09 19:04:45,898 - INFO - Loaded configuration: {'theme': {'type': 'color', 'color': '#008080', 'wallpaper': None, 'taskbar_color': '#c0c0c0', 'window_title_color': '#000080'}, 'system': {'startup_sound': 'true', 'enable_sounds': 'true', 'show_clock': 'true', 'auto_hide_windows_taskbar': 'true'}}
2026-06-09 19:04:45,899 - INFO - Applied background color: #008080
2026-06-09 19:04:45,899 - INFO - apply_from_config: type=color, taskbar=#c0c0c0, title_bar=#000080
2026-06-09 19:05:39,884 - INFO - Looking for config file at: C:\Users\Jonathan\EazyOS\OS\eazyos_config.json
2026-06-09 19:05:39,885 - INFO - Config file found, loading...
2026-06-09 19:05:39,885 - INFO - Loaded configuration: {'theme': {'type': 'color', 'color': '#008080', 'wallpaper': None, 'taskbar_color': '#c0c0c0', 'window_title_color': '#000080'}, 'system': {'startup_sound': 'true', 'enable_sounds': 'true', 'show_clock': 'true', 'auto_hide_windows_taskbar': 'true'}}
2026-06-09 19:05:39,885 - WARNING - BIOS system file not found: bios.py
2026-06-09 19:05:39,905 - INFO - Looking for config file at: C:\Users\Jonathan\EazyOS\OS\eazyos_config.json
2026-06-09 19:05:39,906 - INFO - Config file found, loading...
2026-06-09 19:05:39,906 - INFO - Loaded configuration: {'theme': {'type': 'color', 'color': '#008080', 'wallpaper': None, 'taskbar_color': '#c0c0c0', 'window_title_color': '#000080'}, 'system': {'startup_sound': 'true', 'enable_sounds': 'true', 'show_clock': 'true', 'auto_hide_windows_taskbar': 'true'}}
2026-06-09 19:05:39,906 - INFO - Windows taskbar hidden
2026-06-09 19:05:39,906 - INFO - System settings applied: sounds=True, clock=True, auto_hide_taskbar=True
2026-06-09 19:05:39,906 - INFO - Looking for config file at: C:\Users\Jonathan\EazyOS\OS\eazyos_config.json
2026-06-09 19:05:39,907 - INFO - Config file found, loading...
2026-06-09 19:05:39,907 - INFO - Loaded configuration: {'theme': {'type': 'color', 'color': '#008080', 'wallpaper': None, 'taskbar_color': '#c0c0c0', 'window_title_color': '#000080'}, 'system': {'startup_sound': 'true', 'enable_sounds': 'true', 'show_clock': 'true', 'auto_hide_windows_taskbar': 'true'}}
2026-06-09 19:05:39,909 - INFO - Playing sound: The Microsoft Sound.wav
2026-06-09 19:05:39,909 - INFO - EazyOS Desktop initialized successfully
2026-06-09 19:05:40,007 - INFO - Loading saved theme...
2026-06-09 19:05:40,007 - INFO - Looking for config file at: C:\Users\Jonathan\EazyOS\OS\eazyos_config.json
2026-06-09 19:05:40,007 - INFO - Config file found, loading...
2026-06-09 19:05:40,007 - INFO - Loaded configuration: {'theme': {'type': 'color', 'color': '#008080', 'wallpaper': None, 'taskbar_color': '#c0c0c0', 'window_title_color': '#000080'}, 'system': {'startup_sound': 'true', 'enable_sounds': 'true', 'show_clock': 'true', 'auto_hide_windows_taskbar': 'true'}}
2026-06-09 19:05:40,008 - INFO - Applied background color: #008080
2026-06-09 19:05:40,008 - INFO - apply_from_config: type=color, taskbar=#c0c0c0, title_bar=#000080
2026-06-09 19:06:07,967 - INFO - Looking for config file at: C:\Users\Jonathan\EazyOS\OS\eazyos_config.json
2026-06-09 19:06:07,967 - INFO - Config file found, loading...
2026-06-09 19:06:07,968 - INFO - Loaded configuration: {'theme': {'type': 'color', 'color': '#008080', 'wallpaper': None, 'taskbar_color': '#c0c0c0', 'window_title_color': '#000080'}, 'system': {'startup_sound': 'true', 'enable_sounds': 'true', 'show_clock': 'true', 'auto_hide_windows_taskbar': 'true'}}
2026-06-09 19:06:07,968 - WARNING - BIOS system file not found: bios.py
2026-06-09 19:06:07,988 - INFO - Looking for config file at: C:\Users\Jonathan\EazyOS\OS\eazyos_config.json
2026-06-09 19:06:07,988 - INFO - Config file found, loading...
2026-06-09 19:06:07,989 - INFO - Loaded configuration: {'theme': {'type': 'color', 'color': '#008080', 'wallpaper': None, 'taskbar_color': '#c0c0c0', 'window_title_color': '#000080'}, 'system': {'startup_sound': 'true', 'enable_sounds': 'true', 'show_clock': 'true', 'auto_hide_windows_taskbar': 'true'}}
2026-06-09 19:06:07,990 - INFO - Windows taskbar hidden
2026-06-09 19:06:07,991 - INFO - System settings applied: sounds=True, clock=True, auto_hide_taskbar=True
2026-06-09 19:06:07,991 - INFO - Looking for config file at: C:\Users\Jonathan\EazyOS\OS\eazyos_config.json
2026-06-09 19:06:07,991 - INFO - Config file found, loading...
2026-06-09 19:06:07,991 - INFO - Loaded configuration: {'theme': {'type': 'color', 'color': '#008080', 'wallpaper': None, 'taskbar_color': '#c0c0c0', 'window_title_color': '#000080'}, 'system': {'startup_sound': 'true', 'enable_sounds': 'true', 'show_clock': 'true', 'auto_hide_windows_taskbar': 'true'}}
2026-06-09 19:06:07,993 - INFO - Playing sound: The Microsoft Sound.wav
2026-06-09 19:06:07,993 - INFO - EazyOS Desktop initialized successfully
2026-06-09 19:06:08,088 - INFO - Loading saved theme...
2026-06-09 19:06:08,088 - INFO - Looking for config file at: C:\Users\Jonathan\EazyOS\OS\eazyos_config.json
2026-06-09 19:06:08,089 - INFO - Config file found, loading...
2026-06-09 19:06:08,089 - INFO - Loaded configuration: {'theme': {'type': 'color', 'color': '#008080', 'wallpaper': None, 'taskbar_color': '#c0c0c0', 'window_title_color': '#000080'}, 'system': {'startup_sound': 'true', 'enable_sounds': 'true', 'show_clock': 'true', 'auto_hide_windows_taskbar': 'true'}}
2026-06-09 19:06:08,090 - INFO - Applied background color: #008080
2026-06-09 19:06:08,090 - INFO - apply_from_config: type=color, taskbar=#c0c0c0, title_bar=#000080
2026-06-09 19:06:08,501 - INFO - Windows taskbar restored
2026-06-09 19:07:21,699 - INFO - Looking for config file at: C:\Users\Jonathan\EazyOS\OS\eazyos_config.json
2026-06-09 19:07:21,700 - INFO - Config file found, loading...
2026-06-09 19:07:21,700 - INFO - Loaded configuration: {'theme': {'type': 'color', 'color': '#008080', 'wallpaper': None, 'taskbar_color': '#c0c0c0', 'window_title_color': '#000080'}, 'system': {'startup_sound': 'true', 'enable_sounds': 'true', 'show_clock': 'true', 'auto_hide_windows_taskbar': 'true'}}
2026-06-09 19:07:21,700 - WARNING - BIOS system file not found: bios.py
2026-06-09 19:07:21,720 - INFO - Looking for config file at: C:\Users\Jonathan\EazyOS\OS\eazyos_config.json
2026-06-09 19:07:21,720 - INFO - Config file found, loading...
2026-06-09 19:07:21,720 - INFO - Loaded configuration: {'theme': {'type': 'color', 'color': '#008080', 'wallpaper': None, 'taskbar_color': '#c0c0c0', 'window_title_color': '#000080'}, 'system': {'startup_sound': 'true', 'enable_sounds': 'true', 'show_clock': 'true', 'auto_hide_windows_taskbar': 'true'}}
2026-06-09 19:07:21,722 - INFO - Windows taskbar hidden
2026-06-09 19:07:21,722 - INFO - System settings applied: sounds=True, clock=True, auto_hide_taskbar=True
2026-06-09 19:07:21,722 - INFO - Looking for config file at: C:\Users\Jonathan\EazyOS\OS\eazyos_config.json
2026-06-09 19:07:21,723 - INFO - Config file found, loading...
2026-06-09 19:07:21,723 - INFO - Loaded configuration: {'theme': {'type': 'color', 'color': '#008080', 'wallpaper': None, 'taskbar_color': '#c0c0c0', 'window_title_color': '#000080'}, 'system': {'startup_sound': 'true', 'enable_sounds': 'true', 'show_clock': 'true', 'auto_hide_windows_taskbar': 'true'}}
2026-06-09 19:07:21,725 - INFO - Playing sound: The Microsoft Sound.wav
2026-06-09 19:07:21,725 - INFO - EazyOS Desktop initialized successfully
2026-06-09 19:07:21,823 - INFO - Loading saved theme...
2026-06-09 19:07:21,823 - INFO - Looking for config file at: C:\Users\Jonathan\EazyOS\OS\eazyos_config.json
2026-06-09 19:07:21,823 - INFO - Config file found, loading...
2026-06-09 19:07:21,823 - INFO - Loaded configuration: {'theme': {'type': 'color', 'color': '#008080', 'wallpaper': None, 'taskbar_color': '#c0c0c0', 'window_title_color': '#000080'}, 'system': {'startup_sound': 'true', 'enable_sounds': 'true', 'show_clock': 'true', 'auto_hide_windows_taskbar': 'true'}}
2026-06-09 19:07:21,824 - INFO - Applied background color: #008080
2026-06-09 19:07:21,825 - INFO - apply_from_config: type=color, taskbar=#c0c0c0, title_bar=#000080
2026-06-09 19:07:39,850 - INFO - Looking for config file at: C:\Users\Jonathan\EazyOS\OS\eazyos_config.json
2026-06-09 19:07:39,851 - INFO - Config file found, loading...
2026-06-09 19:07:39,851 - INFO - Loaded configuration: {'theme': {'type': 'color', 'color': '#008080', 'wallpaper': None, 'taskbar_color': '#c0c0c0', 'window_title_color': '#000080'}, 'system': {'startup_sound': 'true', 'enable_sounds': 'true', 'show_clock': 'true', 'auto_hide_windows_taskbar': 'true'}}
2026-06-09 19:07:39,851 - WARNING - BIOS system file not found: bios.py
2026-06-09 19:07:39,871 - INFO - Looking for config file at: C:\Users\Jonathan\EazyOS\OS\eazyos_config.json
2026-06-09 19:07:39,871 - INFO - Config file found, loading...
2026-06-09 19:07:39,872 - INFO - Loaded configuration: {'theme': {'type': 'color', 'color': '#008080', 'wallpaper': None, 'taskbar_color': '#c0c0c0', 'window_title_color': '#000080'}, 'system': {'startup_sound': 'true', 'enable_sounds': 'true', 'show_clock': 'true', 'auto_hide_windows_taskbar': 'true'}}
2026-06-09 19:07:39,872 - INFO - Windows taskbar hidden
2026-06-09 19:07:39,872 - INFO - System settings applied: sounds=True, clock=True, auto_hide_taskbar=True
2026-06-09 19:07:39,872 - INFO - Looking for config file at: C:\Users\Jonathan\EazyOS\OS\eazyos_config.json
2026-06-09 19:07:39,872 - INFO - Config file found, loading...
2026-06-09 19:07:39,873 - INFO - Loaded configuration: {'theme': {'type': 'color', 'color': '#008080', 'wallpaper': None, 'taskbar_color': '#c0c0c0', 'window_title_color': '#000080'}, 'system': {'startup_sound': 'true', 'enable_sounds': 'true', 'show_clock': 'true', 'auto_hide_windows_taskbar': 'true'}}
2026-06-09 19:07:39,875 - INFO - Playing sound: The Microsoft Sound.wav
2026-06-09 19:07:39,875 - INFO - EazyOS Desktop initialized successfully
2026-06-09 19:07:39,972 - INFO - Loading saved theme...
2026-06-09 19:07:39,972 - INFO - Looking for config file at: C:\Users\Jonathan\EazyOS\OS\eazyos_config.json
2026-06-09 19:07:39,972 - INFO - Config file found, loading...
2026-06-09 19:07:39,972 - INFO - Loaded configuration: {'theme': {'type': 'color', 'color': '#008080', 'wallpaper': None, 'taskbar_color': '#c0c0c0', 'window_title_color': '#000080'}, 'system': {'startup_sound': 'true', 'enable_sounds': 'true', 'show_clock': 'true', 'auto_hide_windows_taskbar': 'true'}}
2026-06-09 19:07:39,973 - INFO - Applied background color: #008080
2026-06-09 19:07:39,973 - INFO - apply_from_config: type=color, taskbar=#c0c0c0, title_bar=#000080
2026-06-09 19:07:40,677 - INFO - Windows taskbar restored
2026-06-09 19:08:38,821 - INFO - Looking for config file at: C:\Users\Jonathan\EazyOS\OS\eazyos_config.json
2026-06-09 19:08:38,821 - INFO - Config file found, loading...
2026-06-09 19:08:38,821 - INFO - Loaded configuration: {'theme': {'type': 'color', 'color': '#008080', 'wallpaper': None, 'taskbar_color': '#c0c0c0', 'window_title_color': '#000080'}, 'system': {'startup_sound': 'true', 'enable_sounds': 'true', 'show_clock': 'true', 'auto_hide_windows_taskbar': 'true'}}
2026-06-09 19:08:38,821 - WARNING - BIOS system file not found: bios.py
2026-06-09 19:08:38,841 - INFO - Looking for config file at: C:\Users\Jonathan\EazyOS\OS\eazyos_config.json
2026-06-09 19:08:38,841 - INFO - Config file found, loading...
2026-06-09 19:08:38,841 - INFO - Loaded configuration: {'theme': {'type': 'color', 'color': '#008080', 'wallpaper': None, 'taskbar_color': '#c0c0c0', 'window_title_color': '#000080'}, 'system': {'startup_sound': 'true', 'enable_sounds': 'true', 'show_clock': 'true', 'auto_hide_windows_taskbar': 'true'}}
2026-06-09 19:08:38,843 - INFO - Windows taskbar hidden
2026-06-09 19:08:38,843 - INFO - System settings applied: sounds=True, clock=True, auto_hide_taskbar=True
2026-06-09 19:08:38,843 - INFO - Looking for config file at: C:\Users\Jonathan\EazyOS\OS\eazyos_config.json
2026-06-09 19:08:38,843 - INFO - Config file found, loading...
2026-06-09 19:08:38,844 - INFO - Loaded configuration: {'theme': {'type': 'color', 'color': '#008080', 'wallpaper': None, 'taskbar_color': '#c0c0c0', 'window_title_color': '#000080'}, 'system': {'startup_sound': 'true', 'enable_sounds': 'true', 'show_clock': 'true', 'auto_hide_windows_taskbar': 'true'}}
2026-06-09 19:08:38,847 - INFO - Playing sound: The Microsoft Sound.wav
2026-06-09 19:08:38,847 - INFO - EazyOS Desktop initialized successfully
2026-06-09 19:08:38,942 - INFO - Loading saved theme...
2026-06-09 19:08:38,943 - INFO - Looking for config file at: C:\Users\Jonathan\EazyOS\OS\eazyos_config.json
2026-06-09 19:08:38,943 - INFO - Config file found, loading...
2026-06-09 19:08:38,943 - INFO - Loaded configuration: {'theme': {'type': 'color', 'color': '#008080', 'wallpaper': None, 'taskbar_color': '#c0c0c0', 'window_title_color': '#000080'}, 'system': {'startup_sound': 'true', 'enable_sounds': 'true', 'show_clock': 'true', 'auto_hide_windows_taskbar': 'true'}}
2026-06-09 19:08:38,943 - INFO - Applied background color: #008080
2026-06-09 19:08:38,944 - INFO - apply_from_config: type=color, taskbar=#c0c0c0, title_bar=#000080
2026-06-09 19:08:51,490 - INFO - Playing sound: DING.wav
2026-06-09 19:08:52,460 - INFO - Playing sound: DING.wav
2026-06-09 19:08:53,349 - INFO - Playing sound: shutdown.wav
2026-06-09 19:08:57,350 - INFO - Windows taskbar restored
2026-06-09 19:11:35,285 - INFO - Looking for config file at: C:\Users\Jonathan\EazyOS\OS\eazyos_config.json
2026-06-09 19:11:35,286 - INFO - Config file found, loading...
2026-06-09 19:11:35,286 - INFO - Loaded configuration: {'theme': {'type': 'color', 'color': '#008080', 'wallpaper': None, 'taskbar_color': '#c0c0c0', 'window_title_color': '#000080'}, 'system': {'startup_sound': 'true', 'enable_sounds': 'true', 'show_clock': 'true', 'auto_hide_windows_taskbar': 'true'}}
2026-06-09 19:11:35,286 - WARNING - BIOS system file not found: bios.py
2026-06-09 19:11:35,306 - INFO - Looking for config file at: C:\Users\Jonathan\EazyOS\OS\eazyos_config.json
2026-06-09 19:11:35,307 - INFO - Config file found, loading...
2026-06-09 19:11:35,307 - INFO - Loaded configuration: {'theme': {'type': 'color', 'color': '#008080', 'wallpaper': None, 'taskbar_color': '#c0c0c0', 'window_title_color': '#000080'}, 'system': {'startup_sound': 'true', 'enable_sounds': 'true', 'show_clock': 'true', 'auto_hide_windows_taskbar': 'true'}}
2026-06-09 19:11:35,308 - INFO - Windows taskbar hidden
2026-06-09 19:11:35,308 - INFO - System settings applied: sounds=True, clock=True, auto_hide_taskbar=True
2026-06-09 19:11:35,309 - INFO - Looking for config file at: C:\Users\Jonathan\EazyOS\OS\eazyos_config.json
2026-06-09 19:11:35,309 - INFO - Config file found, loading...
2026-06-09 19:11:35,309 - INFO - Loaded configuration: {'theme': {'type': 'color', 'color': '#008080', 'wallpaper': None, 'taskbar_color': '#c0c0c0', 'window_title_color': '#000080'}, 'system': {'startup_sound': 'true', 'enable_sounds': 'true', 'show_clock': 'true', 'auto_hide_windows_taskbar': 'true'}}
2026-06-09 19:11:35,312 - INFO - Playing sound: The Microsoft Sound.wav
2026-06-09 19:11:35,312 - INFO - EazyOS Desktop initialized successfully
2026-06-09 19:11:35,415 - INFO - Loading saved theme...
2026-06-09 19:11:35,415 - INFO - Looking for config file at: C:\Users\Jonathan\EazyOS\OS\eazyos_config.json
2026-06-09 19:11:35,416 - INFO - Config file found, loading...
2026-06-09 19:11:35,416 - INFO - Loaded configuration: {'theme': {'type': 'color', 'color': '#008080', 'wallpaper': None, 'taskbar_color': '#c0c0c0', 'window_title_color': '#000080'}, 'system': {'startup_sound': 'true', 'enable_sounds': 'true', 'show_clock': 'true', 'auto_hide_windows_taskbar': 'true'}}
2026-06-09 19:11:35,416 - INFO - Applied background color: #008080
2026-06-09 19:11:35,417 - INFO - apply_from_config: type=color, taskbar=#c0c0c0, title_bar=#000080
2026-06-09 19:13:26,368 - INFO - Looking for config file at: C:\Users\Jonathan\EazyOS\OS\eazyos_config.json
2026-06-09 19:13:26,371 - INFO - Config file found, loading...
2026-06-09 19:13:26,373 - INFO - Loaded configuration: {'theme': {'type': 'color', 'color': '#008080', 'wallpaper': None, 'taskbar_color': '#c0c0c0', 'window_title_color': '#000080'}, 'system': {'startup_sound': 'true', 'enable_sounds': 'true', 'show_clock': 'true', 'auto_hide_windows_taskbar': 'true'}}
2026-06-09 19:13:26,375 - WARNING - BIOS system file not found: bios.py
2026-06-09 19:13:26,396 - INFO - Looking for config file at: C:\Users\Jonathan\EazyOS\OS\eazyos_config.json
2026-06-09 19:13:26,399 - INFO - Config file found, loading...
2026-06-09 19:13:26,401 - INFO - Loaded configuration: {'theme': {'type': 'color', 'color': '#008080', 'wallpaper': None, 'taskbar_color': '#c0c0c0', 'window_title_color': '#000080'}, 'system': {'startup_sound': 'true', 'enable_sounds': 'true', 'show_clock': 'true', 'auto_hide_windows_taskbar': 'true'}}
2026-06-09 19:13:26,403 - INFO - Windows taskbar hidden
2026-06-09 19:13:26,406 - INFO - System settings applied: sounds=True, clock=True, auto_hide_taskbar=True
2026-06-09 19:13:26,408 - INFO - Looking for config file at: C:\Users\Jonathan\EazyOS\OS\eazyos_config.json
2026-06-09 19:13:26,411 - INFO - Config file found, loading...
2026-06-09 19:13:26,413 - INFO - Loaded configuration: {'theme': {'type': 'color', 'color': '#008080', 'wallpaper': None, 'taskbar_color': '#c0c0c0', 'window_title_color': '#000080'}, 'system': {'startup_sound': 'true', 'enable_sounds': 'true', 'show_clock': 'true', 'auto_hide_windows_taskbar': 'true'}}
2026-06-09 19:13:26,421 - INFO - Playing sound: The Microsoft Sound.wav
2026-06-09 19:13:26,425 - INFO - EazyOS Desktop initialized successfully
2026-06-09 19:13:26,511 - INFO - Loading saved theme...
2026-06-09 19:13:26,560 - INFO - Looking for config file at: C:\Users\Jonathan\EazyOS\OS\eazyos_config.json
2026-06-09 19:13:26,567 - INFO - Config file found, loading...
2026-06-09 19:13:26,570 - INFO - Loaded configuration: {'theme': {'type': 'color', 'color': '#008080', 'wallpaper': None, 'taskbar_color': '#c0c0c0', 'window_title_color': '#000080'}, 'system': {'startup_sound': 'true', 'enable_sounds': 'true', 'show_clock': 'true', 'auto_hide_windows_taskbar': 'true'}}
2026-06-09 19:13:26,574 - INFO - Applied background color: #008080
2026-06-09 19:13:26,577 - INFO - apply_from_config: type=color, taskbar=#c0c0c0, title_bar=#000080
2026-06-09 19:13:29,446 - INFO - Windows taskbar restored
2026-06-09 19:13:55,073 - INFO - Looking for config file at: C:\Users\Jonathan\EazyOS\OS\eazyos_config.json
2026-06-09 19:13:55,073 - INFO - Config file found, loading...
2026-06-09 19:13:55,074 - INFO - Loaded configuration: {'theme': {'type': 'color', 'color': '#008080', 'wallpaper': None, 'taskbar_color': '#c0c0c0', 'window_title_color': '#000080'}, 'system': {'startup_sound': 'true', 'enable_sounds': 'true', 'show_clock': 'true', 'auto_hide_windows_taskbar': 'true'}}
2026-06-09 19:13:55,074 - WARNING - BIOS system file not found: bios.py
2026-06-09 19:13:55,094 - INFO - Looking for config file at: C:\Users\Jonathan\EazyOS\OS\eazyos_config.json
2026-06-09 19:13:55,094 - INFO - Config file found, loading...
2026-06-09 19:13:55,094 - INFO - Loaded configuration: {'theme': {'type': 'color', 'color': '#008080', 'wallpaper': None, 'taskbar_color': '#c0c0c0', 'window_title_color': '#000080'}, 'system': {'startup_sound': 'true', 'enable_sounds': 'true', 'show_clock': 'true', 'auto_hide_windows_taskbar': 'true'}}
2026-06-09 19:13:55,096 - INFO - Windows taskbar hidden
2026-06-09 19:13:55,096 - INFO - System settings applied: sounds=True, clock=True, auto_hide_taskbar=True
2026-06-09 19:13:55,096 - INFO - Looking for config file at: C:\Users\Jonathan\EazyOS\OS\eazyos_config.json
2026-06-09 19:13:55,096 - INFO - Config file found, loading...
2026-06-09 19:13:55,097 - INFO - Loaded configuration: {'theme': {'type': 'color', 'color': '#008080', 'wallpaper': None, 'taskbar_color': '#c0c0c0', 'window_title_color': '#000080'}, 'system': {'startup_sound': 'true', 'enable_sounds': 'true', 'show_clock': 'true', 'auto_hide_windows_taskbar': 'true'}}
2026-06-09 19:13:55,099 - INFO - Playing sound: The Microsoft Sound.wav
2026-06-09 19:13:55,099 - INFO - EazyOS Desktop initialized successfully
2026-06-09 19:13:55,194 - INFO - Loading saved theme...
2026-06-09 19:13:55,194 - INFO - Looking for config file at: C:\Users\Jonathan\EazyOS\OS\eazyos_config.json
2026-06-09 19:13:55,194 - INFO - Config file found, loading...
2026-06-09 19:13:55,195 - INFO - Loaded configuration: {'theme': {'type': 'color', 'color': '#008080', 'wallpaper': None, 'taskbar_color': '#c0c0c0', 'window_title_color': '#000080'}, 'system': {'startup_sound': 'true', 'enable_sounds': 'true', 'show_clock': 'true', 'auto_hide_windows_taskbar': 'true'}}
2026-06-09 19:13:55,195 - INFO - Applied background color: #008080
2026-06-09 19:13:55,195 - INFO - apply_from_config: type=color, taskbar=#c0c0c0, title_bar=#000080
2026-06-09 19:21:29,884 - INFO - Windows taskbar restored
2026-06-09 20:21:45,704 - INFO - Looking for config file at: C:\Users\Jonathan\EazyOS\OS\eazyos_config.json
2026-06-09 20:21:45,705 - INFO - Config file found, loading...
2026-06-09 20:21:45,705 - INFO - Loaded configuration: {'theme': {'type': 'color', 'color': '#008080', 'wallpaper': None, 'taskbar_color': '#c0c0c0', 'window_title_color': '#000080'}, 'system': {'startup_sound': 'true', 'enable_sounds': 'true', 'show_clock': 'true', 'auto_hide_windows_taskbar': 'true'}}
2026-06-09 20:21:45,705 - WARNING - BIOS system file not found: bios.py
2026-06-09 20:21:45,725 - INFO - Looking for config file at: C:\Users\Jonathan\EazyOS\OS\eazyos_config.json
2026-06-09 20:21:45,725 - INFO - Config file found, loading...
2026-06-09 20:21:45,725 - INFO - Loaded configuration: {'theme': {'type': 'color', 'color': '#008080', 'wallpaper': None, 'taskbar_color': '#c0c0c0', 'window_title_color': '#000080'}, 'system': {'startup_sound': 'true', 'enable_sounds': 'true', 'show_clock': 'true', 'auto_hide_windows_taskbar': 'true'}}
2026-06-09 20:21:45,727 - INFO - Windows taskbar hidden
2026-06-09 20:21:45,727 - INFO - System settings applied: sounds=True, clock=True, auto_hide_taskbar=True
2026-06-09 20:21:45,727 - INFO - Looking for config file at: C:\Users\Jonathan\EazyOS\OS\eazyos_config.json
2026-06-09 20:21:45,728 - INFO - Config file found, loading...
2026-06-09 20:21:45,728 - INFO - Loaded configuration: {'theme': {'type': 'color', 'color': '#008080', 'wallpaper': None, 'taskbar_color': '#c0c0c0', 'window_title_color': '#000080'}, 'system': {'startup_sound': 'true', 'enable_sounds': 'true', 'show_clock': 'true', 'auto_hide_windows_taskbar': 'true'}}
2026-06-09 20:21:45,730 - INFO - Playing sound: The Microsoft Sound.wav
2026-06-09 20:21:45,730 - INFO - EazyOS Desktop initialized successfully
2026-06-09 20:21:45,830 - INFO - Loading saved theme...
2026-06-09 20:21:45,831 - INFO - Looking for config file at: C:\Users\Jonathan\EazyOS\OS\eazyos_config.json
2026-06-09 20:21:45,831 - INFO - Config file found, loading...
2026-06-09 20:21:45,831 - INFO - Loaded configuration: {'theme': {'type': 'color', 'color': '#008080', 'wallpaper': None, 'taskbar_color': '#c0c0c0', 'window_title_color': '#000080'}, 'system': {'startup_sound': 'true', 'enable_sounds': 'true', 'show_clock': 'true', 'auto_hide_windows_taskbar': 'true'}}
2026-06-09 20:21:45,831 - INFO - Applied background color: #008080
2026-06-09 20:21:45,832 - INFO - apply_from_config: type=color, taskbar=#c0c0c0, title_bar=#000080
2026-06-09 20:21:49,336 - INFO - Playing sound: DING.wav
2026-06-09 20:21:50,315 - INFO - Playing sound: DING.wav
2026-06-09 20:21:55,065 - INFO - Playing sound: DING.wav
2026-06-09 20:21:56,039 - INFO - Playing sound: DING.wav
2026-06-09 20:21:59,824 - INFO - Windows taskbar restored
2026-06-09 20:23:12,572 - INFO - Looking for config file at: C:\Users\Jonathan\EazyOS\OS\eazyos_config.json
2026-06-09 20:23:12,572 - INFO - Config file found, loading...
2026-06-09 20:23:12,573 - INFO - Loaded configuration: {'theme': {'type': 'color', 'color': '#008080', 'wallpaper': None, 'taskbar_color': '#c0c0c0', 'window_title_color': '#000080'}, 'system': {'startup_sound': 'true', 'enable_sounds': 'true', 'show_clock': 'true', 'auto_hide_windows_taskbar': 'true'}}
2026-06-09 20:23:12,573 - WARNING - BIOS system file not found: bios.py
2026-06-09 20:23:12,593 - INFO - Looking for config file at: C:\Users\Jonathan\EazyOS\OS\eazyos_config.json
2026-06-09 20:23:12,593 - INFO - Config file found, loading...
2026-06-09 20:23:12,593 - INFO - Loaded configuration: {'theme': {'type': 'color', 'color': '#008080', 'wallpaper': None, 'taskbar_color': '#c0c0c0', 'window_title_color': '#000080'}, 'system': {'startup_sound': 'true', 'enable_sounds': 'true', 'show_clock': 'true', 'auto_hide_windows_taskbar': 'true'}}
2026-06-09 20:23:12,595 - INFO - Windows taskbar hidden
2026-06-09 20:23:12,595 - INFO - System settings applied: sounds=True, clock=True, auto_hide_taskbar=True
2026-06-09 20:23:12,595 - INFO - Looking for config file at: C:\Users\Jonathan\EazyOS\OS\eazyos_config.json
2026-06-09 20:23:12,595 - INFO - Config file found, loading...
2026-06-09 20:23:12,596 - INFO - Loaded configuration: {'theme': {'type': 'color', 'color': '#008080', 'wallpaper': None, 'taskbar_color': '#c0c0c0', 'window_title_color': '#000080'}, 'system': {'startup_sound': 'true', 'enable_sounds': 'true', 'show_clock': 'true', 'auto_hide_windows_taskbar': 'true'}}
2026-06-09 20:23:12,598 - INFO - Playing sound: The Microsoft Sound.wav
2026-06-09 20:23:12,598 - INFO - EazyOS Desktop initialized successfully
2026-06-09 20:23:12,695 - INFO - Loading saved theme...
2026-06-09 20:23:12,695 - INFO - Looking for config file at: C:\Users\Jonathan\EazyOS\OS\eazyos_config.json
2026-06-09 20:23:12,695 - INFO - Config file found, loading...
2026-06-09 20:23:12,695 - INFO - Loaded configuration: {'theme': {'type': 'color', 'color': '#008080', 'wallpaper': None, 'taskbar_color': '#c0c0c0', 'window_title_color': '#000080'}, 'system': {'startup_sound': 'true', 'enable_sounds': 'true', 'show_clock': 'true', 'auto_hide_windows_taskbar': 'true'}}
2026-06-09 20:23:12,696 - INFO - Applied background color: #008080
2026-06-09 20:23:12,696 - INFO - apply_from_config: type=color, taskbar=#c0c0c0, title_bar=#000080
2026-06-09 20:23:15,299 - INFO - Playing sound: DING.wav
2026-06-09 20:23:16,337 - INFO - Playing sound: DING.wav
2026-06-09 20:23:19,820 - INFO - Windows taskbar restored
2026-06-09 20:23:34,760 - INFO - Looking for config file at: C:\Users\Jonathan\EazyOS\OS\eazyos_config.json
2026-06-09 20:23:34,760 - INFO - Config file found, loading...
2026-06-09 20:23:34,760 - INFO - Loaded configuration: {'theme': {'type': 'color', 'color': '#008080', 'wallpaper': None, 'taskbar_color': '#c0c0c0', 'window_title_color': '#000080'}, 'system': {'startup_sound': 'true', 'enable_sounds': 'true', 'show_clock': 'true', 'auto_hide_windows_taskbar': 'true'}}
2026-06-09 20:23:34,761 - WARNING - BIOS system file not found: bios.py
2026-06-09 20:23:34,781 - INFO - Looking for config file at: C:\Users\Jonathan\EazyOS\OS\eazyos_config.json
2026-06-09 20:23:34,781 - INFO - Config file found, loading...
2026-06-09 20:23:34,782 - INFO - Loaded configuration: {'theme': {'type': 'color', 'color': '#008080', 'wallpaper': None, 'taskbar_color': '#c0c0c0', 'window_title_color': '#000080'}, 'system': {'startup_sound': 'true', 'enable_sounds': 'true', 'show_clock': 'true', 'auto_hide_windows_taskbar': 'true'}}
2026-06-09 20:23:34,783 - INFO - Windows taskbar hidden
2026-06-09 20:23:34,783 - INFO - System settings applied: sounds=True, clock=True, auto_hide_taskbar=True
2026-06-09 20:23:34,784 - INFO - Looking for config file at: C:\Users\Jonathan\EazyOS\OS\eazyos_config.json
2026-06-09 20:23:34,784 - INFO - Config file found, loading...
2026-06-09 20:23:34,784 - INFO - Loaded configuration: {'theme': {'type': 'color', 'color': '#008080', 'wallpaper': None, 'taskbar_color': '#c0c0c0', 'window_title_color': '#000080'}, 'system': {'startup_sound': 'true', 'enable_sounds': 'true', 'show_clock': 'true', 'auto_hide_windows_taskbar': 'true'}}
2026-06-09 20:23:34,786 - INFO - Playing sound: The Microsoft Sound.wav
2026-06-09 20:23:34,786 - INFO - EazyOS Desktop initialized successfully
2026-06-09 20:23:34,881 - INFO - Loading saved theme...
2026-06-09 20:23:34,882 - INFO - Looking for config file at: C:\Users\Jonathan\EazyOS\OS\eazyos_config.json
2026-06-09 20:23:34,882 - INFO - Config file found, loading...
2026-06-09 20:23:34,882 - INFO - Loaded configuration: {'theme': {'type': 'color', 'color': '#008080', 'wallpaper': None, 'taskbar_color': '#c0c0c0', 'window_title_color': '#000080'}, 'system': {'startup_sound': 'true', 'enable_sounds': 'true', 'show_clock': 'true', 'auto_hide_windows_taskbar': 'true'}}
2026-06-09 20:23:34,883 - INFO - Applied background color: #008080
2026-06-09 20:23:34,883 - INFO - apply_from_config: type=color, taskbar=#c0c0c0, title_bar=#000080
2026-06-09 20:23:36,307 - INFO - Playing sound: DING.wav
2026-06-09 20:23:37,355 - INFO - Playing sound: DING.wav
2026-06-09 20:23:41,100 - INFO - Playing sound: DING.wav
2026-06-09 20:23:42,069 - INFO - Playing sound: DING.wav
2026-06-09 20:23:42,699 - INFO - Windows taskbar restored
2026-06-09 20:23:46,122 - INFO - Windows taskbar restored
2026-06-09 20:23:50,997 - INFO - Looking for config file at: C:\Users\Jonathan\EazyOS\OS\eazyos_config.json
2026-06-09 20:23:50,997 - INFO - Config file found, loading...
2026-06-09 20:23:50,998 - INFO - Loaded configuration: {'theme': {'type': 'color', 'color': '#008080', 'wallpaper': None, 'taskbar_color': '#c0c0c0', 'window_title_color': '#000080'}, 'system': {'startup_sound': 'true', 'enable_sounds': 'true', 'show_clock': 'true', 'auto_hide_windows_taskbar': 'true'}}
2026-06-09 20:23:50,998 - WARNING - BIOS system file not found: bios.py
2026-06-09 20:23:51,046 - INFO - Looking for config file at: C:\Users\Jonathan\EazyOS\OS\eazyos_config.json
2026-06-09 20:23:51,046 - INFO - Config file found, loading...
2026-06-09 20:23:51,046 - INFO - Loaded configuration: {'theme': {'type': 'color', 'color': '#008080', 'wallpaper': None, 'taskbar_color': '#c0c0c0', 'window_title_color': '#000080'}, 'system': {'startup_sound': 'true', 'enable_sounds': 'true', 'show_clock': 'true', 'auto_hide_windows_taskbar': 'true'}}
2026-06-09 20:23:51,048 - INFO - Windows taskbar hidden
2026-06-09 20:23:51,048 - INFO - System settings applied: sounds=True, clock=True, auto_hide_taskbar=True
2026-06-09 20:23:51,048 - INFO - Looking for config file at: C:\Users\Jonathan\EazyOS\OS\eazyos_config.json
2026-06-09 20:23:51,049 - INFO - Config file found, loading...
2026-06-09 20:23:51,049 - INFO - Loaded configuration: {'theme': {'type': 'color', 'color': '#008080', 'wallpaper': None, 'taskbar_color': '#c0c0c0', 'window_title_color': '#000080'}, 'system': {'startup_sound': 'true', 'enable_sounds': 'true', 'show_clock': 'true', 'auto_hide_windows_taskbar': 'true'}}
2026-06-09 20:23:51,051 - INFO - Playing sound: The Microsoft Sound.wav
2026-06-09 20:23:51,051 - INFO - EazyOS Desktop initialized successfully
2026-06-09 20:23:51,149 - INFO - Loading saved theme...
2026-06-09 20:23:51,149 - INFO - Looking for config file at: C:\Users\Jonathan\EazyOS\OS\eazyos_config.json
2026-06-09 20:23:51,149 - INFO - Config file found, loading...
2026-06-09 20:23:51,150 - INFO - Loaded configuration: {'theme': {'type': 'color', 'color': '#008080', 'wallpaper': None, 'taskbar_color': '#c0c0c0', 'window_title_color': '#000080'}, 'system': {'startup_sound': 'true', 'enable_sounds': 'true', 'show_clock': 'true', 'auto_hide_windows_taskbar': 'true'}}
2026-06-09 20:23:51,150 - INFO - Applied background color: #008080
2026-06-09 20:23:51,150 - INFO - apply_from_config: type=color, taskbar=#c0c0c0, title_bar=#000080
2026-06-09 20:24:01,212 - INFO - Playing sound: DING.wav
2026-06-09 20:24:02,256 - INFO - Playing sound: DING.wav
2026-06-09 20:24:03,441 - INFO - Playing sound: shutdown.wav
2026-06-09 20:24:07,453 - INFO - Windows taskbar restored
2026-06-09 20:24:08,349 - INFO - Windows taskbar restored
2026-06-09 20:33:41,132 - CRITICAL - Fatal error: name 'self' is not defined
Traceback (most recent call last):
  File "C:\Users\Jonathan\EazyOS\OS\OS.py", line 982, in <module>
    self._show_messagebox(
    ^^^^
NameError: name 'self' is not defined
2026-06-09 20:36:06,973 - CRITICAL - Fatal error: name 'self' is not defined
Traceback (most recent call last):
  File "C:\Users\Jonathan\EazyOS\OS\OS.py", line 982, in <module>
    self.root = tk.Tk()
    ^^^^
NameError: name 'self' is not defined
2026-06-09 20:41:17,081 - CRITICAL - Fatal error: name 'self' is not defined
Traceback (most recent call last):
  File "C:\Users\Jonathan\EazyOS\OS\OS.py", line 973, in <module>
    self._show_messagebox(
    ^^^^
NameError: name 'self' is not defined
2026-06-09 20:42:07,999 - INFO - Looking for config file at: C:\Users\Jonathan\EazyOS\OS\eazyos_config.json
2026-06-09 20:42:08,128 - INFO - Config file found, loading...
2026-06-09 20:42:08,159 - INFO - Loaded configuration: {'theme': {'type': 'color', 'color': '#008080', 'wallpaper': None, 'taskbar_color': '#c0c0c0', 'window_title_color': '#000080'}, 'system': {'startup_sound': 'true', 'enable_sounds': 'true', 'show_clock': 'true', 'auto_hide_windows_taskbar': 'true'}}
2026-06-09 20:42:08,194 - WARNING - BIOS system file not found: bios.py
2026-06-09 20:42:08,258 - INFO - Looking for config file at: C:\Users\Jonathan\EazyOS\OS\eazyos_config.json
2026-06-09 20:42:08,273 - INFO - Config file found, loading...
2026-06-09 20:42:08,298 - INFO - Loaded configuration: {'theme': {'type': 'color', 'color': '#008080', 'wallpaper': None, 'taskbar_color': '#c0c0c0', 'window_title_color': '#000080'}, 'system': {'startup_sound': 'true', 'enable_sounds': 'true', 'show_clock': 'true', 'auto_hide_windows_taskbar': 'true'}}
2026-06-09 20:42:08,343 - INFO - Windows taskbar hidden
2026-06-09 20:42:08,364 - INFO - System settings applied: sounds=True, clock=True, auto_hide_taskbar=True
2026-06-09 20:42:08,390 - INFO - Looking for config file at: C:\Users\Jonathan\EazyOS\OS\eazyos_config.json
2026-06-09 20:42:08,411 - INFO - Config file found, loading...
2026-06-09 20:42:08,435 - INFO - Loaded configuration: {'theme': {'type': 'color', 'color': '#008080', 'wallpaper': None, 'taskbar_color': '#c0c0c0', 'window_title_color': '#000080'}, 'system': {'startup_sound': 'true', 'enable_sounds': 'true', 'show_clock': 'true', 'auto_hide_windows_taskbar': 'true'}}
2026-06-09 20:42:08,474 - INFO - Playing sound: The Microsoft Sound.wav
2026-06-09 20:42:08,488 - INFO - EazyOS Desktop initialized successfully
2026-06-09 20:42:08,514 - INFO - Loading saved theme...
2026-06-09 20:42:08,536 - INFO - Looking for config file at: C:\Users\Jonathan\EazyOS\OS\eazyos_config.json
2026-06-09 20:42:08,575 - INFO - Config file found, loading...
2026-06-09 20:42:08,594 - INFO - Loaded configuration: {'theme': {'type': 'color', 'color': '#008080', 'wallpaper': None, 'taskbar_color': '#c0c0c0', 'window_title_color': '#000080'}, 'system': {'startup_sound': 'true', 'enable_sounds': 'true', 'show_clock': 'true', 'auto_hide_windows_taskbar': 'true'}}
2026-06-09 20:42:08,623 - INFO - Applied background color: #008080
2026-06-09 20:42:08,644 - INFO - apply_from_config: type=color, taskbar=#c0c0c0, title_bar=#000080
2026-06-09 20:43:17,476 - INFO - Looking for config file at: C:\Users\Jonathan\EazyOS\OS\eazyos_config.json
2026-06-09 20:43:17,476 - INFO - Config file found, loading...
2026-06-09 20:43:17,477 - INFO - Loaded configuration: {'theme': {'type': 'color', 'color': '#008080', 'wallpaper': None, 'taskbar_color': '#c0c0c0', 'window_title_color': '#000080'}, 'system': {'startup_sound': 'true', 'enable_sounds': 'true', 'show_clock': 'true', 'auto_hide_windows_taskbar': 'true'}}
2026-06-09 20:43:17,477 - WARNING - BIOS system file not found: bios.py
2026-06-09 20:43:17,625 - INFO - Looking for config file at: C:\Users\Jonathan\EazyOS\OS\eazyos_config.json
2026-06-09 20:43:17,625 - INFO - Config file found, loading...
2026-06-09 20:43:17,625 - INFO - Loaded configuration: {'theme': {'type': 'color', 'color': '#008080', 'wallpaper': None, 'taskbar_color': '#c0c0c0', 'window_title_color': '#000080'}, 'system': {'startup_sound': 'true', 'enable_sounds': 'true', 'show_clock': 'true', 'auto_hide_windows_taskbar': 'true'}}
2026-06-09 20:43:17,626 - INFO - Windows taskbar hidden
2026-06-09 20:43:17,626 - INFO - System settings applied: sounds=True, clock=True, auto_hide_taskbar=True
2026-06-09 20:43:17,626 - INFO - Looking for config file at: C:\Users\Jonathan\EazyOS\OS\eazyos_config.json
2026-06-09 20:43:17,627 - INFO - Config file found, loading...
2026-06-09 20:43:17,627 - INFO - Loaded configuration: {'theme': {'type': 'color', 'color': '#008080', 'wallpaper': None, 'taskbar_color': '#c0c0c0', 'window_title_color': '#000080'}, 'system': {'startup_sound': 'true', 'enable_sounds': 'true', 'show_clock': 'true', 'auto_hide_windows_taskbar': 'true'}}
2026-06-09 20:43:17,633 - INFO - Playing sound: The Microsoft Sound.wav
2026-06-09 20:43:17,633 - INFO - EazyOS Desktop initialized successfully
2026-06-09 20:43:17,918 - INFO - Loading saved theme...
2026-06-09 20:43:17,919 - INFO - Looking for config file at: C:\Users\Jonathan\EazyOS\OS\eazyos_config.json
2026-06-09 20:43:17,919 - INFO - Config file found, loading...
2026-06-09 20:43:17,919 - INFO - Loaded configuration: {'theme': {'type': 'color', 'color': '#008080', 'wallpaper': None, 'taskbar_color': '#c0c0c0', 'window_title_color': '#000080'}, 'system': {'startup_sound': 'true', 'enable_sounds': 'true', 'show_clock': 'true', 'auto_hide_windows_taskbar': 'true'}}
2026-06-09 20:43:17,920 - INFO - Applied background color: #008080
2026-06-09 20:43:17,920 - INFO - apply_from_config: type=color, taskbar=#c0c0c0, title_bar=#000080
2026-06-09 20:45:47,912 - INFO - Looking for config file at: C:\Users\Jonathan\EazyOS\OS\eazyos_config.json
2026-06-09 20:45:47,915 - INFO - Config file found, loading...
2026-06-09 20:45:47,918 - INFO - Loaded configuration: {'theme': {'type': 'color', 'color': '#008080', 'wallpaper': None, 'taskbar_color': '#c0c0c0', 'window_title_color': '#000080'}, 'system': {'startup_sound': 'true', 'enable_sounds': 'true', 'show_clock': 'true', 'auto_hide_windows_taskbar': 'true'}}
2026-06-09 20:45:47,921 - WARNING - BIOS system file not found: bios.py
2026-06-09 20:45:47,941 - INFO - Looking for config file at: C:\Users\Jonathan\EazyOS\OS\eazyos_config.json
2026-06-09 20:45:47,945 - INFO - Config file found, loading...
2026-06-09 20:45:47,948 - INFO - Loaded configuration: {'theme': {'type': 'color', 'color': '#008080', 'wallpaper': None, 'taskbar_color': '#c0c0c0', 'window_title_color': '#000080'}, 'system': {'startup_sound': 'true', 'enable_sounds': 'true', 'show_clock': 'true', 'auto_hide_windows_taskbar': 'true'}}
2026-06-09 20:45:47,953 - INFO - Windows taskbar hidden
2026-06-09 20:45:47,956 - INFO - System settings applied: sounds=True, clock=True, auto_hide_taskbar=True
2026-06-09 20:45:47,960 - INFO - Looking for config file at: C:\Users\Jonathan\EazyOS\OS\eazyos_config.json
2026-06-09 20:45:47,962 - INFO - Config file found, loading...
2026-06-09 20:45:47,964 - INFO - Loaded configuration: {'theme': {'type': 'color', 'color': '#008080', 'wallpaper': None, 'taskbar_color': '#c0c0c0', 'window_title_color': '#000080'}, 'system': {'startup_sound': 'true', 'enable_sounds': 'true', 'show_clock': 'true', 'auto_hide_windows_taskbar': 'true'}}
2026-06-09 20:45:47,968 - INFO - Playing sound: The Microsoft Sound.wav
2026-06-09 20:45:47,971 - INFO - EazyOS Desktop initialized successfully
2026-06-09 20:45:48,069 - INFO - Loading saved theme...
2026-06-09 20:45:48,093 - INFO - Looking for config file at: C:\Users\Jonathan\EazyOS\OS\eazyos_config.json
2026-06-09 20:45:48,098 - INFO - Config file found, loading...
2026-06-09 20:45:48,102 - INFO - Loaded configuration: {'theme': {'type': 'color', 'color': '#008080', 'wallpaper': None, 'taskbar_color': '#c0c0c0', 'window_title_color': '#000080'}, 'system': {'startup_sound': 'true', 'enable_sounds': 'true', 'show_clock': 'true', 'auto_hide_windows_taskbar': 'true'}}
2026-06-09 20:45:48,107 - INFO - Applied background color: #008080
2026-06-09 20:45:48,110 - INFO - apply_from_config: type=color, taskbar=#c0c0c0, title_bar=#000080
2026-06-09 20:46:02,184 - ERROR - Taskbar frame not initialized in root window.
2026-06-09 20:46:02,353 - ERROR - Failed to launch script C:\Users\Jonathan\EazyOS\OS\SYSTEM\about.py: image "pyimage11" doesn't exist
Traceback (most recent call last):
  File "C:\Users\Jonathan\EazyOS\OS\OS.py", line 294, in _launch_script
    exec(open(script_path).read(), {'root': win, 'frame': parent_frame, 'tk': tk})
    ~~~~^^^^^^^^^^^^^^^^^^^^^^^^^^^^^^^^^^^^^^^^^^^^^^^^^^^^^^^^^^^^^^^^^^^^^^^^^^
  File "<string>", line 14, in <module>
  File "C:\Users\Jonathan\AppData\Local\Programs\Python\Python314\Lib\tkinter\__init__.py", line 3392, in __init__
    Widget.__init__(self, master, 'label', cnf, kw)
    ~~~~~~~~~~~~~~~^^^^^^^^^^^^^^^^^^^^^^^^^^^^^^^^
  File "C:\Users\Jonathan\AppData\Local\Programs\Python\Python314\Lib\tkinter\__init__.py", line 2805, in __init__
    self.tk.call(
    ~~~~~~~~~~~~^
        (widgetName, self._w) + extra + self._options(cnf))
        ^^^^^^^^^^^^^^^^^^^^^^^^^^^^^^^^^^^^^^^^^^^^^^^^^^^
_tkinter.TclError: image "pyimage11" doesn't exist
2026-06-09 20:46:06,140 - INFO - Windows taskbar restored
2026-06-09 21:11:24,029 - INFO - Looking for config file at: C:\Users\Jonathan\EazyOS\OS\eazyos_config.json
2026-06-09 21:11:24,030 - INFO - Config file found, loading...
2026-06-09 21:11:24,030 - INFO - Loaded configuration: {'theme': {'type': 'color', 'color': '#008080', 'wallpaper': None, 'taskbar_color': '#c0c0c0', 'window_title_color': '#000080'}, 'system': {'startup_sound': 'true', 'enable_sounds': 'true', 'show_clock': 'true', 'auto_hide_windows_taskbar': 'true'}}
2026-06-09 21:11:24,030 - WARNING - BIOS system file not found: bios.py
2026-06-09 21:11:24,053 - INFO - Looking for config file at: C:\Users\Jonathan\EazyOS\OS\eazyos_config.json
2026-06-09 21:11:24,053 - INFO - Config file found, loading...
2026-06-09 21:11:24,053 - INFO - Loaded configuration: {'theme': {'type': 'color', 'color': '#008080', 'wallpaper': None, 'taskbar_color': '#c0c0c0', 'window_title_color': '#000080'}, 'system': {'startup_sound': 'true', 'enable_sounds': 'true', 'show_clock': 'true', 'auto_hide_windows_taskbar': 'true'}}
2026-06-09 21:11:24,056 - INFO - Windows taskbar hidden
2026-06-09 21:11:24,056 - INFO - System settings applied: sounds=True, clock=True, auto_hide_taskbar=True
2026-06-09 21:11:24,056 - INFO - Looking for config file at: C:\Users\Jonathan\EazyOS\OS\eazyos_config.json
2026-06-09 21:11:24,056 - INFO - Config file found, loading...
2026-06-09 21:11:24,057 - INFO - Loaded configuration: {'theme': {'type': 'color', 'color': '#008080', 'wallpaper': None, 'taskbar_color': '#c0c0c0', 'window_title_color': '#000080'}, 'system': {'startup_sound': 'true', 'enable_sounds': 'true', 'show_clock': 'true', 'auto_hide_windows_taskbar': 'true'}}
2026-06-09 21:11:24,059 - INFO - Playing sound: The Microsoft Sound.wav
2026-06-09 21:11:24,059 - INFO - EazyOS Desktop initialized successfully
2026-06-09 21:11:24,158 - INFO - Loading saved theme...
2026-06-09 21:11:24,158 - INFO - Looking for config file at: C:\Users\Jonathan\EazyOS\OS\eazyos_config.json
2026-06-09 21:11:24,158 - INFO - Config file found, loading...
2026-06-09 21:11:24,159 - INFO - Loaded configuration: {'theme': {'type': 'color', 'color': '#008080', 'wallpaper': None, 'taskbar_color': '#c0c0c0', 'window_title_color': '#000080'}, 'system': {'startup_sound': 'true', 'enable_sounds': 'true', 'show_clock': 'true', 'auto_hide_windows_taskbar': 'true'}}
2026-06-09 21:11:24,159 - INFO - Applied background color: #008080
2026-06-09 21:11:24,159 - INFO - apply_from_config: type=color, taskbar=#c0c0c0, title_bar=#000080
2026-06-09 21:11:33,214 - INFO - Windows taskbar restored
2026-06-09 21:12:02,416 - INFO - Looking for config file at: C:\Users\Jonathan\EazyOS\OS\eazyos_config.json
2026-06-09 21:12:02,417 - INFO - Config file found, loading...
2026-06-09 21:12:02,417 - INFO - Loaded configuration: {'theme': {'type': 'color', 'color': '#008080', 'wallpaper': None, 'taskbar_color': '#c0c0c0', 'window_title_color': '#000080'}, 'system': {'startup_sound': 'true', 'enable_sounds': 'true', 'show_clock': 'true', 'auto_hide_windows_taskbar': 'true'}}
2026-06-09 21:12:02,417 - WARNING - BIOS system file not found: bios.py
2026-06-09 21:12:02,437 - INFO - Looking for config file at: C:\Users\Jonathan\EazyOS\OS\eazyos_config.json
2026-06-09 21:12:02,438 - INFO - Config file found, loading...
2026-06-09 21:12:02,438 - INFO - Loaded configuration: {'theme': {'type': 'color', 'color': '#008080', 'wallpaper': None, 'taskbar_color': '#c0c0c0', 'window_title_color': '#000080'}, 'system': {'startup_sound': 'true', 'enable_sounds': 'true', 'show_clock': 'true', 'auto_hide_windows_taskbar': 'true'}}
2026-06-09 21:12:02,440 - INFO - Windows taskbar hidden
2026-06-09 21:12:02,440 - INFO - System settings applied: sounds=True, clock=True, auto_hide_taskbar=True
2026-06-09 21:12:02,441 - INFO - Looking for config file at: C:\Users\Jonathan\EazyOS\OS\eazyos_config.json
2026-06-09 21:12:02,441 - INFO - Config file found, loading...
2026-06-09 21:12:02,441 - INFO - Loaded configuration: {'theme': {'type': 'color', 'color': '#008080', 'wallpaper': None, 'taskbar_color': '#c0c0c0', 'window_title_color': '#000080'}, 'system': {'startup_sound': 'true', 'enable_sounds': 'true', 'show_clock': 'true', 'auto_hide_windows_taskbar': 'true'}}
2026-06-09 21:12:02,443 - INFO - Playing sound: The Microsoft Sound.wav
2026-06-09 21:12:02,444 - INFO - EazyOS Desktop initialized successfully
2026-06-09 21:12:02,546 - INFO - Loading saved theme...
2026-06-09 21:12:02,546 - INFO - Looking for config file at: C:\Users\Jonathan\EazyOS\OS\eazyos_config.json
2026-06-09 21:12:02,546 - INFO - Config file found, loading...
2026-06-09 21:12:02,547 - INFO - Loaded configuration: {'theme': {'type': 'color', 'color': '#008080', 'wallpaper': None, 'taskbar_color': '#c0c0c0', 'window_title_color': '#000080'}, 'system': {'startup_sound': 'true', 'enable_sounds': 'true', 'show_clock': 'true', 'auto_hide_windows_taskbar': 'true'}}
2026-06-09 21:12:02,547 - INFO - Applied background color: #008080
2026-06-09 21:12:02,547 - INFO - apply_from_config: type=color, taskbar=#c0c0c0, title_bar=#000080
2026-06-09 21:12:06,479 - ERROR - Taskbar frame not initialized in root window.
2026-06-09 21:12:06,769 - INFO - Successfully launched script: C:\Users\Jonathan\EazyOS\OS\..\Program Files\Sound Player\music_player.py
2026-06-09 21:12:27,974 - INFO - Looking for config file at: C:\Users\Jonathan\EazyOS\OS\eazyos_config.json
2026-06-09 21:12:27,974 - INFO - Config file found, loading...
2026-06-09 21:12:27,974 - INFO - Loaded configuration: {'theme': {'type': 'color', 'color': '#008080', 'wallpaper': None, 'taskbar_color': '#c0c0c0', 'window_title_color': '#000080'}, 'system': {'startup_sound': 'true', 'enable_sounds': 'true', 'show_clock': 'true', 'auto_hide_windows_taskbar': 'true'}}
2026-06-09 21:12:27,974 - WARNING - BIOS system file not found: bios.py
2026-06-09 21:12:27,995 - INFO - Looking for config file at: C:\Users\Jonathan\EazyOS\OS\eazyos_config.json
2026-06-09 21:12:27,995 - INFO - Config file found, loading...
2026-06-09 21:12:27,996 - INFO - Loaded configuration: {'theme': {'type': 'color', 'color': '#008080', 'wallpaper': None, 'taskbar_color': '#c0c0c0', 'window_title_color': '#000080'}, 'system': {'startup_sound': 'true', 'enable_sounds': 'true', 'show_clock': 'true', 'auto_hide_windows_taskbar': 'true'}}
2026-06-09 21:12:27,996 - INFO - Windows taskbar hidden
2026-06-09 21:12:27,996 - INFO - System settings applied: sounds=True, clock=True, auto_hide_taskbar=True
2026-06-09 21:12:27,996 - INFO - Looking for config file at: C:\Users\Jonathan\EazyOS\OS\eazyos_config.json
2026-06-09 21:12:27,996 - INFO - Config file found, loading...
2026-06-09 21:12:27,997 - INFO - Loaded configuration: {'theme': {'type': 'color', 'color': '#008080', 'wallpaper': None, 'taskbar_color': '#c0c0c0', 'window_title_color': '#000080'}, 'system': {'startup_sound': 'true', 'enable_sounds': 'true', 'show_clock': 'true', 'auto_hide_windows_taskbar': 'true'}}
2026-06-09 21:12:27,999 - INFO - Playing sound: The Microsoft Sound.wav
2026-06-09 21:12:27,999 - INFO - EazyOS Desktop initialized successfully
2026-06-09 21:12:28,096 - INFO - Loading saved theme...
2026-06-09 21:12:28,096 - INFO - Looking for config file at: C:\Users\Jonathan\EazyOS\OS\eazyos_config.json
2026-06-09 21:12:28,096 - INFO - Config file found, loading...
2026-06-09 21:12:28,096 - INFO - Loaded configuration: {'theme': {'type': 'color', 'color': '#008080', 'wallpaper': None, 'taskbar_color': '#c0c0c0', 'window_title_color': '#000080'}, 'system': {'startup_sound': 'true', 'enable_sounds': 'true', 'show_clock': 'true', 'auto_hide_windows_taskbar': 'true'}}
2026-06-09 21:12:28,097 - INFO - Applied background color: #008080
2026-06-09 21:12:28,097 - INFO - apply_from_config: type=color, taskbar=#c0c0c0, title_bar=#000080
2026-06-09 21:12:30,049 - ERROR - Taskbar frame not initialized in root window.
2026-06-09 21:12:30,064 - INFO - Successfully launched script: C:\Users\Jonathan\EazyOS\OS\..\Program Files\alarm\alarm.py
2026-06-09 21:15:05,569 - INFO - Looking for config file at: C:\Users\Jonathan\EazyOS\OS\eazyos_config.json
2026-06-09 21:15:05,569 - INFO - Config file found, loading...
2026-06-09 21:15:05,570 - INFO - Loaded configuration: {'theme': {'type': 'color', 'color': '#008080', 'wallpaper': None, 'taskbar_color': '#c0c0c0', 'window_title_color': '#000080'}, 'system': {'startup_sound': 'true', 'enable_sounds': 'true', 'show_clock': 'true', 'auto_hide_windows_taskbar': 'true'}}
2026-06-09 21:15:05,570 - WARNING - BIOS system file not found: bios.py
2026-06-09 21:15:05,591 - INFO - Looking for config file at: C:\Users\Jonathan\EazyOS\OS\eazyos_config.json
2026-06-09 21:15:05,591 - INFO - Config file found, loading...
2026-06-09 21:15:05,592 - INFO - Loaded configuration: {'theme': {'type': 'color', 'color': '#008080', 'wallpaper': None, 'taskbar_color': '#c0c0c0', 'window_title_color': '#000080'}, 'system': {'startup_sound': 'true', 'enable_sounds': 'true', 'show_clock': 'true', 'auto_hide_windows_taskbar': 'true'}}
2026-06-09 21:15:05,593 - INFO - Windows taskbar hidden
2026-06-09 21:15:05,593 - INFO - System settings applied: sounds=True, clock=True, auto_hide_taskbar=True
2026-06-09 21:15:05,593 - INFO - Looking for config file at: C:\Users\Jonathan\EazyOS\OS\eazyos_config.json
2026-06-09 21:15:05,593 - INFO - Config file found, loading...
2026-06-09 21:15:05,594 - INFO - Loaded configuration: {'theme': {'type': 'color', 'color': '#008080', 'wallpaper': None, 'taskbar_color': '#c0c0c0', 'window_title_color': '#000080'}, 'system': {'startup_sound': 'true', 'enable_sounds': 'true', 'show_clock': 'true', 'auto_hide_windows_taskbar': 'true'}}
2026-06-09 21:15:05,595 - INFO - Playing sound: The Microsoft Sound.wav
2026-06-09 21:15:05,596 - INFO - EazyOS Desktop initialized successfully
2026-06-09 21:15:05,693 - INFO - Loading saved theme...
2026-06-09 21:15:05,693 - INFO - Looking for config file at: C:\Users\Jonathan\EazyOS\OS\eazyos_config.json
2026-06-09 21:15:05,693 - INFO - Config file found, loading...
2026-06-09 21:15:05,694 - INFO - Loaded configuration: {'theme': {'type': 'color', 'color': '#008080', 'wallpaper': None, 'taskbar_color': '#c0c0c0', 'window_title_color': '#000080'}, 'system': {'startup_sound': 'true', 'enable_sounds': 'true', 'show_clock': 'true', 'auto_hide_windows_taskbar': 'true'}}
2026-06-09 21:15:05,694 - INFO - Applied background color: #008080
2026-06-09 21:15:05,695 - INFO - apply_from_config: type=color, taskbar=#c0c0c0, title_bar=#000080
2026-06-09 21:15:09,318 - ERROR - Failed to launch script C:\Users\Jonathan\EazyOS\OS\SYSTEM\about.py: [Errno 2] No such file or directory: 'python-logo.png'
Traceback (most recent call last):
  File "C:\Users\Jonathan\EazyOS\OS\OS.py", line 311, in _launch_script
    exec(compile(code, script_path, 'exec'), script_globals)
    ~~~~^^^^^^^^^^^^^^^^^^^^^^^^^^^^^^^^^^^^^^^^^^^^^^^^^^^^
  File "C:\Users\Jonathan\EazyOS\OS\SYSTEM\about.py", line 12, in <module>
    img = Image.open("python-logo.png")
  File "C:\Users\Jonathan\AppData\Local\Programs\Python\Python314\Lib\site-packages\PIL\Image.py", line 3635, in open
    fp = builtins.open(filename, "rb")
FileNotFoundError: [Errno 2] No such file or directory: 'python-logo.png'
2026-06-09 21:15:20,125 - INFO - Looking for config file at: C:\Users\Jonathan\EazyOS\OS\eazyos_config.json
2026-06-09 21:15:20,125 - INFO - Config file found, loading...
2026-06-09 21:15:20,126 - INFO - Loaded configuration: {'theme': {'type': 'color', 'color': '#008080', 'wallpaper': None, 'taskbar_color': '#c0c0c0', 'window_title_color': '#000080'}, 'system': {'startup_sound': 'true', 'enable_sounds': 'true', 'show_clock': 'true', 'auto_hide_windows_taskbar': 'true'}}
2026-06-09 21:15:20,126 - WARNING - BIOS system file not found: bios.py
2026-06-09 21:15:20,147 - INFO - Looking for config file at: C:\Users\Jonathan\EazyOS\OS\eazyos_config.json
2026-06-09 21:15:20,147 - INFO - Config file found, loading...
2026-06-09 21:15:20,147 - INFO - Loaded configuration: {'theme': {'type': 'color', 'color': '#008080', 'wallpaper': None, 'taskbar_color': '#c0c0c0', 'window_title_color': '#000080'}, 'system': {'startup_sound': 'true', 'enable_sounds': 'true', 'show_clock': 'true', 'auto_hide_windows_taskbar': 'true'}}
2026-06-09 21:15:20,149 - INFO - Windows taskbar hidden
2026-06-09 21:15:20,149 - INFO - System settings applied: sounds=True, clock=True, auto_hide_taskbar=True
2026-06-09 21:15:20,149 - INFO - Looking for config file at: C:\Users\Jonathan\EazyOS\OS\eazyos_config.json
2026-06-09 21:15:20,149 - INFO - Config file found, loading...
2026-06-09 21:15:20,150 - INFO - Loaded configuration: {'theme': {'type': 'color', 'color': '#008080', 'wallpaper': None, 'taskbar_color': '#c0c0c0', 'window_title_color': '#000080'}, 'system': {'startup_sound': 'true', 'enable_sounds': 'true', 'show_clock': 'true', 'auto_hide_windows_taskbar': 'true'}}
2026-06-09 21:15:20,152 - INFO - Playing sound: The Microsoft Sound.wav
2026-06-09 21:15:20,152 - INFO - EazyOS Desktop initialized successfully
2026-06-09 21:15:20,247 - INFO - Loading saved theme...
2026-06-09 21:15:20,248 - INFO - Looking for config file at: C:\Users\Jonathan\EazyOS\OS\eazyos_config.json
2026-06-09 21:15:20,248 - INFO - Config file found, loading...
2026-06-09 21:15:20,248 - INFO - Loaded configuration: {'theme': {'type': 'color', 'color': '#008080', 'wallpaper': None, 'taskbar_color': '#c0c0c0', 'window_title_color': '#000080'}, 'system': {'startup_sound': 'true', 'enable_sounds': 'true', 'show_clock': 'true', 'auto_hide_windows_taskbar': 'true'}}
2026-06-09 21:15:20,249 - INFO - Applied background color: #008080
2026-06-09 21:15:20,249 - INFO - apply_from_config: type=color, taskbar=#c0c0c0, title_bar=#000080
2026-06-09 21:15:26,131 - WARNING - Sound file not found: media\ding.wav
2026-06-09 21:15:29,135 - INFO - Successfully launched script: C:\Users\Jonathan\EazyOS\OS\..\Program Files\alarm\alarm.py
2026-06-09 21:15:29,265 - INFO - Windows taskbar restored
2026-06-09 21:27:20,789 - INFO - Looking for config file at: C:\Users\Jonathan\EazyOS\OS\eazyos_config.json
2026-06-09 21:27:20,790 - INFO - Config file found, loading...
2026-06-09 21:27:20,790 - INFO - Loaded configuration: {'theme': {'type': 'color', 'color': '#008080', 'wallpaper': None, 'taskbar_color': '#c0c0c0', 'window_title_color': '#000080'}, 'system': {'startup_sound': 'true', 'enable_sounds': 'true', 'show_clock': 'true', 'auto_hide_windows_taskbar': 'true'}}
2026-06-09 21:27:20,790 - WARNING - BIOS system file not found: bios.py
2026-06-09 21:27:20,810 - CRITICAL - Fatal error: 'EazyOSDesktop' object has no attribute '_create_programs_menu'
Traceback (most recent call last):
  File "C:\Users\Jonathan\EazyOS\OS\OS.py", line 936, in <module>
    desktop = EazyOSDesktop()
  File "C:\Users\Jonathan\EazyOS\OS\OS.py", line 449, in __init__
    self._create_start_menu()
    ~~~~~~~~~~~~~~~~~~~~~~~^^
  File "C:\Users\Jonathan\EazyOS\OS\OS.py", line 748, in _create_start_menu
    programs_menu = self._create_programs_menu()
                    ^^^^^^^^^^^^^^^^^^^^^^^^^^
AttributeError: 'EazyOSDesktop' object has no attribute '_create_programs_menu'. Did you mean: '_create_start_menu'?
2026-06-09 21:28:10,801 - INFO - Looking for config file at: C:\Users\Jonathan\EazyOS\OS\eazyos_config.json
2026-06-09 21:28:10,804 - INFO - Config file found, loading...
2026-06-09 21:28:10,807 - INFO - Loaded configuration: {'theme': {'type': 'color', 'color': '#008080', 'wallpaper': None, 'taskbar_color': '#c0c0c0', 'window_title_color': '#000080'}, 'system': {'startup_sound': 'true', 'enable_sounds': 'true', 'show_clock': 'true', 'auto_hide_windows_taskbar': 'true'}}
2026-06-09 21:28:10,809 - WARNING - BIOS system file not found: bios.py
2026-06-09 21:28:10,830 - CRITICAL - Fatal error: 'EazyOSDesktop' object has no attribute '_open_notes'
Traceback (most recent call last):
  File "C:\Users\Jonathan\EazyOS\OS\OS.py", line 976, in <module>
    desktop = EazyOSDesktop()
  File "C:\Users\Jonathan\EazyOS\OS\OS.py", line 449, in __init__
    self._create_start_menu()
    ~~~~~~~~~~~~~~~~~~~~~~~^^
  File "C:\Users\Jonathan\EazyOS\OS\OS.py", line 760, in _create_start_menu
    info_menu.add_command(label="Release Notes", command=self._open_notes)
                                                         ^^^^^^^^^^^^^^^^
AttributeError: 'EazyOSDesktop' object has no attribute '_open_notes'. Did you mean: '_open_games'?
2026-06-09 21:29:59,561 - INFO - Looking for config file at: C:\Users\Jonathan\EazyOS\OS\eazyos_config.json
2026-06-09 21:29:59,561 - INFO - Config file found, loading...
2026-06-09 21:29:59,562 - INFO - Loaded configuration: {'theme': {'type': 'color', 'color': '#008080', 'wallpaper': None, 'taskbar_color': '#c0c0c0', 'window_title_color': '#000080'}, 'system': {'startup_sound': 'true', 'enable_sounds': 'true', 'show_clock': 'true', 'auto_hide_windows_taskbar': 'true'}}
2026-06-09 21:29:59,562 - WARNING - BIOS system file not found: bios.py
2026-06-09 21:29:59,582 - INFO - Looking for config file at: C:\Users\Jonathan\EazyOS\OS\eazyos_config.json
2026-06-09 21:29:59,582 - INFO - Config file found, loading...
2026-06-09 21:29:59,582 - INFO - Loaded configuration: {'theme': {'type': 'color', 'color': '#008080', 'wallpaper': None, 'taskbar_color': '#c0c0c0', 'window_title_color': '#000080'}, 'system': {'startup_sound': 'true', 'enable_sounds': 'true', 'show_clock': 'true', 'auto_hide_windows_taskbar': 'true'}}
2026-06-09 21:29:59,584 - INFO - Windows taskbar hidden
2026-06-09 21:29:59,584 - INFO - System settings applied: sounds=True, clock=True, auto_hide_taskbar=True
2026-06-09 21:29:59,584 - INFO - Looking for config file at: C:\Users\Jonathan\EazyOS\OS\eazyos_config.json
2026-06-09 21:29:59,584 - INFO - Config file found, loading...
2026-06-09 21:29:59,584 - INFO - Loaded configuration: {'theme': {'type': 'color', 'color': '#008080', 'wallpaper': None, 'taskbar_color': '#c0c0c0', 'window_title_color': '#000080'}, 'system': {'startup_sound': 'true', 'enable_sounds': 'true', 'show_clock': 'true', 'auto_hide_windows_taskbar': 'true'}}
2026-06-09 21:29:59,586 - INFO - Playing sound: The Microsoft Sound.wav
2026-06-09 21:29:59,586 - INFO - EazyOS Desktop initialized successfully
2026-06-09 21:29:59,684 - INFO - Loading saved theme...
2026-06-09 21:29:59,684 - INFO - Looking for config file at: C:\Users\Jonathan\EazyOS\OS\eazyos_config.json
2026-06-09 21:29:59,684 - INFO - Config file found, loading...
2026-06-09 21:29:59,685 - INFO - Loaded configuration: {'theme': {'type': 'color', 'color': '#008080', 'wallpaper': None, 'taskbar_color': '#c0c0c0', 'window_title_color': '#000080'}, 'system': {'startup_sound': 'true', 'enable_sounds': 'true', 'show_clock': 'true', 'auto_hide_windows_taskbar': 'true'}}
2026-06-09 21:29:59,685 - INFO - Applied background color: #008080
2026-06-09 21:29:59,686 - INFO - apply_from_config: type=color, taskbar=#c0c0c0, title_bar=#000080
2026-06-09 21:30:13,121 - INFO - Windows taskbar restored
2026-06-09 21:34:33,754 - INFO - Looking for config file at: C:\Users\Jonathan\EazyOS\OS\eazyos_config.json
2026-06-09 21:34:33,759 - INFO - Config file found, loading...
2026-06-09 21:34:33,761 - INFO - Loaded configuration: {'theme': {'type': 'color', 'color': '#008080', 'wallpaper': None, 'taskbar_color': '#c0c0c0', 'window_title_color': '#000080'}, 'system': {'startup_sound': 'true', 'enable_sounds': 'true', 'show_clock': 'true', 'auto_hide_windows_taskbar': 'true'}}
2026-06-09 21:34:33,763 - WARNING - BIOS system file not found: bios.py
2026-06-09 21:34:33,785 - INFO - Looking for config file at: C:\Users\Jonathan\EazyOS\OS\eazyos_config.json
2026-06-09 21:34:33,787 - INFO - Config file found, loading...
2026-06-09 21:34:33,790 - INFO - Loaded configuration: {'theme': {'type': 'color', 'color': '#008080', 'wallpaper': None, 'taskbar_color': '#c0c0c0', 'window_title_color': '#000080'}, 'system': {'startup_sound': 'true', 'enable_sounds': 'true', 'show_clock': 'true', 'auto_hide_windows_taskbar': 'true'}}
2026-06-09 21:34:33,795 - INFO - Windows taskbar hidden
2026-06-09 21:34:33,799 - INFO - System settings applied: sounds=True, clock=True, auto_hide_taskbar=True
2026-06-09 21:34:33,801 - INFO - Looking for config file at: C:\Users\Jonathan\EazyOS\OS\eazyos_config.json
2026-06-09 21:34:33,804 - INFO - Config file found, loading...
2026-06-09 21:34:33,806 - INFO - Loaded configuration: {'theme': {'type': 'color', 'color': '#008080', 'wallpaper': None, 'taskbar_color': '#c0c0c0', 'window_title_color': '#000080'}, 'system': {'startup_sound': 'true', 'enable_sounds': 'true', 'show_clock': 'true', 'auto_hide_windows_taskbar': 'true'}}
2026-06-09 21:34:33,811 - INFO - Playing sound: The Microsoft Sound.wav
2026-06-09 21:34:33,813 - INFO - EazyOS Desktop initialized successfully
2026-06-09 21:34:35,062 - INFO - Playing sound: CHORD.wav
2026-06-09 21:34:35,144 - INFO - Loading saved theme...
2026-06-09 21:34:35,163 - INFO - Looking for config file at: C:\Users\Jonathan\EazyOS\OS\eazyos_config.json
2026-06-09 21:34:35,172 - INFO - Config file found, loading...
2026-06-09 21:34:35,176 - INFO - Loaded configuration: {'theme': {'type': 'color', 'color': '#008080', 'wallpaper': None, 'taskbar_color': '#c0c0c0', 'window_title_color': '#000080'}, 'system': {'startup_sound': 'true', 'enable_sounds': 'true', 'show_clock': 'true', 'auto_hide_windows_taskbar': 'true'}}
2026-06-09 21:34:35,180 - INFO - Applied background color: #008080
2026-06-09 21:34:35,184 - INFO - apply_from_config: type=color, taskbar=#c0c0c0, title_bar=#000080
2026-06-09 21:34:40,513 - INFO - Windows taskbar restored
2026-06-09 21:36:21,784 - INFO - Looking for config file at: C:\Users\Jonathan\EazyOS\OS\eazyos_config.json
2026-06-09 21:36:21,788 - INFO - Config file found, loading...
2026-06-09 21:36:21,791 - INFO - Loaded configuration: {'theme': {'type': 'color', 'color': '#008080', 'wallpaper': None, 'taskbar_color': '#c0c0c0', 'window_title_color': '#000080'}, 'system': {'startup_sound': 'true', 'enable_sounds': 'true', 'show_clock': 'true', 'auto_hide_windows_taskbar': 'true'}}
2026-06-09 21:36:21,793 - WARNING - BIOS system file not found: bios.py
2026-06-09 21:36:21,815 - INFO - Looking for config file at: C:\Users\Jonathan\EazyOS\OS\eazyos_config.json
2026-06-09 21:36:21,817 - INFO - Config file found, loading...
2026-06-09 21:36:21,822 - INFO - Loaded configuration: {'theme': {'type': 'color', 'color': '#008080', 'wallpaper': None, 'taskbar_color': '#c0c0c0', 'window_title_color': '#000080'}, 'system': {'startup_sound': 'true', 'enable_sounds': 'true', 'show_clock': 'true', 'auto_hide_windows_taskbar': 'true'}}
2026-06-09 21:36:21,828 - INFO - Windows taskbar hidden
2026-06-09 21:36:21,832 - INFO - System settings applied: sounds=True, clock=True, auto_hide_taskbar=True
2026-06-09 21:36:21,836 - INFO - Looking for config file at: C:\Users\Jonathan\EazyOS\OS\eazyos_config.json
2026-06-09 21:36:21,840 - INFO - Config file found, loading...
2026-06-09 21:36:21,843 - INFO - Loaded configuration: {'theme': {'type': 'color', 'color': '#008080', 'wallpaper': None, 'taskbar_color': '#c0c0c0', 'window_title_color': '#000080'}, 'system': {'startup_sound': 'true', 'enable_sounds': 'true', 'show_clock': 'true', 'auto_hide_windows_taskbar': 'true'}}
2026-06-09 21:36:21,849 - INFO - Playing sound: The Microsoft Sound.wav
2026-06-09 21:36:21,853 - INFO - EazyOS Desktop initialized successfully
2026-06-09 21:36:21,945 - INFO - Loading saved theme...
2026-06-09 21:36:21,975 - INFO - Looking for config file at: C:\Users\Jonathan\EazyOS\OS\eazyos_config.json
2026-06-09 21:36:21,979 - INFO - Config file found, loading...
2026-06-09 21:36:21,983 - INFO - Loaded configuration: {'theme': {'type': 'color', 'color': '#008080', 'wallpaper': None, 'taskbar_color': '#c0c0c0', 'window_title_color': '#000080'}, 'system': {'startup_sound': 'true', 'enable_sounds': 'true', 'show_clock': 'true', 'auto_hide_windows_taskbar': 'true'}}
2026-06-09 21:36:21,987 - INFO - Applied background color: #008080
2026-06-09 21:36:21,991 - INFO - apply_from_config: type=color, taskbar=#c0c0c0, title_bar=#000080
2026-06-09 21:37:06,757 - INFO - Looking for config file at: C:\Users\Jonathan\EazyOS\OS\eazyos_config.json
2026-06-09 21:37:06,761 - INFO - Config file found, loading...
2026-06-09 21:37:06,763 - INFO - Loaded configuration: {'theme': {'type': 'color', 'color': '#008080', 'wallpaper': None, 'taskbar_color': '#c0c0c0', 'window_title_color': '#000080'}, 'system': {'startup_sound': 'true', 'enable_sounds': 'true', 'show_clock': 'true', 'auto_hide_windows_taskbar': 'true'}}
2026-06-09 21:37:06,766 - WARNING - BIOS system file not found: bios.py
2026-06-09 21:37:06,789 - INFO - Looking for config file at: C:\Users\Jonathan\EazyOS\OS\eazyos_config.json
2026-06-09 21:37:06,792 - INFO - Config file found, loading...
2026-06-09 21:37:06,794 - INFO - Loaded configuration: {'theme': {'type': 'color', 'color': '#008080', 'wallpaper': None, 'taskbar_color': '#c0c0c0', 'window_title_color': '#000080'}, 'system': {'startup_sound': 'true', 'enable_sounds': 'true', 'show_clock': 'true', 'auto_hide_windows_taskbar': 'true'}}
2026-06-09 21:37:06,799 - INFO - Windows taskbar hidden
2026-06-09 21:37:06,803 - INFO - System settings applied: sounds=True, clock=True, auto_hide_taskbar=True
2026-06-09 21:37:06,805 - INFO - Looking for config file at: C:\Users\Jonathan\EazyOS\OS\eazyos_config.json
2026-06-09 21:37:06,808 - INFO - Config file found, loading...
2026-06-09 21:37:06,810 - INFO - Loaded configuration: {'theme': {'type': 'color', 'color': '#008080', 'wallpaper': None, 'taskbar_color': '#c0c0c0', 'window_title_color': '#000080'}, 'system': {'startup_sound': 'true', 'enable_sounds': 'true', 'show_clock': 'true', 'auto_hide_windows_taskbar': 'true'}}
2026-06-09 21:37:06,815 - INFO - Playing sound: The Microsoft Sound.wav
2026-06-09 21:37:06,818 - INFO - EazyOS Desktop initialized successfully
2026-06-09 21:37:06,909 - INFO - Loading saved theme...
2026-06-09 21:37:06,936 - INFO - Looking for config file at: C:\Users\Jonathan\EazyOS\OS\eazyos_config.json
2026-06-09 21:37:06,942 - INFO - Config file found, loading...
2026-06-09 21:37:06,947 - INFO - Loaded configuration: {'theme': {'type': 'color', 'color': '#008080', 'wallpaper': None, 'taskbar_color': '#c0c0c0', 'window_title_color': '#000080'}, 'system': {'startup_sound': 'true', 'enable_sounds': 'true', 'show_clock': 'true', 'auto_hide_windows_taskbar': 'true'}}
2026-06-09 21:37:06,952 - INFO - Applied background color: #008080
2026-06-09 21:37:06,955 - INFO - apply_from_config: type=color, taskbar=#c0c0c0, title_bar=#000080
2026-06-09 21:37:14,069 - INFO - Windows taskbar restored
2026-06-09 21:37:14,447 - CRITICAL - Fatal error: can't invoke "toplevel" command: application has been destroyed
Traceback (most recent call last):
  File "C:\Users\Jonathan\EazyOS\OS\OS.py", line 990, in <module>
    desktop.run()
    ~~~~~~~~~~~^^
  File "C:\Users\Jonathan\EazyOS\OS\OS.py", line 979, in run
        self._show_messagebox(
        ~~~~~~~~~~~~~~~~~~~~~^
        "warning",
        ^^^^^^^^^^
        "EazyOS Pre-Release Message",
        ^^^^^^^^^^^^^^^^^^^^^^^^^^^^^
        "You are running a pre-release version of EazyOS./nThis version is still in development, there may be unknown bugs. "
        ^^^^^^^^^^^^^^^^^^^^^^^^^^^^^^^^^^^^^^^^^^^^^^^^^^^^^^^^^^^^^^^^^^^^^^^^^^^^^^^^^^^^^^^^^^^^^^^^^^^^^^^^^^^^^^^^^^^^^
    )
    ^
  File "C:\Users\Jonathan\EazyOS\OS\OS.py", line 538, in _show_messagebox
    dialog = tk.Toplevel(self.root)
  File "C:\Users\Jonathan\AppData\Local\Programs\Python\Python314\Lib\tkinter\__init__.py", line 2854, in __init__
    BaseWidget.__init__(self, master, 'toplevel', cnf, {}, extra)
    ~~~~~~~~~~~~~~~~~~~^^^^^^^^^^^^^^^^^^^^^^^^^^^^^^^^^^^^^^^^^^
  File "C:\Users\Jonathan\AppData\Local\Programs\Python\Python314\Lib\tkinter\__init__.py", line 2805, in __init__
    self.tk.call(
    ~~~~~~~~~~~~^
        (widgetName, self._w) + extra + self._options(cnf))
        ^^^^^^^^^^^^^^^^^^^^^^^^^^^^^^^^^^^^^^^^^^^^^^^^^^^
_tkinter.TclError: can't invoke "toplevel" command: application has been destroyed
2026-06-09 21:39:15,168 - INFO - Looking for config file at: C:\Users\Jonathan\EazyOS\OS\eazyos_config.json
2026-06-09 21:39:15,173 - INFO - Config file found, loading...
2026-06-09 21:39:15,177 - INFO - Loaded configuration: {'theme': {'type': 'color', 'color': '#008080', 'wallpaper': None, 'taskbar_color': '#c0c0c0', 'window_title_color': '#000080'}, 'system': {'startup_sound': 'true', 'enable_sounds': 'true', 'show_clock': 'true', 'auto_hide_windows_taskbar': 'true'}}
2026-06-09 21:39:15,181 - WARNING - BIOS system file not found: bios.py
2026-06-09 21:39:15,207 - INFO - Looking for config file at: C:\Users\Jonathan\EazyOS\OS\eazyos_config.json
2026-06-09 21:39:15,211 - INFO - Config file found, loading...
2026-06-09 21:39:15,214 - INFO - Loaded configuration: {'theme': {'type': 'color', 'color': '#008080', 'wallpaper': None, 'taskbar_color': '#c0c0c0', 'window_title_color': '#000080'}, 'system': {'startup_sound': 'true', 'enable_sounds': 'true', 'show_clock': 'true', 'auto_hide_windows_taskbar': 'true'}}
2026-06-09 21:39:15,219 - INFO - Windows taskbar hidden
2026-06-09 21:39:15,223 - INFO - System settings applied: sounds=True, clock=True, auto_hide_taskbar=True
2026-06-09 21:39:15,226 - INFO - Looking for config file at: C:\Users\Jonathan\EazyOS\OS\eazyos_config.json
2026-06-09 21:39:15,229 - INFO - Config file found, loading...
2026-06-09 21:39:15,232 - INFO - Loaded configuration: {'theme': {'type': 'color', 'color': '#008080', 'wallpaper': None, 'taskbar_color': '#c0c0c0', 'window_title_color': '#000080'}, 'system': {'startup_sound': 'true', 'enable_sounds': 'true', 'show_clock': 'true', 'auto_hide_windows_taskbar': 'true'}}
2026-06-09 21:39:15,238 - INFO - Playing sound: The Microsoft Sound.wav
2026-06-09 21:39:15,241 - INFO - EazyOS Desktop initialized successfully
2026-06-09 21:39:16,552 - INFO - Playing sound: CHORD.wav
2026-06-09 21:39:16,607 - INFO - Loading saved theme...
2026-06-09 21:39:16,623 - INFO - Looking for config file at: C:\Users\Jonathan\EazyOS\OS\eazyos_config.json
2026-06-09 21:39:16,632 - INFO - Config file found, loading...
2026-06-09 21:39:16,638 - INFO - Loaded configuration: {'theme': {'type': 'color', 'color': '#008080', 'wallpaper': None, 'taskbar_color': '#c0c0c0', 'window_title_color': '#000080'}, 'system': {'startup_sound': 'true', 'enable_sounds': 'true', 'show_clock': 'true', 'auto_hide_windows_taskbar': 'true'}}
2026-06-09 21:39:16,643 - INFO - Applied background color: #008080
2026-06-09 21:39:16,647 - INFO - apply_from_config: type=color, taskbar=#c0c0c0, title_bar=#000080
2026-06-09 21:39:19,854 - INFO - Windows taskbar restored
2026-06-09 21:39:32,115 - INFO - Looking for config file at: C:\Users\Jonathan\EazyOS\OS\eazyos_config.json
2026-06-09 21:39:32,116 - INFO - Config file found, loading...
2026-06-09 21:39:32,116 - INFO - Loaded configuration: {'theme': {'type': 'color', 'color': '#008080', 'wallpaper': None, 'taskbar_color': '#c0c0c0', 'window_title_color': '#000080'}, 'system': {'startup_sound': 'true', 'enable_sounds': 'true', 'show_clock': 'true', 'auto_hide_windows_taskbar': 'true'}}
2026-06-09 21:39:32,116 - WARNING - BIOS system file not found: bios.py
2026-06-09 21:39:32,137 - INFO - Looking for config file at: C:\Users\Jonathan\EazyOS\OS\eazyos_config.json
2026-06-09 21:39:32,137 - INFO - Config file found, loading...
2026-06-09 21:39:32,137 - INFO - Loaded configuration: {'theme': {'type': 'color', 'color': '#008080', 'wallpaper': None, 'taskbar_color': '#c0c0c0', 'window_title_color': '#000080'}, 'system': {'startup_sound': 'true', 'enable_sounds': 'true', 'show_clock': 'true', 'auto_hide_windows_taskbar': 'true'}}
2026-06-09 21:39:32,139 - INFO - Windows taskbar hidden
2026-06-09 21:39:32,139 - INFO - System settings applied: sounds=True, clock=True, auto_hide_taskbar=True
2026-06-09 21:39:32,139 - INFO - Looking for config file at: C:\Users\Jonathan\EazyOS\OS\eazyos_config.json
2026-06-09 21:39:32,139 - INFO - Config file found, loading...
2026-06-09 21:39:32,140 - INFO - Loaded configuration: {'theme': {'type': 'color', 'color': '#008080', 'wallpaper': None, 'taskbar_color': '#c0c0c0', 'window_title_color': '#000080'}, 'system': {'startup_sound': 'true', 'enable_sounds': 'true', 'show_clock': 'true', 'auto_hide_windows_taskbar': 'true'}}
2026-06-09 21:39:32,142 - INFO - Playing sound: The Microsoft Sound.wav
2026-06-09 21:39:32,142 - INFO - EazyOS Desktop initialized successfully
2026-06-09 21:39:33,370 - INFO - Playing sound: CHORD.wav
2026-06-09 21:39:33,425 - INFO - Loading saved theme...
2026-06-09 21:39:33,425 - INFO - Looking for config file at: C:\Users\Jonathan\EazyOS\OS\eazyos_config.json
2026-06-09 21:39:33,426 - INFO - Config file found, loading...
2026-06-09 21:39:33,426 - INFO - Loaded configuration: {'theme': {'type': 'color', 'color': '#008080', 'wallpaper': None, 'taskbar_color': '#c0c0c0', 'window_title_color': '#000080'}, 'system': {'startup_sound': 'true', 'enable_sounds': 'true', 'show_clock': 'true', 'auto_hide_windows_taskbar': 'true'}}
2026-06-09 21:39:33,427 - INFO - Applied background color: #008080
2026-06-09 21:39:33,428 - INFO - apply_from_config: type=color, taskbar=#c0c0c0, title_bar=#000080
2026-06-09 21:39:44,383 - INFO - Windows taskbar restored
2026-06-09 21:40:42,126 - INFO - Looking for config file at: C:\Users\Jonathan\EazyOS\OS\eazyos_config.json
2026-06-09 21:40:42,126 - INFO - Config file found, loading...
2026-06-09 21:40:42,127 - INFO - Loaded configuration: {'theme': {'type': 'color', 'color': '#008080', 'wallpaper': None, 'taskbar_color': '#c0c0c0', 'window_title_color': '#000080'}, 'system': {'startup_sound': 'true', 'enable_sounds': 'true', 'show_clock': 'true', 'auto_hide_windows_taskbar': 'true'}}
2026-06-09 21:40:42,127 - WARNING - BIOS system file not found: bios.py
2026-06-09 21:40:42,147 - INFO - Looking for config file at: C:\Users\Jonathan\EazyOS\OS\eazyos_config.json
2026-06-09 21:40:42,148 - INFO - Config file found, loading...
2026-06-09 21:40:42,148 - INFO - Loaded configuration: {'theme': {'type': 'color', 'color': '#008080', 'wallpaper': None, 'taskbar_color': '#c0c0c0', 'window_title_color': '#000080'}, 'system': {'startup_sound': 'true', 'enable_sounds': 'true', 'show_clock': 'true', 'auto_hide_windows_taskbar': 'true'}}
2026-06-09 21:40:42,150 - INFO - Windows taskbar hidden
2026-06-09 21:40:42,150 - INFO - System settings applied: sounds=True, clock=True, auto_hide_taskbar=True
2026-06-09 21:40:42,150 - INFO - Looking for config file at: C:\Users\Jonathan\EazyOS\OS\eazyos_config.json
2026-06-09 21:40:42,150 - INFO - Config file found, loading...
2026-06-09 21:40:42,150 - INFO - Loaded configuration: {'theme': {'type': 'color', 'color': '#008080', 'wallpaper': None, 'taskbar_color': '#c0c0c0', 'window_title_color': '#000080'}, 'system': {'startup_sound': 'true', 'enable_sounds': 'true', 'show_clock': 'true', 'auto_hide_windows_taskbar': 'true'}}
2026-06-09 21:40:42,152 - INFO - Playing sound: The Microsoft Sound.wav
2026-06-09 21:40:42,152 - INFO - EazyOS Desktop initialized successfully
2026-06-09 21:40:43,367 - INFO - Playing sound: CHORD.wav
2026-06-09 21:40:43,409 - INFO - Loading saved theme...
2026-06-09 21:40:43,409 - INFO - Looking for config file at: C:\Users\Jonathan\EazyOS\OS\eazyos_config.json
2026-06-09 21:40:43,410 - INFO - Config file found, loading...
2026-06-09 21:40:43,410 - INFO - Loaded configuration: {'theme': {'type': 'color', 'color': '#008080', 'wallpaper': None, 'taskbar_color': '#c0c0c0', 'window_title_color': '#000080'}, 'system': {'startup_sound': 'true', 'enable_sounds': 'true', 'show_clock': 'true', 'auto_hide_windows_taskbar': 'true'}}
2026-06-09 21:40:43,411 - INFO - Applied background color: #008080
2026-06-09 21:40:43,411 - INFO - apply_from_config: type=color, taskbar=#c0c0c0, title_bar=#000080
2026-06-09 21:40:50,405 - INFO - Playing sound: DING.wav
2026-06-09 21:40:51,439 - INFO - Playing sound: DING.wav
2026-06-09 21:40:52,424 - INFO - Playing sound: shutdown.wav
2026-06-09 21:40:56,425 - INFO - Windows taskbar restored
2026-06-09 21:41:00,823 - INFO - Windows taskbar restored
2026-06-09 21:41:18,555 - INFO - Looking for config file at: C:\Users\Jonathan\EazyOS\OS\eazyos_config.json
2026-06-09 21:41:18,555 - INFO - Config file found, loading...
2026-06-09 21:41:18,556 - INFO - Loaded configuration: {'theme': {'type': 'color', 'color': '#008080', 'wallpaper': None, 'taskbar_color': '#c0c0c0', 'window_title_color': '#000080'}, 'system': {'startup_sound': 'true', 'enable_sounds': 'true', 'show_clock': 'true', 'auto_hide_windows_taskbar': 'true'}}
2026-06-09 21:41:18,556 - WARNING - BIOS system file not found: bios.py
2026-06-09 21:41:18,602 - INFO - Looking for config file at: C:\Users\Jonathan\EazyOS\OS\eazyos_config.json
2026-06-09 21:41:18,602 - INFO - Config file found, loading...
2026-06-09 21:41:18,603 - INFO - Loaded configuration: {'theme': {'type': 'color', 'color': '#008080', 'wallpaper': None, 'taskbar_color': '#c0c0c0', 'window_title_color': '#000080'}, 'system': {'startup_sound': 'true', 'enable_sounds': 'true', 'show_clock': 'true', 'auto_hide_windows_taskbar': 'true'}}
2026-06-09 21:41:18,610 - INFO - Windows taskbar hidden
2026-06-09 21:41:18,610 - INFO - System settings applied: sounds=True, clock=True, auto_hide_taskbar=True
2026-06-09 21:41:18,611 - INFO - Looking for config file at: C:\Users\Jonathan\EazyOS\OS\eazyos_config.json
2026-06-09 21:41:18,611 - INFO - Config file found, loading...
2026-06-09 21:41:18,611 - INFO - Loaded configuration: {'theme': {'type': 'color', 'color': '#008080', 'wallpaper': None, 'taskbar_color': '#c0c0c0', 'window_title_color': '#000080'}, 'system': {'startup_sound': 'true', 'enable_sounds': 'true', 'show_clock': 'true', 'auto_hide_windows_taskbar': 'true'}}
2026-06-09 21:41:18,625 - INFO - Playing sound: The Microsoft Sound.wav
2026-06-09 21:41:18,625 - INFO - EazyOS Desktop initialized successfully
2026-06-09 21:41:19,939 - INFO - Playing sound: CHORD.wav
2026-06-09 21:41:19,983 - INFO - Loading saved theme...
2026-06-09 21:41:19,983 - INFO - Looking for config file at: C:\Users\Jonathan\EazyOS\OS\eazyos_config.json
2026-06-09 21:41:19,984 - INFO - Config file found, loading...
2026-06-09 21:41:19,984 - INFO - Loaded configuration: {'theme': {'type': 'color', 'color': '#008080', 'wallpaper': None, 'taskbar_color': '#c0c0c0', 'window_title_color': '#000080'}, 'system': {'startup_sound': 'true', 'enable_sounds': 'true', 'show_clock': 'true', 'auto_hide_windows_taskbar': 'true'}}
2026-06-09 21:41:19,985 - INFO - Applied background color: #008080
2026-06-09 21:41:19,986 - INFO - apply_from_config: type=color, taskbar=#c0c0c0, title_bar=#000080
2026-06-09 21:41:22,256 - INFO - Windows taskbar restored
2026-06-09 21:44:10,970 - INFO - Looking for config file at: C:\Users\Jonathan\EazyOS\OS\eazyos_config.json
2026-06-09 21:44:10,974 - INFO - Config file found, loading...
2026-06-09 21:44:10,977 - INFO - Loaded configuration: {'theme': {'type': 'color', 'color': '#008080', 'wallpaper': None, 'taskbar_color': '#c0c0c0', 'window_title_color': '#000080'}, 'system': {'startup_sound': 'true', 'enable_sounds': 'true', 'show_clock': 'true', 'auto_hide_windows_taskbar': 'true'}}
2026-06-09 21:44:10,983 - WARNING - BIOS system file not found: bios.py
2026-06-09 21:44:11,007 - INFO - Looking for config file at: C:\Users\Jonathan\EazyOS\OS\eazyos_config.json
2026-06-09 21:44:11,011 - INFO - Config file found, loading...
2026-06-09 21:44:11,015 - INFO - Loaded configuration: {'theme': {'type': 'color', 'color': '#008080', 'wallpaper': None, 'taskbar_color': '#c0c0c0', 'window_title_color': '#000080'}, 'system': {'startup_sound': 'true', 'enable_sounds': 'true', 'show_clock': 'true', 'auto_hide_windows_taskbar': 'true'}}
2026-06-09 21:44:11,021 - INFO - Windows taskbar hidden
2026-06-09 21:44:11,026 - INFO - System settings applied: sounds=True, clock=True, auto_hide_taskbar=True
2026-06-09 21:44:11,030 - INFO - Looking for config file at: C:\Users\Jonathan\EazyOS\OS\eazyos_config.json
2026-06-09 21:44:11,034 - INFO - Config file found, loading...
2026-06-09 21:44:11,038 - INFO - Loaded configuration: {'theme': {'type': 'color', 'color': '#008080', 'wallpaper': None, 'taskbar_color': '#c0c0c0', 'window_title_color': '#000080'}, 'system': {'startup_sound': 'true', 'enable_sounds': 'true', 'show_clock': 'true', 'auto_hide_windows_taskbar': 'true'}}
2026-06-09 21:44:11,044 - INFO - Playing sound: The Microsoft Sound.wav
2026-06-09 21:44:11,048 - INFO - EazyOS Desktop initialized successfully
2026-06-09 21:44:11,140 - INFO - Loading saved theme...
2026-06-09 21:44:11,173 - INFO - Looking for config file at: C:\Users\Jonathan\EazyOS\OS\eazyos_config.json
2026-06-09 21:44:11,176 - INFO - Config file found, loading...
2026-06-09 21:44:11,180 - INFO - Loaded configuration: {'theme': {'type': 'color', 'color': '#008080', 'wallpaper': None, 'taskbar_color': '#c0c0c0', 'window_title_color': '#000080'}, 'system': {'startup_sound': 'true', 'enable_sounds': 'true', 'show_clock': 'true', 'auto_hide_windows_taskbar': 'true'}}
2026-06-09 21:44:11,184 - INFO - Applied background color: #008080
2026-06-09 21:44:11,188 - INFO - apply_from_config: type=color, taskbar=#c0c0c0, title_bar=#000080
2026-06-09 21:44:18,722 - INFO - Windows taskbar restored
2026-06-09 21:44:19,131 - CRITICAL - Fatal error: can't invoke "toplevel" command: application has been destroyed
Traceback (most recent call last):
  File "C:\Users\Jonathan\EazyOS\OS\OS.py", line 995, in <module>
    desktop.run()
    ~~~~~~~~~~~^^
  File "C:\Users\Jonathan\EazyOS\OS\OS.py", line 981, in run
    self.msg()
    ~~~~~~~~^^
  File "C:\Users\Jonathan\EazyOS\OS\OS.py", line 970, in msg
    self._show_messagebox(
    ~~~~~~~~~~~~~~~~~~~~~^
        "warning",
        ^^^^^^^^^^
        "EazyOS Pre-Release Message",
        ^^^^^^^^^^^^^^^^^^^^^^^^^^^^^
        "You are running a pre-release version of EazyOS.\nThis version is still in development, there may be unknown bugs.\nIf you believe this is an error, please contact us. "
        ^^^^^^^^^^^^^^^^^^^^^^^^^^^^^^^^^^^^^^^^^^^^^^^^^^^^^^^^^^^^^^^^^^^^^^^^^^^^^^^^^^^^^^^^^^^^^^^^^^^^^^^^^^^^^^^^^^^^^^^^^^^^^^^^^^^^^^^^^^^^^^^^^^^^^^^^^^^^^^^^^^^^^^^^^^
    )
    ^
  File "C:\Users\Jonathan\EazyOS\OS\OS.py", line 538, in _show_messagebox
    dialog = tk.Toplevel(self.root)
  File "C:\Users\Jonathan\AppData\Local\Programs\Python\Python314\Lib\tkinter\__init__.py", line 2854, in __init__
    BaseWidget.__init__(self, master, 'toplevel', cnf, {}, extra)
    ~~~~~~~~~~~~~~~~~~~^^^^^^^^^^^^^^^^^^^^^^^^^^^^^^^^^^^^^^^^^^
  File "C:\Users\Jonathan\AppData\Local\Programs\Python\Python314\Lib\tkinter\__init__.py", line 2805, in __init__
    self.tk.call(
    ~~~~~~~~~~~~^
        (widgetName, self._w) + extra + self._options(cnf))
        ^^^^^^^^^^^^^^^^^^^^^^^^^^^^^^^^^^^^^^^^^^^^^^^^^^^
_tkinter.TclError: can't invoke "toplevel" command: application has been destroyed
2026-06-09 21:44:33,404 - INFO - Looking for config file at: C:\Users\Jonathan\EazyOS\OS\eazyos_config.json
2026-06-09 21:44:33,407 - INFO - Config file found, loading...
2026-06-09 21:44:33,409 - INFO - Loaded configuration: {'theme': {'type': 'color', 'color': '#008080', 'wallpaper': None, 'taskbar_color': '#c0c0c0', 'window_title_color': '#000080'}, 'system': {'startup_sound': 'true', 'enable_sounds': 'true', 'show_clock': 'true', 'auto_hide_windows_taskbar': 'true'}}
2026-06-09 21:44:33,412 - WARNING - BIOS system file not found: bios.py
2026-06-09 21:44:33,433 - INFO - Looking for config file at: C:\Users\Jonathan\EazyOS\OS\eazyos_config.json
2026-06-09 21:44:33,436 - INFO - Config file found, loading...
2026-06-09 21:44:33,438 - INFO - Loaded configuration: {'theme': {'type': 'color', 'color': '#008080', 'wallpaper': None, 'taskbar_color': '#c0c0c0', 'window_title_color': '#000080'}, 'system': {'startup_sound': 'true', 'enable_sounds': 'true', 'show_clock': 'true', 'auto_hide_windows_taskbar': 'true'}}
2026-06-09 21:44:33,442 - INFO - Windows taskbar hidden
2026-06-09 21:44:33,447 - INFO - System settings applied: sounds=True, clock=True, auto_hide_taskbar=True
2026-06-09 21:44:33,449 - INFO - Looking for config file at: C:\Users\Jonathan\EazyOS\OS\eazyos_config.json
2026-06-09 21:44:33,452 - INFO - Config file found, loading...
2026-06-09 21:44:33,454 - INFO - Loaded configuration: {'theme': {'type': 'color', 'color': '#008080', 'wallpaper': None, 'taskbar_color': '#c0c0c0', 'window_title_color': '#000080'}, 'system': {'startup_sound': 'true', 'enable_sounds': 'true', 'show_clock': 'true', 'auto_hide_windows_taskbar': 'true'}}
2026-06-09 21:44:33,459 - INFO - Playing sound: The Microsoft Sound.wav
2026-06-09 21:44:33,462 - INFO - EazyOS Desktop initialized successfully
2026-06-09 21:44:34,685 - INFO - Playing sound: CHORD.wav
2026-06-09 21:44:34,797 - INFO - Loading saved theme...
2026-06-09 21:44:34,821 - INFO - Looking for config file at: C:\Users\Jonathan\EazyOS\OS\eazyos_config.json
2026-06-09 21:44:34,827 - INFO - Config file found, loading...
2026-06-09 21:44:34,832 - INFO - Loaded configuration: {'theme': {'type': 'color', 'color': '#008080', 'wallpaper': None, 'taskbar_color': '#c0c0c0', 'window_title_color': '#000080'}, 'system': {'startup_sound': 'true', 'enable_sounds': 'true', 'show_clock': 'true', 'auto_hide_windows_taskbar': 'true'}}
2026-06-09 21:44:34,837 - INFO - Applied background color: #008080
2026-06-09 21:44:34,840 - INFO - apply_from_config: type=color, taskbar=#c0c0c0, title_bar=#000080
2026-06-09 21:44:36,847 - INFO - Windows taskbar restored
2026-06-09 21:44:49,845 - INFO - Looking for config file at: C:\Users\Jonathan\EazyOS\OS\eazyos_config.json
2026-06-09 21:44:49,849 - INFO - Config file found, loading...
2026-06-09 21:44:49,852 - INFO - Loaded configuration: {'theme': {'type': 'color', 'color': '#008080', 'wallpaper': None, 'taskbar_color': '#c0c0c0', 'window_title_color': '#000080'}, 'system': {'startup_sound': 'true', 'enable_sounds': 'true', 'show_clock': 'true', 'auto_hide_windows_taskbar': 'true'}}
2026-06-09 21:44:49,855 - WARNING - BIOS system file not found: bios.py
2026-06-09 21:44:49,879 - INFO - Looking for config file at: C:\Users\Jonathan\EazyOS\OS\eazyos_config.json
2026-06-09 21:44:49,884 - INFO - Config file found, loading...
2026-06-09 21:44:49,886 - INFO - Loaded configuration: {'theme': {'type': 'color', 'color': '#008080', 'wallpaper': None, 'taskbar_color': '#c0c0c0', 'window_title_color': '#000080'}, 'system': {'startup_sound': 'true', 'enable_sounds': 'true', 'show_clock': 'true', 'auto_hide_windows_taskbar': 'true'}}
2026-06-09 21:44:49,891 - INFO - Windows taskbar hidden
2026-06-09 21:44:49,895 - INFO - System settings applied: sounds=True, clock=True, auto_hide_taskbar=True
2026-06-09 21:44:49,898 - INFO - Looking for config file at: C:\Users\Jonathan\EazyOS\OS\eazyos_config.json
2026-06-09 21:44:49,901 - INFO - Config file found, loading...
2026-06-09 21:44:49,905 - INFO - Loaded configuration: {'theme': {'type': 'color', 'color': '#008080', 'wallpaper': None, 'taskbar_color': '#c0c0c0', 'window_title_color': '#000080'}, 'system': {'startup_sound': 'true', 'enable_sounds': 'true', 'show_clock': 'true', 'auto_hide_windows_taskbar': 'true'}}
2026-06-09 21:44:49,910 - INFO - Playing sound: The Microsoft Sound.wav
2026-06-09 21:44:49,914 - INFO - EazyOS Desktop initialized successfully
2026-06-09 21:44:50,024 - INFO - Loading saved theme...
2026-06-09 21:44:50,039 - INFO - Looking for config file at: C:\Users\Jonathan\EazyOS\OS\eazyos_config.json
2026-06-09 21:44:50,045 - INFO - Config file found, loading...
2026-06-09 21:44:50,052 - INFO - Loaded configuration: {'theme': {'type': 'color', 'color': '#008080', 'wallpaper': None, 'taskbar_color': '#c0c0c0', 'window_title_color': '#000080'}, 'system': {'startup_sound': 'true', 'enable_sounds': 'true', 'show_clock': 'true', 'auto_hide_windows_taskbar': 'true'}}
2026-06-09 21:44:50,058 - INFO - Applied background color: #008080
2026-06-09 21:44:50,062 - INFO - apply_from_config: type=color, taskbar=#c0c0c0, title_bar=#000080
2026-06-09 21:44:55,717 - INFO - Windows taskbar restored
2026-06-09 21:44:56,100 - CRITICAL - Fatal error: can't invoke "toplevel" command: application has been destroyed
Traceback (most recent call last):
  File "C:\Users\Jonathan\EazyOS\OS\OS.py", line 995, in <module>
    desktop.run()
    ~~~~~~~~~~~^^
  File "C:\Users\Jonathan\EazyOS\OS\OS.py", line 988, in run
    self.msg()
    ~~~~~~~~^^
  File "C:\Users\Jonathan\EazyOS\OS\OS.py", line 970, in msg
    self._show_messagebox(
    ~~~~~~~~~~~~~~~~~~~~~^
        "warning",
        ^^^^^^^^^^
        "EazyOS Pre-Release Message",
        ^^^^^^^^^^^^^^^^^^^^^^^^^^^^^
        "You are running a pre-release version of EazyOS.\nThis version is still in development, there may be unknown bugs.\nIf you believe this is an error, please contact us. "
        ^^^^^^^^^^^^^^^^^^^^^^^^^^^^^^^^^^^^^^^^^^^^^^^^^^^^^^^^^^^^^^^^^^^^^^^^^^^^^^^^^^^^^^^^^^^^^^^^^^^^^^^^^^^^^^^^^^^^^^^^^^^^^^^^^^^^^^^^^^^^^^^^^^^^^^^^^^^^^^^^^^^^^^^^^^
    )
    ^
  File "C:\Users\Jonathan\EazyOS\OS\OS.py", line 538, in _show_messagebox
    dialog = tk.Toplevel(self.root)
  File "C:\Users\Jonathan\AppData\Local\Programs\Python\Python314\Lib\tkinter\__init__.py", line 2854, in __init__
    BaseWidget.__init__(self, master, 'toplevel', cnf, {}, extra)
    ~~~~~~~~~~~~~~~~~~~^^^^^^^^^^^^^^^^^^^^^^^^^^^^^^^^^^^^^^^^^^
  File "C:\Users\Jonathan\AppData\Local\Programs\Python\Python314\Lib\tkinter\__init__.py", line 2805, in __init__
    self.tk.call(
    ~~~~~~~~~~~~^
        (widgetName, self._w) + extra + self._options(cnf))
        ^^^^^^^^^^^^^^^^^^^^^^^^^^^^^^^^^^^^^^^^^^^^^^^^^^^
_tkinter.TclError: can't invoke "toplevel" command: application has been destroyed
2026-06-09 21:45:09,763 - INFO - Looking for config file at: C:\Users\Jonathan\EazyOS\OS\eazyos_config.json
2026-06-09 21:45:09,766 - INFO - Config file found, loading...
2026-06-09 21:45:09,770 - INFO - Loaded configuration: {'theme': {'type': 'color', 'color': '#008080', 'wallpaper': None, 'taskbar_color': '#c0c0c0', 'window_title_color': '#000080'}, 'system': {'startup_sound': 'true', 'enable_sounds': 'true', 'show_clock': 'true', 'auto_hide_windows_taskbar': 'true'}}
2026-06-09 21:45:09,772 - WARNING - BIOS system file not found: bios.py
2026-06-09 21:45:09,794 - INFO - Looking for config file at: C:\Users\Jonathan\EazyOS\OS\eazyos_config.json
2026-06-09 21:45:09,796 - INFO - Config file found, loading...
2026-06-09 21:45:09,798 - INFO - Loaded configuration: {'theme': {'type': 'color', 'color': '#008080', 'wallpaper': None, 'taskbar_color': '#c0c0c0', 'window_title_color': '#000080'}, 'system': {'startup_sound': 'true', 'enable_sounds': 'true', 'show_clock': 'true', 'auto_hide_windows_taskbar': 'true'}}
2026-06-09 21:45:09,803 - INFO - Windows taskbar hidden
2026-06-09 21:45:09,807 - INFO - System settings applied: sounds=True, clock=True, auto_hide_taskbar=True
2026-06-09 21:45:09,810 - INFO - Looking for config file at: C:\Users\Jonathan\EazyOS\OS\eazyos_config.json
2026-06-09 21:45:09,812 - INFO - Config file found, loading...
2026-06-09 21:45:09,814 - INFO - Loaded configuration: {'theme': {'type': 'color', 'color': '#008080', 'wallpaper': None, 'taskbar_color': '#c0c0c0', 'window_title_color': '#000080'}, 'system': {'startup_sound': 'true', 'enable_sounds': 'true', 'show_clock': 'true', 'auto_hide_windows_taskbar': 'true'}}
2026-06-09 21:45:09,819 - INFO - Playing sound: The Microsoft Sound.wav
2026-06-09 21:45:09,822 - INFO - EazyOS Desktop initialized successfully
2026-06-09 21:45:09,912 - INFO - Loading saved theme...
2026-06-09 21:45:09,936 - INFO - Looking for config file at: C:\Users\Jonathan\EazyOS\OS\eazyos_config.json
2026-06-09 21:45:09,942 - INFO - Config file found, loading...
2026-06-09 21:45:09,948 - INFO - Loaded configuration: {'theme': {'type': 'color', 'color': '#008080', 'wallpaper': None, 'taskbar_color': '#c0c0c0', 'window_title_color': '#000080'}, 'system': {'startup_sound': 'true', 'enable_sounds': 'true', 'show_clock': 'true', 'auto_hide_windows_taskbar': 'true'}}
2026-06-09 21:45:09,954 - INFO - Applied background color: #008080
2026-06-09 21:45:09,957 - INFO - apply_from_config: type=color, taskbar=#c0c0c0, title_bar=#000080
2026-06-09 21:45:15,249 - INFO - Windows taskbar restored
2026-06-09 21:46:17,683 - CRITICAL - Fatal error: name 'self' is not defined
Traceback (most recent call last):
  File "C:\Users\Jonathan\EazyOS\OS\OS.py", line 994, in <module>
    self.msg()
    ^^^^
NameError: name 'self' is not defined
2026-06-09 21:46:40,341 - CRITICAL - Fatal error: name 'msg' is not defined
Traceback (most recent call last):
  File "C:\Users\Jonathan\EazyOS\OS\OS.py", line 994, in <module>
    desktop = msg()
              ^^^
NameError: name 'msg' is not defined
2026-06-09 21:49:52,231 - INFO - Looking for config file at: C:\Users\Jonathan\EazyOS\OS\eazyos_config.json
2026-06-09 21:49:52,234 - INFO - Config file found, loading...
2026-06-09 21:49:52,237 - INFO - Loaded configuration: {'theme': {'type': 'color', 'color': '#008080', 'wallpaper': None, 'taskbar_color': '#c0c0c0', 'window_title_color': '#000080'}, 'system': {'startup_sound': 'true', 'enable_sounds': 'true', 'show_clock': 'true', 'auto_hide_windows_taskbar': 'true'}}
2026-06-09 21:49:52,239 - WARNING - BIOS system file not found: bios.py
2026-06-09 21:49:52,261 - INFO - Looking for config file at: C:\Users\Jonathan\EazyOS\OS\eazyos_config.json
2026-06-09 21:49:52,264 - INFO - Config file found, loading...
2026-06-09 21:49:52,266 - INFO - Loaded configuration: {'theme': {'type': 'color', 'color': '#008080', 'wallpaper': None, 'taskbar_color': '#c0c0c0', 'window_title_color': '#000080'}, 'system': {'startup_sound': 'true', 'enable_sounds': 'true', 'show_clock': 'true', 'auto_hide_windows_taskbar': 'true'}}
2026-06-09 21:49:52,271 - INFO - Windows taskbar hidden
2026-06-09 21:49:52,273 - INFO - System settings applied: sounds=True, clock=True, auto_hide_taskbar=True
2026-06-09 21:49:52,276 - INFO - Looking for config file at: C:\Users\Jonathan\EazyOS\OS\eazyos_config.json
2026-06-09 21:49:52,279 - INFO - Config file found, loading...
2026-06-09 21:49:52,282 - INFO - Loaded configuration: {'theme': {'type': 'color', 'color': '#008080', 'wallpaper': None, 'taskbar_color': '#c0c0c0', 'window_title_color': '#000080'}, 'system': {'startup_sound': 'true', 'enable_sounds': 'true', 'show_clock': 'true', 'auto_hide_windows_taskbar': 'true'}}
2026-06-09 21:49:52,287 - INFO - Playing sound: The Microsoft Sound.wav
2026-06-09 21:49:52,290 - INFO - EazyOS Desktop initialized successfully
2026-06-09 21:49:52,373 - INFO - Loading saved theme...
2026-06-09 21:49:52,422 - INFO - Looking for config file at: C:\Users\Jonathan\EazyOS\OS\eazyos_config.json
2026-06-09 21:49:52,426 - INFO - Config file found, loading...
2026-06-09 21:49:52,430 - INFO - Loaded configuration: {'theme': {'type': 'color', 'color': '#008080', 'wallpaper': None, 'taskbar_color': '#c0c0c0', 'window_title_color': '#000080'}, 'system': {'startup_sound': 'true', 'enable_sounds': 'true', 'show_clock': 'true', 'auto_hide_windows_taskbar': 'true'}}
2026-06-09 21:49:52,435 - INFO - Applied background color: #008080
2026-06-09 21:49:52,439 - INFO - apply_from_config: type=color, taskbar=#c0c0c0, title_bar=#000080
2026-06-09 21:49:57,709 - INFO - Windows taskbar restored
2026-06-09 21:50:24,049 - INFO - Looking for config file at: C:\Users\Jonathan\EazyOS\OS\eazyos_config.json
2026-06-09 21:50:24,053 - INFO - Config file found, loading...
2026-06-09 21:50:24,056 - INFO - Loaded configuration: {'theme': {'type': 'color', 'color': '#008080', 'wallpaper': None, 'taskbar_color': '#c0c0c0', 'window_title_color': '#000080'}, 'system': {'startup_sound': 'true', 'enable_sounds': 'true', 'show_clock': 'true', 'auto_hide_windows_taskbar': 'true'}}
2026-06-09 21:50:24,058 - WARNING - BIOS system file not found: bios.py
2026-06-09 21:50:24,080 - INFO - Looking for config file at: C:\Users\Jonathan\EazyOS\OS\eazyos_config.json
2026-06-09 21:50:24,083 - INFO - Config file found, loading...
2026-06-09 21:50:24,085 - INFO - Loaded configuration: {'theme': {'type': 'color', 'color': '#008080', 'wallpaper': None, 'taskbar_color': '#c0c0c0', 'window_title_color': '#000080'}, 'system': {'startup_sound': 'true', 'enable_sounds': 'true', 'show_clock': 'true', 'auto_hide_windows_taskbar': 'true'}}
2026-06-09 21:50:24,089 - INFO - Windows taskbar hidden
2026-06-09 21:50:24,094 - INFO - System settings applied: sounds=True, clock=True, auto_hide_taskbar=True
2026-06-09 21:50:24,096 - INFO - Looking for config file at: C:\Users\Jonathan\EazyOS\OS\eazyos_config.json
2026-06-09 21:50:24,098 - INFO - Config file found, loading...
2026-06-09 21:50:24,101 - INFO - Loaded configuration: {'theme': {'type': 'color', 'color': '#008080', 'wallpaper': None, 'taskbar_color': '#c0c0c0', 'window_title_color': '#000080'}, 'system': {'startup_sound': 'true', 'enable_sounds': 'true', 'show_clock': 'true', 'auto_hide_windows_taskbar': 'true'}}
2026-06-09 21:50:24,105 - INFO - Playing sound: The Microsoft Sound.wav
2026-06-09 21:50:24,109 - INFO - EazyOS Desktop initialized successfully
2026-06-09 21:50:24,192 - INFO - Loading saved theme...
2026-06-09 21:50:24,222 - INFO - Looking for config file at: C:\Users\Jonathan\EazyOS\OS\eazyos_config.json
2026-06-09 21:50:24,226 - INFO - Config file found, loading...
2026-06-09 21:50:24,230 - INFO - Loaded configuration: {'theme': {'type': 'color', 'color': '#008080', 'wallpaper': None, 'taskbar_color': '#c0c0c0', 'window_title_color': '#000080'}, 'system': {'startup_sound': 'true', 'enable_sounds': 'true', 'show_clock': 'true', 'auto_hide_windows_taskbar': 'true'}}
2026-06-09 21:50:24,234 - INFO - Applied background color: #008080
2026-06-09 21:50:24,238 - INFO - apply_from_config: type=color, taskbar=#c0c0c0, title_bar=#000080
2026-06-09 21:50:31,647 - INFO - Windows taskbar restored
2026-06-09 21:50:47,681 - INFO - Looking for config file at: C:\Users\Jonathan\EazyOS\OS\eazyos_config.json
2026-06-09 21:50:47,689 - INFO - Config file found, loading...
2026-06-09 21:50:47,693 - INFO - Loaded configuration: {'theme': {'type': 'color', 'color': '#008080', 'wallpaper': None, 'taskbar_color': '#c0c0c0', 'window_title_color': '#000080'}, 'system': {'startup_sound': 'true', 'enable_sounds': 'true', 'show_clock': 'true', 'auto_hide_windows_taskbar': 'true'}}
2026-06-09 21:50:47,698 - WARNING - BIOS system file not found: bios.py
2026-06-09 21:50:47,721 - INFO - Looking for config file at: C:\Users\Jonathan\EazyOS\OS\eazyos_config.json
2026-06-09 21:50:47,726 - INFO - Config file found, loading...
2026-06-09 21:50:47,730 - INFO - Loaded configuration: {'theme': {'type': 'color', 'color': '#008080', 'wallpaper': None, 'taskbar_color': '#c0c0c0', 'window_title_color': '#000080'}, 'system': {'startup_sound': 'true', 'enable_sounds': 'true', 'show_clock': 'true', 'auto_hide_windows_taskbar': 'true'}}
2026-06-09 21:50:47,737 - INFO - Windows taskbar hidden
2026-06-09 21:50:47,742 - INFO - System settings applied: sounds=True, clock=True, auto_hide_taskbar=True
2026-06-09 21:50:47,746 - INFO - Looking for config file at: C:\Users\Jonathan\EazyOS\OS\eazyos_config.json
2026-06-09 21:50:47,750 - INFO - Config file found, loading...
2026-06-09 21:50:47,754 - INFO - Loaded configuration: {'theme': {'type': 'color', 'color': '#008080', 'wallpaper': None, 'taskbar_color': '#c0c0c0', 'window_title_color': '#000080'}, 'system': {'startup_sound': 'true', 'enable_sounds': 'true', 'show_clock': 'true', 'auto_hide_windows_taskbar': 'true'}}
2026-06-09 21:50:47,761 - INFO - Playing sound: The Microsoft Sound.wav
2026-06-09 21:50:47,765 - INFO - EazyOS Desktop initialized successfully
2026-06-09 21:50:47,853 - INFO - Loading saved theme...
2026-06-09 21:50:47,892 - INFO - Looking for config file at: C:\Users\Jonathan\EazyOS\OS\eazyos_config.json
2026-06-09 21:50:47,896 - INFO - Config file found, loading...
2026-06-09 21:50:47,899 - INFO - Loaded configuration: {'theme': {'type': 'color', 'color': '#008080', 'wallpaper': None, 'taskbar_color': '#c0c0c0', 'window_title_color': '#000080'}, 'system': {'startup_sound': 'true', 'enable_sounds': 'true', 'show_clock': 'true', 'auto_hide_windows_taskbar': 'true'}}
2026-06-09 21:50:47,905 - INFO - Applied background color: #008080
2026-06-09 21:50:47,909 - INFO - apply_from_config: type=color, taskbar=#c0c0c0, title_bar=#000080
2026-06-09 21:50:59,181 - INFO - Windows taskbar restored
2026-06-09 21:51:15,043 - INFO - Looking for config file at: C:\Users\Jonathan\EazyOS\OS\eazyos_config.json
2026-06-09 21:51:15,052 - INFO - Config file found, loading...
2026-06-09 21:51:15,056 - INFO - Loaded configuration: {'theme': {'type': 'color', 'color': '#008080', 'wallpaper': None, 'taskbar_color': '#c0c0c0', 'window_title_color': '#000080'}, 'system': {'startup_sound': 'true', 'enable_sounds': 'true', 'show_clock': 'true', 'auto_hide_windows_taskbar': 'true'}}
2026-06-09 21:51:15,061 - WARNING - BIOS system file not found: bios.py
2026-06-09 21:51:15,085 - INFO - Looking for config file at: C:\Users\Jonathan\EazyOS\OS\eazyos_config.json
2026-06-09 21:51:15,090 - INFO - Config file found, loading...
2026-06-09 21:51:15,094 - INFO - Loaded configuration: {'theme': {'type': 'color', 'color': '#008080', 'wallpaper': None, 'taskbar_color': '#c0c0c0', 'window_title_color': '#000080'}, 'system': {'startup_sound': 'true', 'enable_sounds': 'true', 'show_clock': 'true', 'auto_hide_windows_taskbar': 'true'}}
2026-06-09 21:51:15,101 - INFO - Windows taskbar hidden
2026-06-09 21:51:15,106 - INFO - System settings applied: sounds=True, clock=True, auto_hide_taskbar=True
2026-06-09 21:51:15,110 - INFO - Looking for config file at: C:\Users\Jonathan\EazyOS\OS\eazyos_config.json
2026-06-09 21:51:15,114 - INFO - Config file found, loading...
2026-06-09 21:51:15,119 - INFO - Loaded configuration: {'theme': {'type': 'color', 'color': '#008080', 'wallpaper': None, 'taskbar_color': '#c0c0c0', 'window_title_color': '#000080'}, 'system': {'startup_sound': 'true', 'enable_sounds': 'true', 'show_clock': 'true', 'auto_hide_windows_taskbar': 'true'}}
2026-06-09 21:51:15,126 - INFO - Playing sound: The Microsoft Sound.wav
2026-06-09 21:51:15,132 - INFO - EazyOS Desktop initialized successfully
2026-06-09 21:51:15,220 - INFO - Loading saved theme...
2026-06-09 21:51:15,259 - INFO - Looking for config file at: C:\Users\Jonathan\EazyOS\OS\eazyos_config.json
2026-06-09 21:51:15,263 - INFO - Config file found, loading...
2026-06-09 21:51:15,267 - INFO - Loaded configuration: {'theme': {'type': 'color', 'color': '#008080', 'wallpaper': None, 'taskbar_color': '#c0c0c0', 'window_title_color': '#000080'}, 'system': {'startup_sound': 'true', 'enable_sounds': 'true', 'show_clock': 'true', 'auto_hide_windows_taskbar': 'true'}}
2026-06-09 21:51:15,272 - INFO - Applied background color: #008080
2026-06-09 21:51:15,276 - INFO - apply_from_config: type=color, taskbar=#c0c0c0, title_bar=#000080
2026-06-09 21:51:21,364 - INFO - Windows taskbar restored
2026-06-09 21:54:05,089 - INFO - Looking for config file at: C:\Users\Jonathan\EazyOS\OS\eazyos_config.json
2026-06-09 21:54:05,093 - INFO - Config file found, loading...
2026-06-09 21:54:05,096 - INFO - Loaded configuration: {'theme': {'type': 'color', 'color': '#008080', 'wallpaper': None, 'taskbar_color': '#c0c0c0', 'window_title_color': '#000080'}, 'system': {'startup_sound': 'true', 'enable_sounds': 'true', 'show_clock': 'true', 'auto_hide_windows_taskbar': 'true'}}
2026-06-09 21:54:05,099 - WARNING - BIOS system file not found: bios.py
2026-06-09 21:54:05,119 - INFO - Looking for config file at: C:\Users\Jonathan\EazyOS\OS\eazyos_config.json
2026-06-09 21:54:05,122 - INFO - Config file found, loading...
2026-06-09 21:54:05,125 - INFO - Loaded configuration: {'theme': {'type': 'color', 'color': '#008080', 'wallpaper': None, 'taskbar_color': '#c0c0c0', 'window_title_color': '#000080'}, 'system': {'startup_sound': 'true', 'enable_sounds': 'true', 'show_clock': 'true', 'auto_hide_windows_taskbar': 'true'}}
2026-06-09 21:54:05,129 - INFO - Windows taskbar hidden
2026-06-09 21:54:05,132 - INFO - System settings applied: sounds=True, clock=True, auto_hide_taskbar=True
2026-06-09 21:54:05,136 - INFO - Looking for config file at: C:\Users\Jonathan\EazyOS\OS\eazyos_config.json
2026-06-09 21:54:05,139 - INFO - Config file found, loading...
2026-06-09 21:54:05,141 - INFO - Loaded configuration: {'theme': {'type': 'color', 'color': '#008080', 'wallpaper': None, 'taskbar_color': '#c0c0c0', 'window_title_color': '#000080'}, 'system': {'startup_sound': 'true', 'enable_sounds': 'true', 'show_clock': 'true', 'auto_hide_windows_taskbar': 'true'}}
2026-06-09 21:54:05,145 - INFO - Playing sound: The Microsoft Sound.wav
2026-06-09 21:54:05,148 - INFO - EazyOS Desktop initialized successfully
2026-06-09 21:54:05,246 - INFO - Loading saved theme...
2026-06-09 21:54:05,256 - INFO - Looking for config file at: C:\Users\Jonathan\EazyOS\OS\eazyos_config.json
2026-06-09 21:54:05,262 - INFO - Config file found, loading...
2026-06-09 21:54:05,268 - INFO - Loaded configuration: {'theme': {'type': 'color', 'color': '#008080', 'wallpaper': None, 'taskbar_color': '#c0c0c0', 'window_title_color': '#000080'}, 'system': {'startup_sound': 'true', 'enable_sounds': 'true', 'show_clock': 'true', 'auto_hide_windows_taskbar': 'true'}}
2026-06-09 21:54:05,274 - INFO - Applied background color: #008080
2026-06-09 21:54:05,278 - INFO - apply_from_config: type=color, taskbar=#c0c0c0, title_bar=#000080
2026-06-09 21:54:10,166 - INFO - Windows taskbar restored
2026-06-09 21:54:37,402 - INFO - Looking for config file at: C:\Users\Jonathan\EazyOS\OS\eazyos_config.json
2026-06-09 21:54:37,405 - INFO - Config file found, loading...
2026-06-09 21:54:37,408 - INFO - Loaded configuration: {'theme': {'type': 'color', 'color': '#008080', 'wallpaper': None, 'taskbar_color': '#c0c0c0', 'window_title_color': '#000080'}, 'system': {'startup_sound': 'true', 'enable_sounds': 'true', 'show_clock': 'true', 'auto_hide_windows_taskbar': 'true'}}
2026-06-09 21:54:37,411 - WARNING - BIOS system file not found: bios.py
2026-06-09 21:54:37,433 - INFO - Looking for config file at: C:\Users\Jonathan\EazyOS\OS\eazyos_config.json
2026-06-09 21:54:37,436 - INFO - Config file found, loading...
2026-06-09 21:54:37,438 - INFO - Loaded configuration: {'theme': {'type': 'color', 'color': '#008080', 'wallpaper': None, 'taskbar_color': '#c0c0c0', 'window_title_color': '#000080'}, 'system': {'startup_sound': 'true', 'enable_sounds': 'true', 'show_clock': 'true', 'auto_hide_windows_taskbar': 'true'}}
2026-06-09 21:54:37,443 - INFO - Windows taskbar hidden
2026-06-09 21:54:37,446 - INFO - System settings applied: sounds=True, clock=True, auto_hide_taskbar=True
2026-06-09 21:54:37,449 - INFO - Looking for config file at: C:\Users\Jonathan\EazyOS\OS\eazyos_config.json
2026-06-09 21:54:37,451 - INFO - Config file found, loading...
2026-06-09 21:54:37,455 - INFO - Loaded configuration: {'theme': {'type': 'color', 'color': '#008080', 'wallpaper': None, 'taskbar_color': '#c0c0c0', 'window_title_color': '#000080'}, 'system': {'startup_sound': 'true', 'enable_sounds': 'true', 'show_clock': 'true', 'auto_hide_windows_taskbar': 'true'}}
2026-06-09 21:54:37,459 - INFO - Playing sound: The Microsoft Sound.wav
2026-06-09 21:54:37,462 - INFO - EazyOS Desktop initialized successfully
2026-06-09 21:54:37,558 - INFO - Loading saved theme...
2026-06-09 21:54:37,587 - INFO - Looking for config file at: C:\Users\Jonathan\EazyOS\OS\eazyos_config.json
2026-06-09 21:54:37,592 - INFO - Config file found, loading...
2026-06-09 21:54:37,596 - INFO - Loaded configuration: {'theme': {'type': 'color', 'color': '#008080', 'wallpaper': None, 'taskbar_color': '#c0c0c0', 'window_title_color': '#000080'}, 'system': {'startup_sound': 'true', 'enable_sounds': 'true', 'show_clock': 'true', 'auto_hide_windows_taskbar': 'true'}}
2026-06-09 21:54:37,601 - INFO - Applied background color: #008080
2026-06-09 21:54:37,605 - INFO - apply_from_config: type=color, taskbar=#c0c0c0, title_bar=#000080
2026-06-09 21:54:42,824 - INFO - Windows taskbar restored
2026-06-09 22:02:13,741 - INFO - Looking for config file at: C:\Users\Jonathan\EazyOS\OS\eazyos_config.json
2026-06-09 22:02:13,746 - INFO - Config file found, loading...
2026-06-09 22:02:13,751 - INFO - Loaded configuration: {'theme': {'type': 'color', 'color': '#008080', 'wallpaper': None, 'taskbar_color': '#c0c0c0', 'window_title_color': '#000080'}, 'system': {'startup_sound': 'true', 'enable_sounds': 'true', 'show_clock': 'true', 'auto_hide_windows_taskbar': 'true'}}
2026-06-09 22:02:13,756 - WARNING - BIOS system file not found: bios.py
2026-06-09 22:02:13,780 - INFO - Looking for config file at: C:\Users\Jonathan\EazyOS\OS\eazyos_config.json
2026-06-09 22:02:13,784 - INFO - Config file found, loading...
2026-06-09 22:02:13,790 - INFO - Loaded configuration: {'theme': {'type': 'color', 'color': '#008080', 'wallpaper': None, 'taskbar_color': '#c0c0c0', 'window_title_color': '#000080'}, 'system': {'startup_sound': 'true', 'enable_sounds': 'true', 'show_clock': 'true', 'auto_hide_windows_taskbar': 'true'}}
2026-06-09 22:02:13,797 - INFO - Windows taskbar hidden
2026-06-09 22:02:13,801 - INFO - System settings applied: sounds=True, clock=True, auto_hide_taskbar=True
2026-06-09 22:02:13,805 - INFO - Looking for config file at: C:\Users\Jonathan\EazyOS\OS\eazyos_config.json
2026-06-09 22:02:13,810 - INFO - Config file found, loading...
2026-06-09 22:02:13,814 - INFO - Loaded configuration: {'theme': {'type': 'color', 'color': '#008080', 'wallpaper': None, 'taskbar_color': '#c0c0c0', 'window_title_color': '#000080'}, 'system': {'startup_sound': 'true', 'enable_sounds': 'true', 'show_clock': 'true', 'auto_hide_windows_taskbar': 'true'}}
2026-06-09 22:02:13,820 - INFO - Playing sound: The Microsoft Sound.wav
2026-06-09 22:02:13,825 - INFO - EazyOS Desktop initialized successfully
2026-06-09 22:02:13,829 - CRITICAL - Fatal error: 'EazyOSDesktop' object has no attribute 'run'
Traceback (most recent call last):
  File "C:\Users\Jonathan\EazyOS\OS\OS.py", line 993, in <module>
    desktop.run()
    ^^^^^^^^^^^
AttributeError: 'EazyOSDesktop' object has no attribute 'run'
2026-06-09 22:02:13,925 - INFO - Loading saved theme...
2026-06-09 22:02:13,955 - INFO - Looking for config file at: C:\Users\Jonathan\EazyOS\OS\eazyos_config.json
2026-06-09 22:02:13,961 - INFO - Config file found, loading...
2026-06-09 22:02:13,965 - INFO - Loaded configuration: {'theme': {'type': 'color', 'color': '#008080', 'wallpaper': None, 'taskbar_color': '#c0c0c0', 'window_title_color': '#000080'}, 'system': {'startup_sound': 'true', 'enable_sounds': 'true', 'show_clock': 'true', 'auto_hide_windows_taskbar': 'true'}}
2026-06-09 22:02:13,969 - INFO - Applied background color: #008080
2026-06-09 22:02:13,973 - INFO - apply_from_config: type=color, taskbar=#c0c0c0, title_bar=#000080
2026-06-09 22:03:43,426 - INFO - Looking for config file at: C:\Users\Jonathan\EazyOS\OS\eazyos_config.json
2026-06-09 22:03:43,429 - INFO - Config file found, loading...
2026-06-09 22:03:43,431 - INFO - Loaded configuration: {'theme': {'type': 'color', 'color': '#008080', 'wallpaper': None, 'taskbar_color': '#c0c0c0', 'window_title_color': '#000080'}, 'system': {'startup_sound': 'true', 'enable_sounds': 'true', 'show_clock': 'true', 'auto_hide_windows_taskbar': 'true'}}
2026-06-09 22:03:43,434 - WARNING - BIOS system file not found: bios.py
2026-06-09 22:03:43,456 - INFO - Looking for config file at: C:\Users\Jonathan\EazyOS\OS\eazyos_config.json
2026-06-09 22:03:43,459 - INFO - Config file found, loading...
2026-06-09 22:03:43,461 - INFO - Loaded configuration: {'theme': {'type': 'color', 'color': '#008080', 'wallpaper': None, 'taskbar_color': '#c0c0c0', 'window_title_color': '#000080'}, 'system': {'startup_sound': 'true', 'enable_sounds': 'true', 'show_clock': 'true', 'auto_hide_windows_taskbar': 'true'}}
2026-06-09 22:03:43,465 - INFO - Windows taskbar hidden
2026-06-09 22:03:43,468 - INFO - System settings applied: sounds=True, clock=True, auto_hide_taskbar=True
2026-06-09 22:03:43,471 - INFO - Looking for config file at: C:\Users\Jonathan\EazyOS\OS\eazyos_config.json
2026-06-09 22:03:43,473 - INFO - Config file found, loading...
2026-06-09 22:03:43,476 - INFO - Loaded configuration: {'theme': {'type': 'color', 'color': '#008080', 'wallpaper': None, 'taskbar_color': '#c0c0c0', 'window_title_color': '#000080'}, 'system': {'startup_sound': 'true', 'enable_sounds': 'true', 'show_clock': 'true', 'auto_hide_windows_taskbar': 'true'}}
2026-06-09 22:03:43,481 - INFO - Playing sound: The Microsoft Sound.wav
2026-06-09 22:03:43,484 - INFO - EazyOS Desktop initialized successfully
2026-06-09 22:03:43,487 - CRITICAL - Fatal error: 'EazyOSDesktop' object has no attribute 'run'
Traceback (most recent call last):
  File "C:\Users\Jonathan\EazyOS\OS\OS.py", line 994, in <module>
    desktop.run()
    ^^^^^^^^^^^
AttributeError: 'EazyOSDesktop' object has no attribute 'run'
2026-06-09 22:03:43,587 - INFO - Loading saved theme...
2026-06-09 22:03:43,616 - INFO - Looking for config file at: C:\Users\Jonathan\EazyOS\OS\eazyos_config.json
2026-06-09 22:03:43,623 - INFO - Config file found, loading...
2026-06-09 22:03:43,629 - INFO - Loaded configuration: {'theme': {'type': 'color', 'color': '#008080', 'wallpaper': None, 'taskbar_color': '#c0c0c0', 'window_title_color': '#000080'}, 'system': {'startup_sound': 'true', 'enable_sounds': 'true', 'show_clock': 'true', 'auto_hide_windows_taskbar': 'true'}}
2026-06-09 22:03:43,633 - INFO - Applied background color: #008080
2026-06-09 22:03:43,637 - INFO - apply_from_config: type=color, taskbar=#c0c0c0, title_bar=#000080
2026-06-09 22:10:54,232 - INFO - Looking for config file at: C:\Users\Jonathan\EazyOS\OS\eazyos_config.json
2026-06-09 22:10:54,236 - INFO - Config file found, loading...
2026-06-09 22:10:54,238 - INFO - Loaded configuration: {'theme': {'type': 'color', 'color': '#008080', 'wallpaper': None, 'taskbar_color': '#c0c0c0', 'window_title_color': '#000080'}, 'system': {'startup_sound': 'true', 'enable_sounds': 'true', 'show_clock': 'true', 'auto_hide_windows_taskbar': 'true'}}
2026-06-09 22:10:54,240 - WARNING - BIOS system file not found: bios.py
2026-06-09 22:10:54,261 - INFO - Looking for config file at: C:\Users\Jonathan\EazyOS\OS\eazyos_config.json
2026-06-09 22:10:54,263 - INFO - Config file found, loading...
2026-06-09 22:10:54,265 - INFO - Loaded configuration: {'theme': {'type': 'color', 'color': '#008080', 'wallpaper': None, 'taskbar_color': '#c0c0c0', 'window_title_color': '#000080'}, 'system': {'startup_sound': 'true', 'enable_sounds': 'true', 'show_clock': 'true', 'auto_hide_windows_taskbar': 'true'}}
2026-06-09 22:10:54,269 - INFO - Windows taskbar hidden
2026-06-09 22:10:54,273 - INFO - System settings applied: sounds=True, clock=True, auto_hide_taskbar=True
2026-06-09 22:10:54,277 - INFO - Looking for config file at: C:\Users\Jonathan\EazyOS\OS\eazyos_config.json
2026-06-09 22:10:54,279 - INFO - Config file found, loading...
2026-06-09 22:10:54,281 - INFO - Loaded configuration: {'theme': {'type': 'color', 'color': '#008080', 'wallpaper': None, 'taskbar_color': '#c0c0c0', 'window_title_color': '#000080'}, 'system': {'startup_sound': 'true', 'enable_sounds': 'true', 'show_clock': 'true', 'auto_hide_windows_taskbar': 'true'}}
2026-06-09 22:10:54,289 - INFO - Playing sound: The Microsoft Sound.wav
2026-06-09 22:10:54,293 - INFO - EazyOS Desktop initialized successfully
2026-06-09 22:10:55,608 - INFO - Playing sound: CHORD.wav
2026-06-09 22:10:55,652 - INFO - Loading saved theme...
2026-06-09 22:10:55,669 - INFO - Looking for config file at: C:\Users\Jonathan\EazyOS\OS\eazyos_config.json
2026-06-09 22:10:55,674 - INFO - Config file found, loading...
2026-06-09 22:10:55,679 - INFO - Loaded configuration: {'theme': {'type': 'color', 'color': '#008080', 'wallpaper': None, 'taskbar_color': '#c0c0c0', 'window_title_color': '#000080'}, 'system': {'startup_sound': 'true', 'enable_sounds': 'true', 'show_clock': 'true', 'auto_hide_windows_taskbar': 'true'}}
2026-06-09 22:10:55,684 - INFO - Applied background color: #008080
2026-06-09 22:10:55,690 - INFO - apply_from_config: type=color, taskbar=#c0c0c0, title_bar=#000080
2026-06-09 22:10:58,320 - INFO - Windows taskbar restored
2026-06-09 22:20:52,116 - INFO - Looking for config file at: C:\Users\Jonathan\EazyOS\OS\eazyos_config.json
2026-06-09 22:20:52,119 - INFO - Config file found, loading...
2026-06-09 22:20:52,121 - INFO - Loaded configuration: {'theme': {'type': 'color', 'color': '#008080', 'wallpaper': None, 'taskbar_color': '#c0c0c0', 'window_title_color': '#000080'}, 'system': {'startup_sound': 'true', 'enable_sounds': 'true', 'show_clock': 'true', 'auto_hide_windows_taskbar': 'true'}}
2026-06-09 22:20:52,123 - WARNING - BIOS system file not found: bios.py
2026-06-09 22:20:52,144 - INFO - Looking for config file at: C:\Users\Jonathan\EazyOS\OS\eazyos_config.json
2026-06-09 22:20:52,146 - INFO - Config file found, loading...
2026-06-09 22:20:52,148 - INFO - Loaded configuration: {'theme': {'type': 'color', 'color': '#008080', 'wallpaper': None, 'taskbar_color': '#c0c0c0', 'window_title_color': '#000080'}, 'system': {'startup_sound': 'true', 'enable_sounds': 'true', 'show_clock': 'true', 'auto_hide_windows_taskbar': 'true'}}
2026-06-09 22:20:52,155 - INFO - Windows taskbar hidden
2026-06-09 22:20:52,162 - INFO - System settings applied: sounds=True, clock=True, auto_hide_taskbar=True
2026-06-09 22:20:53,496 - INFO - Playing sound: CHORD.wav
2026-06-09 22:20:53,532 - INFO - Loading saved theme...
2026-06-09 22:20:53,549 - INFO - Looking for config file at: C:\Users\Jonathan\EazyOS\OS\eazyos_config.json
2026-06-09 22:20:53,559 - INFO - Config file found, loading...
2026-06-09 22:20:53,564 - INFO - Loaded configuration: {'theme': {'type': 'color', 'color': '#008080', 'wallpaper': None, 'taskbar_color': '#c0c0c0', 'window_title_color': '#000080'}, 'system': {'startup_sound': 'true', 'enable_sounds': 'true', 'show_clock': 'true', 'auto_hide_windows_taskbar': 'true'}}
2026-06-09 22:20:53,570 - INFO - Applied background color: #008080
2026-06-09 22:20:53,574 - INFO - apply_from_config: type=color, taskbar=#c0c0c0, title_bar=#000080
2026-06-09 22:20:53,579 - INFO - Looking for config file at: C:\Users\Jonathan\EazyOS\OS\eazyos_config.json
2026-06-09 22:20:53,585 - INFO - Config file found, loading...
2026-06-09 22:20:53,589 - INFO - Loaded configuration: {'theme': {'type': 'color', 'color': '#008080', 'wallpaper': None, 'taskbar_color': '#c0c0c0', 'window_title_color': '#000080'}, 'system': {'startup_sound': 'true', 'enable_sounds': 'true', 'show_clock': 'true', 'auto_hide_windows_taskbar': 'true'}}
2026-06-09 22:20:53,596 - INFO - Playing sound: The Microsoft Sound.wav
2026-06-09 22:21:00,796 - INFO - Playing sound: CHORD.wav
2026-06-09 22:21:04,694 - INFO - Windows taskbar restored
2026-06-09 22:21:40,046 - INFO - Looking for config file at: C:\Users\Jonathan\EazyOS\OS\eazyos_config.json
2026-06-09 22:21:40,047 - INFO - Config file found, loading...
2026-06-09 22:21:40,047 - INFO - Loaded configuration: {'theme': {'type': 'color', 'color': '#008080', 'wallpaper': None, 'taskbar_color': '#c0c0c0', 'window_title_color': '#000080'}, 'system': {'startup_sound': 'true', 'enable_sounds': 'true', 'show_clock': 'true', 'auto_hide_windows_taskbar': 'true'}}
2026-06-09 22:21:40,047 - WARNING - BIOS system file not found: bios.py
2026-06-09 22:21:40,067 - INFO - Looking for config file at: C:\Users\Jonathan\EazyOS\OS\eazyos_config.json
2026-06-09 22:21:40,067 - INFO - Config file found, loading...
2026-06-09 22:21:40,067 - INFO - Loaded configuration: {'theme': {'type': 'color', 'color': '#008080', 'wallpaper': None, 'taskbar_color': '#c0c0c0', 'window_title_color': '#000080'}, 'system': {'startup_sound': 'true', 'enable_sounds': 'true', 'show_clock': 'true', 'auto_hide_windows_taskbar': 'true'}}
2026-06-09 22:21:40,069 - INFO - Windows taskbar hidden
2026-06-09 22:21:40,069 - INFO - System settings applied: sounds=True, clock=True, auto_hide_taskbar=True
2026-06-09 22:21:40,173 - INFO - Loading saved theme...
2026-06-09 22:21:40,173 - INFO - Looking for config file at: C:\Users\Jonathan\EazyOS\OS\eazyos_config.json
2026-06-09 22:21:40,174 - INFO - Config file found, loading...
2026-06-09 22:21:40,174 - INFO - Loaded configuration: {'theme': {'type': 'color', 'color': '#008080', 'wallpaper': None, 'taskbar_color': '#c0c0c0', 'window_title_color': '#000080'}, 'system': {'startup_sound': 'true', 'enable_sounds': 'true', 'show_clock': 'true', 'auto_hide_windows_taskbar': 'true'}}
2026-06-09 22:21:40,175 - INFO - Applied background color: #008080
2026-06-09 22:21:40,175 - INFO - apply_from_config: type=color, taskbar=#c0c0c0, title_bar=#000080
2026-06-09 22:21:40,175 - INFO - Looking for config file at: C:\Users\Jonathan\EazyOS\OS\eazyos_config.json
2026-06-09 22:21:40,175 - INFO - Config file found, loading...
2026-06-09 22:21:40,175 - INFO - Loaded configuration: {'theme': {'type': 'color', 'color': '#008080', 'wallpaper': None, 'taskbar_color': '#c0c0c0', 'window_title_color': '#000080'}, 'system': {'startup_sound': 'true', 'enable_sounds': 'true', 'show_clock': 'true', 'auto_hide_windows_taskbar': 'true'}}
2026-06-09 22:21:40,177 - INFO - Playing sound: The Microsoft Sound.wav
2026-06-09 22:21:47,417 - INFO - Playing sound: CHORD.wav
2026-06-09 22:22:05,735 - INFO - Windows taskbar restored
2026-06-09 22:24:15,104 - INFO - Looking for config file at: C:\Users\Jonathan\EazyOS\OS\eazyos_config.json
2026-06-09 22:24:15,104 - INFO - Config file found, loading...
2026-06-09 22:24:15,105 - INFO - Loaded configuration: {'theme': {'type': 'color', 'color': '#008080', 'wallpaper': None, 'taskbar_color': '#c0c0c0', 'window_title_color': '#000080'}, 'system': {'startup_sound': 'true', 'enable_sounds': 'true', 'show_clock': 'true', 'auto_hide_windows_taskbar': 'true'}}
2026-06-09 22:24:15,105 - WARNING - BIOS system file not found: bios.py
2026-06-09 22:24:15,124 - INFO - Looking for config file at: C:\Users\Jonathan\EazyOS\OS\eazyos_config.json
2026-06-09 22:24:15,125 - INFO - Config file found, loading...
2026-06-09 22:24:15,125 - INFO - Loaded configuration: {'theme': {'type': 'color', 'color': '#008080', 'wallpaper': None, 'taskbar_color': '#c0c0c0', 'window_title_color': '#000080'}, 'system': {'startup_sound': 'true', 'enable_sounds': 'true', 'show_clock': 'true', 'auto_hide_windows_taskbar': 'true'}}
2026-06-09 22:24:15,126 - INFO - Windows taskbar hidden
2026-06-09 22:24:15,126 - INFO - System settings applied: sounds=True, clock=True, auto_hide_taskbar=True
2026-06-09 22:24:15,231 - INFO - Loading saved theme...
2026-06-09 22:24:15,231 - INFO - Looking for config file at: C:\Users\Jonathan\EazyOS\OS\eazyos_config.json
2026-06-09 22:24:15,231 - INFO - Config file found, loading...
2026-06-09 22:24:15,232 - INFO - Loaded configuration: {'theme': {'type': 'color', 'color': '#008080', 'wallpaper': None, 'taskbar_color': '#c0c0c0', 'window_title_color': '#000080'}, 'system': {'startup_sound': 'true', 'enable_sounds': 'true', 'show_clock': 'true', 'auto_hide_windows_taskbar': 'true'}}
2026-06-09 22:24:15,232 - INFO - Applied background color: #008080
2026-06-09 22:24:15,232 - INFO - apply_from_config: type=color, taskbar=#c0c0c0, title_bar=#000080
2026-06-09 22:24:15,233 - INFO - Looking for config file at: C:\Users\Jonathan\EazyOS\OS\eazyos_config.json
2026-06-09 22:24:15,233 - INFO - Config file found, loading...
2026-06-09 22:24:15,233 - INFO - Loaded configuration: {'theme': {'type': 'color', 'color': '#008080', 'wallpaper': None, 'taskbar_color': '#c0c0c0', 'window_title_color': '#000080'}, 'system': {'startup_sound': 'true', 'enable_sounds': 'true', 'show_clock': 'true', 'auto_hide_windows_taskbar': 'true'}}
2026-06-09 22:24:15,235 - INFO - Playing sound: The Microsoft Sound.wav
2026-06-09 22:24:22,472 - INFO - Playing sound: CHORD.wav
2026-06-09 22:24:31,666 - INFO - Windows taskbar restored
2026-06-09 22:24:48,906 - INFO - Looking for config file at: C:\Users\Jonathan\EazyOS\OS\eazyos_config.json
2026-06-09 22:24:48,906 - INFO - Config file found, loading...
2026-06-09 22:24:48,907 - INFO - Loaded configuration: {'theme': {'type': 'color', 'color': '#008080', 'wallpaper': None, 'taskbar_color': '#c0c0c0', 'window_title_color': '#000080'}, 'system': {'startup_sound': 'true', 'enable_sounds': 'true', 'show_clock': 'true', 'auto_hide_windows_taskbar': 'true'}}
2026-06-09 22:24:48,907 - WARNING - BIOS system file not found: bios.py
2026-06-09 22:24:48,928 - INFO - Looking for config file at: C:\Users\Jonathan\EazyOS\OS\eazyos_config.json
2026-06-09 22:24:48,928 - INFO - Config file found, loading...
2026-06-09 22:24:48,928 - INFO - Loaded configuration: {'theme': {'type': 'color', 'color': '#008080', 'wallpaper': None, 'taskbar_color': '#c0c0c0', 'window_title_color': '#000080'}, 'system': {'startup_sound': 'true', 'enable_sounds': 'true', 'show_clock': 'true', 'auto_hide_windows_taskbar': 'true'}}
2026-06-09 22:24:48,930 - INFO - Windows taskbar hidden
2026-06-09 22:24:48,930 - INFO - System settings applied: sounds=True, clock=True, auto_hide_taskbar=True
2026-06-09 22:24:49,043 - INFO - Loading saved theme...
2026-06-09 22:24:49,043 - INFO - Looking for config file at: C:\Users\Jonathan\EazyOS\OS\eazyos_config.json
2026-06-09 22:24:49,044 - INFO - Config file found, loading...
2026-06-09 22:24:49,044 - INFO - Loaded configuration: {'theme': {'type': 'color', 'color': '#008080', 'wallpaper': None, 'taskbar_color': '#c0c0c0', 'window_title_color': '#000080'}, 'system': {'startup_sound': 'true', 'enable_sounds': 'true', 'show_clock': 'true', 'auto_hide_windows_taskbar': 'true'}}
2026-06-09 22:24:49,045 - INFO - Applied background color: #008080
2026-06-09 22:24:49,045 - INFO - apply_from_config: type=color, taskbar=#c0c0c0, title_bar=#000080
2026-06-09 22:24:49,045 - INFO - Looking for config file at: C:\Users\Jonathan\EazyOS\OS\eazyos_config.json
2026-06-09 22:24:49,045 - INFO - Config file found, loading...
2026-06-09 22:24:49,046 - INFO - Loaded configuration: {'theme': {'type': 'color', 'color': '#008080', 'wallpaper': None, 'taskbar_color': '#c0c0c0', 'window_title_color': '#000080'}, 'system': {'startup_sound': 'true', 'enable_sounds': 'true', 'show_clock': 'true', 'auto_hide_windows_taskbar': 'true'}}
2026-06-09 22:24:49,048 - INFO - Playing sound: The Microsoft Sound.wav
2026-06-09 22:24:56,209 - INFO - Playing sound: CHORD.wav
2026-06-09 22:24:59,904 - INFO - Windows taskbar restored
2026-06-09 22:25:13,083 - INFO - Looking for config file at: C:\Users\Jonathan\EazyOS\OS\eazyos_config.json
2026-06-09 22:25:13,084 - INFO - Config file found, loading...
2026-06-09 22:25:13,084 - INFO - Loaded configuration: {'theme': {'type': 'color', 'color': '#008080', 'wallpaper': None, 'taskbar_color': '#c0c0c0', 'window_title_color': '#000080'}, 'system': {'startup_sound': 'true', 'enable_sounds': 'true', 'show_clock': 'true', 'auto_hide_windows_taskbar': 'true'}}
2026-06-09 22:25:13,084 - WARNING - BIOS system file not found: bios.py
2026-06-09 22:25:13,105 - INFO - Looking for config file at: C:\Users\Jonathan\EazyOS\OS\eazyos_config.json
2026-06-09 22:25:13,105 - INFO - Config file found, loading...
2026-06-09 22:25:13,105 - INFO - Loaded configuration: {'theme': {'type': 'color', 'color': '#008080', 'wallpaper': None, 'taskbar_color': '#c0c0c0', 'window_title_color': '#000080'}, 'system': {'startup_sound': 'true', 'enable_sounds': 'true', 'show_clock': 'true', 'auto_hide_windows_taskbar': 'true'}}
2026-06-09 22:25:13,107 - INFO - Windows taskbar hidden
2026-06-09 22:25:13,107 - INFO - System settings applied: sounds=True, clock=True, auto_hide_taskbar=True
2026-06-09 22:25:13,221 - INFO - Loading saved theme...
2026-06-09 22:25:13,221 - INFO - Looking for config file at: C:\Users\Jonathan\EazyOS\OS\eazyos_config.json
2026-06-09 22:25:13,221 - INFO - Config file found, loading...
2026-06-09 22:25:13,222 - INFO - Loaded configuration: {'theme': {'type': 'color', 'color': '#008080', 'wallpaper': None, 'taskbar_color': '#c0c0c0', 'window_title_color': '#000080'}, 'system': {'startup_sound': 'true', 'enable_sounds': 'true', 'show_clock': 'true', 'auto_hide_windows_taskbar': 'true'}}
2026-06-09 22:25:13,222 - INFO - Applied background color: #008080
2026-06-09 22:25:13,223 - INFO - apply_from_config: type=color, taskbar=#c0c0c0, title_bar=#000080
2026-06-09 22:25:13,223 - INFO - Looking for config file at: C:\Users\Jonathan\EazyOS\OS\eazyos_config.json
2026-06-09 22:25:13,223 - INFO - Config file found, loading...
2026-06-09 22:25:13,223 - INFO - Loaded configuration: {'theme': {'type': 'color', 'color': '#008080', 'wallpaper': None, 'taskbar_color': '#c0c0c0', 'window_title_color': '#000080'}, 'system': {'startup_sound': 'true', 'enable_sounds': 'true', 'show_clock': 'true', 'auto_hide_windows_taskbar': 'true'}}
2026-06-09 22:25:13,225 - INFO - Playing sound: The Microsoft Sound.wav
2026-06-09 22:25:20,428 - INFO - Playing sound: CHORD.wav
2026-06-09 22:26:25,191 - INFO - Windows taskbar restored
2026-06-09 22:56:46,597 - INFO - Looking for config file at: C:\Users\Jonathan\EazyOS\OS\eazyos_config.json
2026-06-09 22:56:46,598 - INFO - Config file found, loading...
2026-06-09 22:56:46,598 - INFO - Loaded configuration: {'theme': {'type': 'color', 'color': '#008080', 'wallpaper': None, 'taskbar_color': '#c0c0c0', 'window_title_color': '#000080'}, 'system': {'startup_sound': 'true', 'enable_sounds': 'true', 'show_clock': 'true', 'auto_hide_windows_taskbar': 'true'}}
2026-06-09 22:56:46,598 - WARNING - BIOS system file not found: bios.py
2026-06-09 22:56:46,615 - INFO - Looking for config file at: C:\Users\Jonathan\EazyOS\OS\eazyos_config.json
2026-06-09 22:56:46,615 - INFO - Config file found, loading...
2026-06-09 22:56:46,616 - INFO - Loaded configuration: {'theme': {'type': 'color', 'color': '#008080', 'wallpaper': None, 'taskbar_color': '#c0c0c0', 'window_title_color': '#000080'}, 'system': {'startup_sound': 'true', 'enable_sounds': 'true', 'show_clock': 'true', 'auto_hide_windows_taskbar': 'true'}}
2026-06-09 22:56:46,617 - INFO - Windows taskbar hidden
2026-06-09 22:56:46,617 - INFO - System settings applied: sounds=True, clock=True, auto_hide_taskbar=True
2026-06-09 22:56:46,723 - INFO - Loading saved theme...
2026-06-09 22:56:46,724 - INFO - Looking for config file at: C:\Users\Jonathan\EazyOS\OS\eazyos_config.json
2026-06-09 22:56:46,724 - INFO - Config file found, loading...
2026-06-09 22:56:46,724 - INFO - Loaded configuration: {'theme': {'type': 'color', 'color': '#008080', 'wallpaper': None, 'taskbar_color': '#c0c0c0', 'window_title_color': '#000080'}, 'system': {'startup_sound': 'true', 'enable_sounds': 'true', 'show_clock': 'true', 'auto_hide_windows_taskbar': 'true'}}
2026-06-09 22:56:46,725 - INFO - Applied background color: #008080
2026-06-09 22:56:46,725 - INFO - apply_from_config: type=color, taskbar=#c0c0c0, title_bar=#000080
2026-06-09 22:56:46,725 - INFO - Looking for config file at: C:\Users\Jonathan\EazyOS\OS\eazyos_config.json
2026-06-09 22:56:46,725 - INFO - Config file found, loading...
2026-06-09 22:56:46,725 - INFO - Loaded configuration: {'theme': {'type': 'color', 'color': '#008080', 'wallpaper': None, 'taskbar_color': '#c0c0c0', 'window_title_color': '#000080'}, 'system': {'startup_sound': 'true', 'enable_sounds': 'true', 'show_clock': 'true', 'auto_hide_windows_taskbar': 'true'}}
2026-06-09 22:56:46,727 - INFO - Playing sound: The Microsoft Sound.wav
2026-06-09 22:56:48,126 - INFO - Windows taskbar restored
2026-06-09 22:57:09,560 - INFO - Looking for config file at: C:\Users\Jonathan\EazyOS\OS\eazyos_config.json
2026-06-09 22:57:09,561 - INFO - Config file found, loading...
2026-06-09 22:57:09,561 - INFO - Loaded configuration: {'theme': {'type': 'color', 'color': '#008080', 'wallpaper': None, 'taskbar_color': '#c0c0c0', 'window_title_color': '#000080'}, 'system': {'startup_sound': 'true', 'enable_sounds': 'true', 'show_clock': 'true', 'auto_hide_windows_taskbar': 'true'}}
2026-06-09 22:57:09,561 - WARNING - BIOS system file not found: bios.py
2026-06-09 22:57:09,604 - INFO - Looking for config file at: C:\Users\Jonathan\EazyOS\OS\eazyos_config.json
2026-06-09 22:57:09,604 - INFO - Config file found, loading...
2026-06-09 22:57:09,605 - INFO - Loaded configuration: {'theme': {'type': 'color', 'color': '#008080', 'wallpaper': None, 'taskbar_color': '#c0c0c0', 'window_title_color': '#000080'}, 'system': {'startup_sound': 'true', 'enable_sounds': 'true', 'show_clock': 'true', 'auto_hide_windows_taskbar': 'true'}}
2026-06-09 22:57:09,607 - INFO - Windows taskbar hidden
2026-06-09 22:57:09,607 - INFO - System settings applied: sounds=True, clock=True, auto_hide_taskbar=True
2026-06-09 22:57:09,752 - INFO - Loading saved theme...
2026-06-09 22:57:09,753 - INFO - Looking for config file at: C:\Users\Jonathan\EazyOS\OS\eazyos_config.json
2026-06-09 22:57:09,753 - INFO - Config file found, loading...
2026-06-09 22:57:09,754 - INFO - Loaded configuration: {'theme': {'type': 'color', 'color': '#008080', 'wallpaper': None, 'taskbar_color': '#c0c0c0', 'window_title_color': '#000080'}, 'system': {'startup_sound': 'true', 'enable_sounds': 'true', 'show_clock': 'true', 'auto_hide_windows_taskbar': 'true'}}
2026-06-09 22:57:09,754 - INFO - Applied background color: #008080
2026-06-09 22:57:09,755 - INFO - apply_from_config: type=color, taskbar=#c0c0c0, title_bar=#000080
2026-06-09 22:57:09,755 - INFO - Looking for config file at: C:\Users\Jonathan\EazyOS\OS\eazyos_config.json
2026-06-09 22:57:09,755 - INFO - Config file found, loading...
2026-06-09 22:57:09,756 - INFO - Loaded configuration: {'theme': {'type': 'color', 'color': '#008080', 'wallpaper': None, 'taskbar_color': '#c0c0c0', 'window_title_color': '#000080'}, 'system': {'startup_sound': 'true', 'enable_sounds': 'true', 'show_clock': 'true', 'auto_hide_windows_taskbar': 'true'}}
2026-06-09 22:57:09,758 - INFO - Playing sound: The Microsoft Sound.wav
2026-06-09 22:57:17,128 - INFO - Playing sound: CHORD.wav
2026-06-09 22:59:02,060 - INFO - Windows taskbar restored
2026-06-09 22:59:34,116 - INFO - Looking for config file at: C:\Users\Jonathan\EazyOS\OS\eazyos_config.json
2026-06-09 22:59:34,117 - INFO - Config file found, loading...
2026-06-09 22:59:34,117 - INFO - Loaded configuration: {'theme': {'type': 'color', 'color': '#008080', 'wallpaper': None, 'taskbar_color': '#c0c0c0', 'window_title_color': '#000080'}, 'system': {'startup_sound': 'true', 'enable_sounds': 'true', 'show_clock': 'true', 'auto_hide_windows_taskbar': 'true'}}
2026-06-09 22:59:34,117 - WARNING - BIOS system file not found: bios.py
2026-06-09 22:59:34,135 - INFO - Looking for config file at: C:\Users\Jonathan\EazyOS\OS\eazyos_config.json
2026-06-09 22:59:34,136 - INFO - Config file found, loading...
2026-06-09 22:59:34,136 - INFO - Loaded configuration: {'theme': {'type': 'color', 'color': '#008080', 'wallpaper': None, 'taskbar_color': '#c0c0c0', 'window_title_color': '#000080'}, 'system': {'startup_sound': 'true', 'enable_sounds': 'true', 'show_clock': 'true', 'auto_hide_windows_taskbar': 'true'}}
2026-06-09 22:59:34,137 - INFO - Windows taskbar hidden
2026-06-09 22:59:34,137 - INFO - System settings applied: sounds=True, clock=True, auto_hide_taskbar=True
2026-06-09 22:59:34,236 - INFO - Loading saved theme...
2026-06-09 22:59:34,236 - INFO - Looking for config file at: C:\Users\Jonathan\EazyOS\OS\eazyos_config.json
2026-06-09 22:59:34,236 - INFO - Config file found, loading...
2026-06-09 22:59:34,236 - INFO - Loaded configuration: {'theme': {'type': 'color', 'color': '#008080', 'wallpaper': None, 'taskbar_color': '#c0c0c0', 'window_title_color': '#000080'}, 'system': {'startup_sound': 'true', 'enable_sounds': 'true', 'show_clock': 'true', 'auto_hide_windows_taskbar': 'true'}}
2026-06-09 22:59:34,237 - INFO - Applied background color: #008080
2026-06-09 22:59:34,237 - INFO - apply_from_config: type=color, taskbar=#c0c0c0, title_bar=#000080
2026-06-09 22:59:34,242 - INFO - Looking for config file at: C:\Users\Jonathan\EazyOS\OS\eazyos_config.json
2026-06-09 22:59:34,242 - INFO - Config file found, loading...
2026-06-09 22:59:34,242 - INFO - Loaded configuration: {'theme': {'type': 'color', 'color': '#008080', 'wallpaper': None, 'taskbar_color': '#c0c0c0', 'window_title_color': '#000080'}, 'system': {'startup_sound': 'true', 'enable_sounds': 'true', 'show_clock': 'true', 'auto_hide_windows_taskbar': 'true'}}
2026-06-09 22:59:34,244 - INFO - Playing sound: The Microsoft Sound.wav
2026-06-09 22:59:41,593 - INFO - Playing sound: CHORD.wav
2026-06-09 23:05:10,641 - INFO - Looking for config file at: C:\Users\Jonathan\EazyOS\OS\eazyos_config.json
2026-06-09 23:05:10,641 - INFO - Config file found, loading...
2026-06-09 23:05:10,642 - INFO - Loaded configuration: {'theme': {'type': 'color', 'color': '#008080', 'wallpaper': None, 'taskbar_color': '#c0c0c0', 'window_title_color': '#000080'}, 'system': {'startup_sound': 'true', 'enable_sounds': 'true', 'show_clock': 'true', 'auto_hide_windows_taskbar': 'true'}}
2026-06-09 23:05:10,642 - WARNING - BIOS system file not found: bios.py
2026-06-09 23:05:10,661 - INFO - Looking for config file at: C:\Users\Jonathan\EazyOS\OS\eazyos_config.json
2026-06-09 23:05:10,661 - INFO - Config file found, loading...
2026-06-09 23:05:10,662 - INFO - Loaded configuration: {'theme': {'type': 'color', 'color': '#008080', 'wallpaper': None, 'taskbar_color': '#c0c0c0', 'window_title_color': '#000080'}, 'system': {'startup_sound': 'true', 'enable_sounds': 'true', 'show_clock': 'true', 'auto_hide_windows_taskbar': 'true'}}
2026-06-09 23:05:10,663 - INFO - Windows taskbar hidden
2026-06-09 23:05:10,663 - INFO - System settings applied: sounds=True, clock=True, auto_hide_taskbar=True
2026-06-09 23:05:10,762 - INFO - Loading saved theme...
2026-06-09 23:05:10,762 - INFO - Looking for config file at: C:\Users\Jonathan\EazyOS\OS\eazyos_config.json
2026-06-09 23:05:10,763 - INFO - Config file found, loading...
2026-06-09 23:05:10,763 - INFO - Loaded configuration: {'theme': {'type': 'color', 'color': '#008080', 'wallpaper': None, 'taskbar_color': '#c0c0c0', 'window_title_color': '#000080'}, 'system': {'startup_sound': 'true', 'enable_sounds': 'true', 'show_clock': 'true', 'auto_hide_windows_taskbar': 'true'}}
2026-06-09 23:05:10,764 - INFO - Applied background color: #008080
2026-06-09 23:05:10,765 - INFO - apply_from_config: type=color, taskbar=#c0c0c0, title_bar=#000080
2026-06-09 23:05:10,767 - INFO - Looking for config file at: C:\Users\Jonathan\EazyOS\OS\eazyos_config.json
2026-06-09 23:05:10,767 - INFO - Config file found, loading...
2026-06-09 23:05:10,768 - INFO - Loaded configuration: {'theme': {'type': 'color', 'color': '#008080', 'wallpaper': None, 'taskbar_color': '#c0c0c0', 'window_title_color': '#000080'}, 'system': {'startup_sound': 'true', 'enable_sounds': 'true', 'show_clock': 'true', 'auto_hide_windows_taskbar': 'true'}}
2026-06-09 23:05:10,773 - INFO - Playing sound: The Microsoft Sound.wav
2026-06-09 23:05:18,126 - INFO - Playing sound: CHORD.wav
2026-06-09 23:06:10,493 - INFO - Looking for config file at: C:\Users\Jonathan\EazyOS\OS\eazyos_config.json
2026-06-09 23:06:10,493 - INFO - Config file found, loading...
2026-06-09 23:06:10,493 - INFO - Loaded configuration: {'theme': {'type': 'color', 'color': '#008080', 'wallpaper': None, 'taskbar_color': '#c0c0c0', 'window_title_color': '#000080'}, 'system': {'startup_sound': 'true', 'enable_sounds': 'true', 'show_clock': 'true', 'auto_hide_windows_taskbar': 'true'}}
2026-06-09 23:06:10,494 - WARNING - BIOS system file not found: bios.py
2026-06-09 23:06:10,513 - INFO - Looking for config file at: C:\Users\Jonathan\EazyOS\OS\eazyos_config.json
2026-06-09 23:06:10,513 - INFO - Config file found, loading...
2026-06-09 23:06:10,513 - INFO - Loaded configuration: {'theme': {'type': 'color', 'color': '#008080', 'wallpaper': None, 'taskbar_color': '#c0c0c0', 'window_title_color': '#000080'}, 'system': {'startup_sound': 'true', 'enable_sounds': 'true', 'show_clock': 'true', 'auto_hide_windows_taskbar': 'true'}}
2026-06-09 23:06:10,515 - INFO - Windows taskbar hidden
2026-06-09 23:06:10,515 - INFO - System settings applied: sounds=True, clock=True, auto_hide_taskbar=True
2026-06-09 23:06:10,614 - INFO - Loading saved theme...
2026-06-09 23:06:10,615 - INFO - Looking for config file at: C:\Users\Jonathan\EazyOS\OS\eazyos_config.json
2026-06-09 23:06:10,615 - INFO - Config file found, loading...
2026-06-09 23:06:10,615 - INFO - Loaded configuration: {'theme': {'type': 'color', 'color': '#008080', 'wallpaper': None, 'taskbar_color': '#c0c0c0', 'window_title_color': '#000080'}, 'system': {'startup_sound': 'true', 'enable_sounds': 'true', 'show_clock': 'true', 'auto_hide_windows_taskbar': 'true'}}
2026-06-09 23:06:10,616 - INFO - Applied background color: #008080
2026-06-09 23:06:10,617 - INFO - apply_from_config: type=color, taskbar=#c0c0c0, title_bar=#000080
2026-06-09 23:06:10,618 - INFO - Looking for config file at: C:\Users\Jonathan\EazyOS\OS\eazyos_config.json
2026-06-09 23:06:10,618 - INFO - Config file found, loading...
2026-06-09 23:06:10,618 - INFO - Loaded configuration: {'theme': {'type': 'color', 'color': '#008080', 'wallpaper': None, 'taskbar_color': '#c0c0c0', 'window_title_color': '#000080'}, 'system': {'startup_sound': 'true', 'enable_sounds': 'true', 'show_clock': 'true', 'auto_hide_windows_taskbar': 'true'}}
2026-06-09 23:06:10,622 - INFO - Playing sound: The Microsoft Sound.wav
2026-06-09 23:06:17,845 - INFO - Playing sound: CHORD.wav
2026-06-09 23:07:42,179 - INFO - Looking for config file at: C:\Users\Jonathan\EazyOS\OS\eazyos_config.json
2026-06-09 23:07:42,179 - INFO - Config file found, loading...
2026-06-09 23:07:42,179 - INFO - Loaded configuration: {'theme': {'type': 'color', 'color': '#008080', 'wallpaper': None, 'taskbar_color': '#c0c0c0', 'window_title_color': '#000080'}, 'system': {'startup_sound': 'true', 'enable_sounds': 'true', 'show_clock': 'true', 'auto_hide_windows_taskbar': 'true'}}
2026-06-09 23:07:42,179 - WARNING - BIOS system file not found: bios.py
2026-06-09 23:07:42,199 - INFO - Looking for config file at: C:\Users\Jonathan\EazyOS\OS\eazyos_config.json
2026-06-09 23:07:42,199 - INFO - Config file found, loading...
2026-06-09 23:07:42,200 - INFO - Loaded configuration: {'theme': {'type': 'color', 'color': '#008080', 'wallpaper': None, 'taskbar_color': '#c0c0c0', 'window_title_color': '#000080'}, 'system': {'startup_sound': 'true', 'enable_sounds': 'true', 'show_clock': 'true', 'auto_hide_windows_taskbar': 'true'}}
2026-06-09 23:07:42,201 - INFO - Windows taskbar hidden
2026-06-09 23:07:42,201 - INFO - System settings applied: sounds=True, clock=True, auto_hide_taskbar=True
2026-06-09 23:07:42,300 - INFO - Loading saved theme...
2026-06-09 23:07:42,300 - INFO - Looking for config file at: C:\Users\Jonathan\EazyOS\OS\eazyos_config.json
2026-06-09 23:07:42,300 - INFO - Config file found, loading...
2026-06-09 23:07:42,301 - INFO - Loaded configuration: {'theme': {'type': 'color', 'color': '#008080', 'wallpaper': None, 'taskbar_color': '#c0c0c0', 'window_title_color': '#000080'}, 'system': {'startup_sound': 'true', 'enable_sounds': 'true', 'show_clock': 'true', 'auto_hide_windows_taskbar': 'true'}}
2026-06-09 23:07:42,302 - INFO - Applied background color: #008080
2026-06-09 23:07:42,302 - INFO - apply_from_config: type=color, taskbar=#c0c0c0, title_bar=#000080
2026-06-09 23:07:42,304 - INFO - Looking for config file at: C:\Users\Jonathan\EazyOS\OS\eazyos_config.json
2026-06-09 23:07:42,304 - INFO - Config file found, loading...
2026-06-09 23:07:42,304 - INFO - Loaded configuration: {'theme': {'type': 'color', 'color': '#008080', 'wallpaper': None, 'taskbar_color': '#c0c0c0', 'window_title_color': '#000080'}, 'system': {'startup_sound': 'true', 'enable_sounds': 'true', 'show_clock': 'true', 'auto_hide_windows_taskbar': 'true'}}
2026-06-09 23:07:42,309 - INFO - Playing sound: The Microsoft Sound.wav
2026-06-09 23:07:49,529 - INFO - Playing sound: CHORD.wav
2026-06-09 23:07:53,128 - INFO - Windows taskbar restored
2026-06-09 23:09:29,179 - INFO - Looking for config file at: C:\Users\Jonathan\EazyOS\OS\eazyos_config.json
2026-06-09 23:09:29,180 - INFO - Config file found, loading...
2026-06-09 23:09:29,180 - INFO - Loaded configuration: {'theme': {'type': 'color', 'color': '#008080', 'wallpaper': None, 'taskbar_color': '#c0c0c0', 'window_title_color': '#000080'}, 'system': {'startup_sound': 'true', 'enable_sounds': 'true', 'show_clock': 'true', 'auto_hide_windows_taskbar': 'true'}}
2026-06-09 23:09:29,180 - WARNING - BIOS system file not found: bios.py
2026-06-09 23:09:29,199 - INFO - Looking for config file at: C:\Users\Jonathan\EazyOS\OS\eazyos_config.json
2026-06-09 23:09:29,199 - INFO - Config file found, loading...
2026-06-09 23:09:29,200 - INFO - Loaded configuration: {'theme': {'type': 'color', 'color': '#008080', 'wallpaper': None, 'taskbar_color': '#c0c0c0', 'window_title_color': '#000080'}, 'system': {'startup_sound': 'true', 'enable_sounds': 'true', 'show_clock': 'true', 'auto_hide_windows_taskbar': 'true'}}
2026-06-09 23:09:29,201 - INFO - Windows taskbar hidden
2026-06-09 23:09:29,201 - INFO - System settings applied: sounds=True, clock=True, auto_hide_taskbar=True
2026-06-09 23:09:29,300 - INFO - Loading saved theme...
2026-06-09 23:09:29,300 - INFO - Looking for config file at: C:\Users\Jonathan\EazyOS\OS\eazyos_config.json
2026-06-09 23:09:29,300 - INFO - Config file found, loading...
2026-06-09 23:09:29,301 - INFO - Loaded configuration: {'theme': {'type': 'color', 'color': '#008080', 'wallpaper': None, 'taskbar_color': '#c0c0c0', 'window_title_color': '#000080'}, 'system': {'startup_sound': 'true', 'enable_sounds': 'true', 'show_clock': 'true', 'auto_hide_windows_taskbar': 'true'}}
2026-06-09 23:09:29,301 - INFO - Applied background color: #008080
2026-06-09 23:09:29,302 - INFO - apply_from_config: type=color, taskbar=#c0c0c0, title_bar=#000080
2026-06-09 23:09:29,304 - INFO - Looking for config file at: C:\Users\Jonathan\EazyOS\OS\eazyos_config.json
2026-06-09 23:09:29,304 - INFO - Config file found, loading...
2026-06-09 23:09:29,304 - INFO - Loaded configuration: {'theme': {'type': 'color', 'color': '#008080', 'wallpaper': None, 'taskbar_color': '#c0c0c0', 'window_title_color': '#000080'}, 'system': {'startup_sound': 'true', 'enable_sounds': 'true', 'show_clock': 'true', 'auto_hide_windows_taskbar': 'true'}}
2026-06-09 23:09:29,306 - INFO - Playing sound: The Microsoft Sound.wav
2026-06-09 23:09:36,625 - INFO - Playing sound: CHORD.wav
2026-06-09 23:09:59,550 - INFO - Looking for config file at: C:\Users\Jonathan\EazyOS\OS\eazyos_config.json
2026-06-09 23:09:59,551 - INFO - Config file found, loading...
2026-06-09 23:09:59,551 - INFO - Loaded configuration: {'theme': {'type': 'color', 'color': '#008080', 'wallpaper': None, 'taskbar_color': '#c0c0c0', 'window_title_color': '#000080'}, 'system': {'startup_sound': 'true', 'enable_sounds': 'true', 'show_clock': 'true', 'auto_hide_windows_taskbar': 'true'}}
2026-06-09 23:09:59,551 - WARNING - BIOS system file not found: bios.py
2026-06-09 23:09:59,570 - INFO - Looking for config file at: C:\Users\Jonathan\EazyOS\OS\eazyos_config.json
2026-06-09 23:09:59,570 - INFO - Config file found, loading...
2026-06-09 23:09:59,571 - INFO - Loaded configuration: {'theme': {'type': 'color', 'color': '#008080', 'wallpaper': None, 'taskbar_color': '#c0c0c0', 'window_title_color': '#000080'}, 'system': {'startup_sound': 'true', 'enable_sounds': 'true', 'show_clock': 'true', 'auto_hide_windows_taskbar': 'true'}}
2026-06-09 23:09:59,572 - INFO - Windows taskbar hidden
2026-06-09 23:09:59,572 - INFO - System settings applied: sounds=True, clock=True, auto_hide_taskbar=True
2026-06-09 23:09:59,671 - INFO - Loading saved theme...
2026-06-09 23:09:59,671 - INFO - Looking for config file at: C:\Users\Jonathan\EazyOS\OS\eazyos_config.json
2026-06-09 23:09:59,671 - INFO - Config file found, loading...
2026-06-09 23:09:59,671 - INFO - Loaded configuration: {'theme': {'type': 'color', 'color': '#008080', 'wallpaper': None, 'taskbar_color': '#c0c0c0', 'window_title_color': '#000080'}, 'system': {'startup_sound': 'true', 'enable_sounds': 'true', 'show_clock': 'true', 'auto_hide_windows_taskbar': 'true'}}
2026-06-09 23:09:59,672 - INFO - Applied background color: #008080
2026-06-09 23:09:59,673 - INFO - apply_from_config: type=color, taskbar=#c0c0c0, title_bar=#000080
2026-06-09 23:09:59,673 - INFO - Looking for config file at: C:\Users\Jonathan\EazyOS\OS\eazyos_config.json
2026-06-09 23:09:59,673 - INFO - Config file found, loading...
2026-06-09 23:09:59,674 - INFO - Loaded configuration: {'theme': {'type': 'color', 'color': '#008080', 'wallpaper': None, 'taskbar_color': '#c0c0c0', 'window_title_color': '#000080'}, 'system': {'startup_sound': 'true', 'enable_sounds': 'true', 'show_clock': 'true', 'auto_hide_windows_taskbar': 'true'}}
2026-06-09 23:09:59,677 - INFO - Playing sound: The Microsoft Sound.wav
2026-06-09 23:10:06,886 - INFO - Playing sound: CHORD.wav
2026-06-09 23:10:25,137 - INFO - Playing sound: DING.wav
2026-06-09 23:10:26,138 - INFO - Playing sound: DING.wav
2026-06-09 23:10:26,977 - INFO - Playing sound: shutdown.wav
2026-06-09 23:10:30,978 - INFO - Windows taskbar restored
2026-06-09 23:10:35,344 - INFO - Windows taskbar restored
2026-06-09 23:10:45,594 - INFO - Looking for config file at: C:\Users\Jonathan\EazyOS\OS\eazyos_config.json
2026-06-09 23:10:45,594 - INFO - Config file found, loading...
2026-06-09 23:10:45,594 - INFO - Loaded configuration: {'theme': {'type': 'color', 'color': '#008080', 'wallpaper': None, 'taskbar_color': '#c0c0c0', 'window_title_color': '#000080'}, 'system': {'startup_sound': 'true', 'enable_sounds': 'true', 'show_clock': 'true', 'auto_hide_windows_taskbar': 'true'}}
2026-06-09 23:10:45,595 - WARNING - BIOS system file not found: bios.py
2026-06-09 23:10:45,613 - INFO - Looking for config file at: C:\Users\Jonathan\EazyOS\OS\eazyos_config.json
2026-06-09 23:10:45,613 - INFO - Config file found, loading...
2026-06-09 23:10:45,614 - INFO - Loaded configuration: {'theme': {'type': 'color', 'color': '#008080', 'wallpaper': None, 'taskbar_color': '#c0c0c0', 'window_title_color': '#000080'}, 'system': {'startup_sound': 'true', 'enable_sounds': 'true', 'show_clock': 'true', 'auto_hide_windows_taskbar': 'true'}}
2026-06-09 23:10:45,615 - INFO - Windows taskbar hidden
2026-06-09 23:10:45,615 - INFO - System settings applied: sounds=True, clock=True, auto_hide_taskbar=True
2026-06-09 23:10:45,714 - INFO - Loading saved theme...
2026-06-09 23:10:45,714 - INFO - Looking for config file at: C:\Users\Jonathan\EazyOS\OS\eazyos_config.json
2026-06-09 23:10:45,714 - INFO - Config file found, loading...
2026-06-09 23:10:45,715 - INFO - Loaded configuration: {'theme': {'type': 'color', 'color': '#008080', 'wallpaper': None, 'taskbar_color': '#c0c0c0', 'window_title_color': '#000080'}, 'system': {'startup_sound': 'true', 'enable_sounds': 'true', 'show_clock': 'true', 'auto_hide_windows_taskbar': 'true'}}
2026-06-09 23:10:45,715 - INFO - Applied background color: #008080
2026-06-09 23:10:45,716 - INFO - apply_from_config: type=color, taskbar=#c0c0c0, title_bar=#000080
2026-06-09 23:10:45,716 - INFO - Looking for config file at: C:\Users\Jonathan\EazyOS\OS\eazyos_config.json
2026-06-09 23:10:45,717 - INFO - Config file found, loading...
2026-06-09 23:10:45,717 - INFO - Loaded configuration: {'theme': {'type': 'color', 'color': '#008080', 'wallpaper': None, 'taskbar_color': '#c0c0c0', 'window_title_color': '#000080'}, 'system': {'startup_sound': 'true', 'enable_sounds': 'true', 'show_clock': 'true', 'auto_hide_windows_taskbar': 'true'}}
2026-06-09 23:10:45,719 - INFO - Playing sound: The Microsoft Sound.wav
2026-06-09 23:10:47,641 - INFO - Windows taskbar restored
2026-06-09 23:11:00,709 - INFO - Looking for config file at: C:\Users\Jonathan\EazyOS\OS\boot\safemode\OS\eazyos_config.json
2026-06-09 23:11:00,709 - INFO - Config file found, loading...
2026-06-09 23:11:00,709 - INFO - Loaded configuration: {'theme': {'type': 'color', 'color': '#000000', 'wallpaper': None, 'taskbar_color': '#c0c0c0', 'window_title_color': '#000080'}, 'system': {'startup_sound': 'false', 'enable_sounds': 'false', 'show_clock': 'true', 'auto_hide_windows_taskbar': 'true'}}
2026-06-09 23:11:00,710 - WARNING - BIOS system file not found: bios.py
2026-06-09 23:11:00,720 - INFO - Looking for config file at: C:\Users\Jonathan\EazyOS\OS\boot\safemode\OS\eazyos_config.json
2026-06-09 23:11:00,720 - INFO - Config file found, loading...
2026-06-09 23:11:00,720 - INFO - Loaded configuration: {'theme': {'type': 'color', 'color': '#000000', 'wallpaper': None, 'taskbar_color': '#c0c0c0', 'window_title_color': '#000080'}, 'system': {'startup_sound': 'false', 'enable_sounds': 'false', 'show_clock': 'true', 'auto_hide_windows_taskbar': 'true'}}
2026-06-09 23:11:00,722 - INFO - Windows taskbar hidden
2026-06-09 23:11:00,722 - INFO - System settings applied: sounds=False, clock=True, auto_hide_taskbar=True
2026-06-09 23:11:00,722 - INFO - Looking for config file at: C:\Users\Jonathan\EazyOS\OS\boot\safemode\OS\eazyos_config.json
2026-06-09 23:11:00,722 - INFO - Config file found, loading...
2026-06-09 23:11:00,723 - INFO - Loaded configuration: {'theme': {'type': 'color', 'color': '#000000', 'wallpaper': None, 'taskbar_color': '#c0c0c0', 'window_title_color': '#000080'}, 'system': {'startup_sound': 'false', 'enable_sounds': 'false', 'show_clock': 'true', 'auto_hide_windows_taskbar': 'true'}}
2026-06-09 23:11:00,723 - INFO - EazyOS Desktop initialized successfully
2026-06-09 23:11:00,829 - INFO - Loading saved theme...
2026-06-09 23:11:00,829 - INFO - Looking for config file at: C:\Users\Jonathan\EazyOS\OS\boot\safemode\OS\eazyos_config.json
2026-06-09 23:11:00,830 - INFO - Config file found, loading...
2026-06-09 23:11:00,830 - INFO - Loaded configuration: {'theme': {'type': 'color', 'color': '#000000', 'wallpaper': None, 'taskbar_color': '#c0c0c0', 'window_title_color': '#000080'}, 'system': {'startup_sound': 'false', 'enable_sounds': 'false', 'show_clock': 'true', 'auto_hide_windows_taskbar': 'true'}}
2026-06-09 23:11:00,830 - INFO - Applied background color: #000000
2026-06-09 23:11:00,831 - INFO - apply_from_config: type=color, taskbar=#c0c0c0, title_bar=#000080
2026-06-09 23:11:49,323 - INFO - Windows taskbar restored
2026-06-10 07:07:40,105 - INFO - Looking for config file at: C:\Users\Jonathan\EazyOS\OS\eazyos_config.json
2026-06-10 07:07:40,105 - INFO - Config file found, loading...
2026-06-10 07:07:40,106 - INFO - Loaded configuration: {'theme': {'type': 'color', 'color': '#008080', 'wallpaper': None, 'taskbar_color': '#c0c0c0', 'window_title_color': '#000080'}, 'system': {'startup_sound': 'true', 'enable_sounds': 'true', 'show_clock': 'true', 'auto_hide_windows_taskbar': 'true'}}
2026-06-10 07:07:40,106 - WARNING - BIOS system file not found: bios.py
2026-06-10 07:07:40,126 - INFO - Looking for config file at: C:\Users\Jonathan\EazyOS\OS\eazyos_config.json
2026-06-10 07:07:40,127 - INFO - Config file found, loading...
2026-06-10 07:07:40,127 - INFO - Loaded configuration: {'theme': {'type': 'color', 'color': '#008080', 'wallpaper': None, 'taskbar_color': '#c0c0c0', 'window_title_color': '#000080'}, 'system': {'startup_sound': 'true', 'enable_sounds': 'true', 'show_clock': 'true', 'auto_hide_windows_taskbar': 'true'}}
2026-06-10 07:07:40,128 - INFO - Windows taskbar hidden
2026-06-10 07:07:40,128 - INFO - System settings applied: sounds=True, clock=True, auto_hide_taskbar=True
2026-06-10 07:07:40,227 - INFO - Loading saved theme...
2026-06-10 07:07:40,227 - INFO - Looking for config file at: C:\Users\Jonathan\EazyOS\OS\eazyos_config.json
2026-06-10 07:07:40,227 - INFO - Config file found, loading...
2026-06-10 07:07:40,228 - INFO - Loaded configuration: {'theme': {'type': 'color', 'color': '#008080', 'wallpaper': None, 'taskbar_color': '#c0c0c0', 'window_title_color': '#000080'}, 'system': {'startup_sound': 'true', 'enable_sounds': 'true', 'show_clock': 'true', 'auto_hide_windows_taskbar': 'true'}}
2026-06-10 07:07:40,228 - INFO - Applied background color: #008080
2026-06-10 07:07:40,229 - INFO - apply_from_config: type=color, taskbar=#c0c0c0, title_bar=#000080
2026-06-10 07:07:40,229 - INFO - Looking for config file at: C:\Users\Jonathan\EazyOS\OS\eazyos_config.json
2026-06-10 07:07:40,229 - INFO - Config file found, loading...
2026-06-10 07:07:40,230 - INFO - Loaded configuration: {'theme': {'type': 'color', 'color': '#008080', 'wallpaper': None, 'taskbar_color': '#c0c0c0', 'window_title_color': '#000080'}, 'system': {'startup_sound': 'true', 'enable_sounds': 'true', 'show_clock': 'true', 'auto_hide_windows_taskbar': 'true'}}
2026-06-10 07:07:40,231 - INFO - Playing sound: The Microsoft Sound.wav
2026-06-10 07:07:42,823 - INFO - Windows taskbar restored
2026-06-10 07:07:52,288 - INFO - Looking for config file at: C:\Users\Jonathan\EazyOS\OS\boot\safemode\OS\eazyos_config.json
2026-06-10 07:07:52,289 - INFO - Config file found, loading...
2026-06-10 07:07:52,289 - INFO - Loaded configuration: {'theme': {'type': 'color', 'color': '#000000', 'wallpaper': None, 'taskbar_color': '#c0c0c0', 'window_title_color': '#000080'}, 'system': {'startup_sound': 'false', 'enable_sounds': 'false', 'show_clock': 'true', 'auto_hide_windows_taskbar': 'true'}}
2026-06-10 07:07:52,289 - WARNING - BIOS system file not found: bios.py
2026-06-10 07:07:52,302 - INFO - Looking for config file at: C:\Users\Jonathan\EazyOS\OS\boot\safemode\OS\eazyos_config.json
2026-06-10 07:07:52,302 - INFO - Config file found, loading...
2026-06-10 07:07:52,303 - INFO - Loaded configuration: {'theme': {'type': 'color', 'color': '#000000', 'wallpaper': None, 'taskbar_color': '#c0c0c0', 'window_title_color': '#000080'}, 'system': {'startup_sound': 'false', 'enable_sounds': 'false', 'show_clock': 'true', 'auto_hide_windows_taskbar': 'true'}}
2026-06-10 07:07:52,304 - INFO - Windows taskbar hidden
2026-06-10 07:07:52,304 - INFO - System settings applied: sounds=False, clock=True, auto_hide_taskbar=True
2026-06-10 07:07:52,304 - INFO - Looking for config file at: C:\Users\Jonathan\EazyOS\OS\boot\safemode\OS\eazyos_config.json
2026-06-10 07:07:52,305 - INFO - Config file found, loading...
2026-06-10 07:07:52,305 - INFO - Loaded configuration: {'theme': {'type': 'color', 'color': '#000000', 'wallpaper': None, 'taskbar_color': '#c0c0c0', 'window_title_color': '#000080'}, 'system': {'startup_sound': 'false', 'enable_sounds': 'false', 'show_clock': 'true', 'auto_hide_windows_taskbar': 'true'}}
2026-06-10 07:07:52,305 - INFO - EazyOS Desktop initialized successfully
2026-06-10 07:07:52,402 - INFO - Loading saved theme...
2026-06-10 07:07:52,402 - INFO - Looking for config file at: C:\Users\Jonathan\EazyOS\OS\boot\safemode\OS\eazyos_config.json
2026-06-10 07:07:52,403 - INFO - Config file found, loading...
2026-06-10 07:07:52,403 - INFO - Loaded configuration: {'theme': {'type': 'color', 'color': '#000000', 'wallpaper': None, 'taskbar_color': '#c0c0c0', 'window_title_color': '#000080'}, 'system': {'startup_sound': 'false', 'enable_sounds': 'false', 'show_clock': 'true', 'auto_hide_windows_taskbar': 'true'}}
2026-06-10 07:07:52,403 - INFO - Applied background color: #000000
2026-06-10 07:07:52,404 - INFO - apply_from_config: type=color, taskbar=#c0c0c0, title_bar=#000080
2026-06-10 07:08:08,391 - INFO - Windows taskbar restored
2026-06-10 07:12:56,107 - INFO - Looking for config file at: C:\Users\Jonathan\EazyOS\OS\boot\safemode\OS\eazyos_config.json
2026-06-10 07:12:56,107 - INFO - Config file found, loading...
2026-06-10 07:12:56,108 - INFO - Loaded configuration: {'theme': {'type': 'color', 'color': '#000000', 'wallpaper': None, 'taskbar_color': '#c0c0c0', 'window_title_color': '#000080'}, 'system': {'startup_sound': 'false', 'enable_sounds': 'false', 'show_clock': 'true', 'auto_hide_windows_taskbar': 'true'}}
2026-06-10 07:12:56,108 - WARNING - BIOS system file not found: bios.py
2026-06-10 07:12:56,120 - INFO - Looking for config file at: C:\Users\Jonathan\EazyOS\OS\boot\safemode\OS\eazyos_config.json
2026-06-10 07:12:56,121 - INFO - Config file found, loading...
2026-06-10 07:12:56,121 - INFO - Loaded configuration: {'theme': {'type': 'color', 'color': '#000000', 'wallpaper': None, 'taskbar_color': '#c0c0c0', 'window_title_color': '#000080'}, 'system': {'startup_sound': 'false', 'enable_sounds': 'false', 'show_clock': 'true', 'auto_hide_windows_taskbar': 'true'}}
2026-06-10 07:12:56,122 - INFO - Windows taskbar hidden
2026-06-10 07:12:56,122 - INFO - System settings applied: sounds=False, clock=True, auto_hide_taskbar=True
2026-06-10 07:12:56,123 - INFO - Looking for config file at: C:\Users\Jonathan\EazyOS\OS\boot\safemode\OS\eazyos_config.json
2026-06-10 07:12:56,123 - INFO - Config file found, loading...
2026-06-10 07:12:56,123 - INFO - Loaded configuration: {'theme': {'type': 'color', 'color': '#000000', 'wallpaper': None, 'taskbar_color': '#c0c0c0', 'window_title_color': '#000080'}, 'system': {'startup_sound': 'false', 'enable_sounds': 'false', 'show_clock': 'true', 'auto_hide_windows_taskbar': 'true'}}
2026-06-10 07:12:56,123 - INFO - EazyOS Desktop initialized successfully
2026-06-10 07:12:56,220 - INFO - Loading saved theme...
2026-06-10 07:12:56,221 - INFO - Looking for config file at: C:\Users\Jonathan\EazyOS\OS\boot\safemode\OS\eazyos_config.json
2026-06-10 07:12:56,221 - INFO - Config file found, loading...
2026-06-10 07:12:56,221 - INFO - Loaded configuration: {'theme': {'type': 'color', 'color': '#000000', 'wallpaper': None, 'taskbar_color': '#c0c0c0', 'window_title_color': '#000080'}, 'system': {'startup_sound': 'false', 'enable_sounds': 'false', 'show_clock': 'true', 'auto_hide_windows_taskbar': 'true'}}
2026-06-10 07:12:56,221 - INFO - Applied background color: #000000
2026-06-10 07:12:56,222 - INFO - apply_from_config: type=color, taskbar=#c0c0c0, title_bar=#000080
2026-06-10 07:13:18,562 - INFO - Looking for config file at: C:\Users\Jonathan\EazyOS\OS\eazyos_config.json
2026-06-10 07:13:18,563 - INFO - Config file found, loading...
2026-06-10 07:13:18,563 - INFO - Loaded configuration: {'theme': {'type': 'color', 'color': '#008080', 'wallpaper': None, 'taskbar_color': '#c0c0c0', 'window_title_color': '#000080'}, 'system': {'startup_sound': 'true', 'enable_sounds': 'true', 'show_clock': 'true', 'auto_hide_windows_taskbar': 'true'}}
2026-06-10 07:13:18,563 - WARNING - BIOS system file not found: bios.py
2026-06-10 07:13:18,583 - INFO - Looking for config file at: C:\Users\Jonathan\EazyOS\OS\eazyos_config.json
2026-06-10 07:13:18,583 - INFO - Config file found, loading...
2026-06-10 07:13:18,583 - INFO - Loaded configuration: {'theme': {'type': 'color', 'color': '#008080', 'wallpaper': None, 'taskbar_color': '#c0c0c0', 'window_title_color': '#000080'}, 'system': {'startup_sound': 'true', 'enable_sounds': 'true', 'show_clock': 'true', 'auto_hide_windows_taskbar': 'true'}}
2026-06-10 07:13:18,583 - INFO - Windows taskbar hidden
2026-06-10 07:13:18,583 - INFO - System settings applied: sounds=True, clock=True, auto_hide_taskbar=True
2026-06-10 07:13:18,683 - INFO - Loading saved theme...
2026-06-10 07:13:18,683 - INFO - Looking for config file at: C:\Users\Jonathan\EazyOS\OS\eazyos_config.json
2026-06-10 07:13:18,684 - INFO - Config file found, loading...
2026-06-10 07:13:18,684 - INFO - Loaded configuration: {'theme': {'type': 'color', 'color': '#008080', 'wallpaper': None, 'taskbar_color': '#c0c0c0', 'window_title_color': '#000080'}, 'system': {'startup_sound': 'true', 'enable_sounds': 'true', 'show_clock': 'true', 'auto_hide_windows_taskbar': 'true'}}
2026-06-10 07:13:18,685 - INFO - Applied background color: #008080
2026-06-10 07:13:18,686 - INFO - apply_from_config: type=color, taskbar=#c0c0c0, title_bar=#000080
2026-06-10 07:13:18,687 - INFO - Looking for config file at: C:\Users\Jonathan\EazyOS\OS\eazyos_config.json
2026-06-10 07:13:18,687 - INFO - Config file found, loading...
2026-06-10 07:13:18,687 - INFO - Loaded configuration: {'theme': {'type': 'color', 'color': '#008080', 'wallpaper': None, 'taskbar_color': '#c0c0c0', 'window_title_color': '#000080'}, 'system': {'startup_sound': 'true', 'enable_sounds': 'true', 'show_clock': 'true', 'auto_hide_windows_taskbar': 'true'}}
2026-06-10 07:13:18,689 - INFO - Playing sound: The Microsoft Sound.wav
2026-06-10 07:13:19,144 - INFO - Windows taskbar restored
2026-06-10 07:14:25,584 - INFO - Looking for config file at: C:\Users\Jonathan\EazyOS\OS\boot\safemode\OS\eazyos_config.json
2026-06-10 07:14:25,585 - INFO - Config file found, loading...
2026-06-10 07:14:25,585 - INFO - Loaded configuration: {'theme': {'type': 'color', 'color': '#000000', 'wallpaper': None, 'taskbar_color': '#c0c0c0', 'window_title_color': '#000080'}, 'system': {'startup_sound': 'false', 'enable_sounds': 'false', 'show_clock': 'true', 'auto_hide_windows_taskbar': 'true'}}
2026-06-10 07:14:25,585 - WARNING - BIOS system file not found: bios.py
2026-06-10 07:14:25,597 - INFO - Looking for config file at: C:\Users\Jonathan\EazyOS\OS\boot\safemode\OS\eazyos_config.json
2026-06-10 07:14:25,598 - INFO - Config file found, loading...
2026-06-10 07:14:25,598 - INFO - Loaded configuration: {'theme': {'type': 'color', 'color': '#000000', 'wallpaper': None, 'taskbar_color': '#c0c0c0', 'window_title_color': '#000080'}, 'system': {'startup_sound': 'false', 'enable_sounds': 'false', 'show_clock': 'true', 'auto_hide_windows_taskbar': 'true'}}
2026-06-10 07:14:25,600 - INFO - Windows taskbar hidden
2026-06-10 07:14:25,600 - INFO - System settings applied: sounds=False, clock=True, auto_hide_taskbar=True
2026-06-10 07:14:25,601 - INFO - Looking for config file at: C:\Users\Jonathan\EazyOS\OS\boot\safemode\OS\eazyos_config.json
2026-06-10 07:14:25,601 - INFO - Config file found, loading...
2026-06-10 07:14:25,601 - INFO - Loaded configuration: {'theme': {'type': 'color', 'color': '#000000', 'wallpaper': None, 'taskbar_color': '#c0c0c0', 'window_title_color': '#000080'}, 'system': {'startup_sound': 'false', 'enable_sounds': 'false', 'show_clock': 'true', 'auto_hide_windows_taskbar': 'true'}}
2026-06-10 07:14:25,601 - INFO - EazyOS Desktop initialized successfully
2026-06-10 07:14:25,698 - INFO - Loading saved theme...
2026-06-10 07:14:25,698 - INFO - Looking for config file at: C:\Users\Jonathan\EazyOS\OS\boot\safemode\OS\eazyos_config.json
2026-06-10 07:14:25,698 - INFO - Config file found, loading...
2026-06-10 07:14:25,698 - INFO - Loaded configuration: {'theme': {'type': 'color', 'color': '#000000', 'wallpaper': None, 'taskbar_color': '#c0c0c0', 'window_title_color': '#000080'}, 'system': {'startup_sound': 'false', 'enable_sounds': 'false', 'show_clock': 'true', 'auto_hide_windows_taskbar': 'true'}}
2026-06-10 07:14:25,699 - INFO - Applied background color: #000000
2026-06-10 07:14:25,699 - INFO - apply_from_config: type=color, taskbar=#c0c0c0, title_bar=#000080
2026-06-10 07:14:43,680 - INFO - Windows taskbar restored
2026-06-10 07:15:06,195 - INFO - Looking for config file at: C:\Users\Jonathan\EazyOS\OS\boot\safemode\OS\eazyos_config.json
2026-06-10 07:15:06,195 - INFO - Config file found, loading...
2026-06-10 07:15:06,196 - INFO - Loaded configuration: {'theme': {'type': 'color', 'color': '#000000', 'wallpaper': None, 'taskbar_color': '#c0c0c0', 'window_title_color': '#000080'}, 'system': {'startup_sound': 'false', 'enable_sounds': 'false', 'show_clock': 'true', 'auto_hide_windows_taskbar': 'true'}}
2026-06-10 07:15:06,196 - WARNING - BIOS system file not found: bios.py
2026-06-10 07:15:06,208 - INFO - Looking for config file at: C:\Users\Jonathan\EazyOS\OS\boot\safemode\OS\eazyos_config.json
2026-06-10 07:15:06,208 - INFO - Config file found, loading...
2026-06-10 07:15:06,208 - INFO - Loaded configuration: {'theme': {'type': 'color', 'color': '#000000', 'wallpaper': None, 'taskbar_color': '#c0c0c0', 'window_title_color': '#000080'}, 'system': {'startup_sound': 'false', 'enable_sounds': 'false', 'show_clock': 'true', 'auto_hide_windows_taskbar': 'true'}}
2026-06-10 07:15:06,210 - INFO - Windows taskbar hidden
2026-06-10 07:15:06,210 - INFO - System settings applied: sounds=False, clock=True, auto_hide_taskbar=True
2026-06-10 07:15:06,210 - INFO - Looking for config file at: C:\Users\Jonathan\EazyOS\OS\boot\safemode\OS\eazyos_config.json
2026-06-10 07:15:06,211 - INFO - Config file found, loading...
2026-06-10 07:15:06,211 - INFO - Loaded configuration: {'theme': {'type': 'color', 'color': '#000000', 'wallpaper': None, 'taskbar_color': '#c0c0c0', 'window_title_color': '#000080'}, 'system': {'startup_sound': 'false', 'enable_sounds': 'false', 'show_clock': 'true', 'auto_hide_windows_taskbar': 'true'}}
2026-06-10 07:15:06,211 - INFO - EazyOS Desktop initialized successfully
2026-06-10 07:15:06,308 - INFO - Loading saved theme...
2026-06-10 07:15:06,308 - INFO - Looking for config file at: C:\Users\Jonathan\EazyOS\OS\boot\safemode\OS\eazyos_config.json
2026-06-10 07:15:06,308 - INFO - Config file found, loading...
2026-06-10 07:15:06,309 - INFO - Loaded configuration: {'theme': {'type': 'color', 'color': '#000000', 'wallpaper': None, 'taskbar_color': '#c0c0c0', 'window_title_color': '#000080'}, 'system': {'startup_sound': 'false', 'enable_sounds': 'false', 'show_clock': 'true', 'auto_hide_windows_taskbar': 'true'}}
2026-06-10 07:15:06,309 - INFO - Applied background color: #000000
2026-06-10 07:15:06,309 - INFO - apply_from_config: type=color, taskbar=#c0c0c0, title_bar=#000080
2026-06-10 07:16:06,349 - INFO - Config file changed — reloading settings
2026-06-10 07:16:06,350 - INFO - Looking for config file at: C:\Users\Jonathan\EazyOS\OS\boot\safemode\OS\eazyos_config.json
2026-06-10 07:16:06,350 - INFO - Config file found, loading...
2026-06-10 07:16:06,351 - INFO - Loaded configuration: {'theme': {'type': 'color', 'color': '#56674', 'wallpaper': None, 'taskbar_color': '#c0c0c0', 'window_title_color': '#000080'}, 'system': {'startup_sound': 'false', 'enable_sounds': 'false', 'show_clock': 'true', 'auto_hide_windows_taskbar': 'true'}}
2026-06-10 07:16:06,351 - ERROR - Config poll error: invalid color name "#56674"
2026-06-10 07:16:32,406 - INFO - Config file changed — reloading settings
2026-06-10 07:16:32,407 - INFO - Looking for config file at: C:\Users\Jonathan\EazyOS\OS\boot\safemode\OS\eazyos_config.json
2026-06-10 07:16:32,408 - INFO - Config file found, loading...
2026-06-10 07:16:32,409 - INFO - Loaded configuration: {'theme': {'type': 'color', 'color': '#56674', 'wallpaper': None, 'taskbar_color': '#c0c0c0', 'window_title_color': '#000080'}, 'system': {'startup_sound': 'false', 'enable_sounds': 'false', 'show_clock': 'true', 'auto_hide_windows_taskbar': 'true'}}
2026-06-10 07:16:32,410 - ERROR - Config poll error: invalid color name "#56674"
2026-06-10 07:16:40,432 - INFO - Config file changed — reloading settings
2026-06-10 07:16:40,433 - INFO - Looking for config file at: C:\Users\Jonathan\EazyOS\OS\boot\safemode\OS\eazyos_config.json
2026-06-10 07:16:40,433 - INFO - Config file found, loading...
2026-06-10 07:16:40,433 - INFO - Loaded configuration: {'theme': {'type': 'color', 'color': '#5667', 'wallpaper': None, 'taskbar_color': '#c0c0c0', 'window_title_color': '#000080'}, 'system': {'startup_sound': 'false', 'enable_sounds': 'false', 'show_clock': 'true', 'auto_hide_windows_taskbar': 'true'}}
2026-06-10 07:16:40,433 - ERROR - Config poll error: invalid color name "#5667"
2026-06-10 07:17:04,507 - INFO - Config file changed — reloading settings
2026-06-10 07:17:04,507 - INFO - Looking for config file at: C:\Users\Jonathan\EazyOS\OS\boot\safemode\OS\eazyos_config.json
2026-06-10 07:17:04,507 - INFO - Config file found, loading...
2026-06-10 07:17:04,508 - INFO - Loaded configuration: {'theme': {'type': 'color', 'color': '#675645', 'wallpaper': None, 'taskbar_color': '#c0c0c0', 'window_title_color': '#000080'}, 'system': {'startup_sound': 'false', 'enable_sounds': 'false', 'show_clock': 'true', 'auto_hide_windows_taskbar': 'true'}}
2026-06-10 07:17:04,511 - INFO - Applied background color: #675645
2026-06-10 07:17:04,512 - INFO - apply_from_config: type=color, taskbar=#c0c0c0, title_bar=#000080
2026-06-10 07:17:04,512 - INFO - Looking for config file at: C:\Users\Jonathan\EazyOS\OS\boot\safemode\OS\eazyos_config.json
2026-06-10 07:17:04,513 - INFO - Config file found, loading...
2026-06-10 07:17:04,513 - INFO - Loaded configuration: {'theme': {'type': 'color', 'color': '#675645', 'wallpaper': None, 'taskbar_color': '#c0c0c0', 'window_title_color': '#000080'}, 'system': {'startup_sound': 'false', 'enable_sounds': 'false', 'show_clock': 'true', 'auto_hide_windows_taskbar': 'true'}}
2026-06-10 07:17:04,513 - INFO - System settings applied: sounds=False, clock=True, auto_hide_taskbar=True
2026-06-10 07:17:16,549 - INFO - Config file changed — reloading settings
2026-06-10 07:17:16,549 - INFO - Looking for config file at: C:\Users\Jonathan\EazyOS\OS\boot\safemode\OS\eazyos_config.json
2026-06-10 07:17:16,550 - INFO - Config file found, loading...
2026-06-10 07:17:16,550 - INFO - Loaded configuration: {'theme': {'type': 'color', 'color': '#674567', 'wallpaper': None, 'taskbar_color': '#c0c0c0', 'window_title_color': '#000080'}, 'system': {'startup_sound': 'false', 'enable_sounds': 'false', 'show_clock': 'true', 'auto_hide_windows_taskbar': 'true'}}
2026-06-10 07:17:16,555 - INFO - Applied background color: #674567
2026-06-10 07:17:16,556 - INFO - apply_from_config: type=color, taskbar=#c0c0c0, title_bar=#000080
2026-06-10 07:17:16,557 - INFO - Looking for config file at: C:\Users\Jonathan\EazyOS\OS\boot\safemode\OS\eazyos_config.json
2026-06-10 07:17:16,557 - INFO - Config file found, loading...
2026-06-10 07:17:16,557 - INFO - Loaded configuration: {'theme': {'type': 'color', 'color': '#674567', 'wallpaper': None, 'taskbar_color': '#c0c0c0', 'window_title_color': '#000080'}, 'system': {'startup_sound': 'false', 'enable_sounds': 'false', 'show_clock': 'true', 'auto_hide_windows_taskbar': 'true'}}
2026-06-10 07:17:16,557 - INFO - System settings applied: sounds=False, clock=True, auto_hide_taskbar=True
2026-06-10 07:17:26,583 - INFO - Config file changed — reloading settings
2026-06-10 07:17:26,584 - INFO - Looking for config file at: C:\Users\Jonathan\EazyOS\OS\boot\safemode\OS\eazyos_config.json
2026-06-10 07:17:26,584 - INFO - Config file found, loading...
2026-06-10 07:17:26,584 - INFO - Loaded configuration: {'theme': {'type': 'color', 'color': '#674567', 'wallpaper': None, 'taskbar_color': '#c0c0c0', 'window_title_color': '#000080'}, 'system': {'startup_sound': 'false', 'enable_sounds': 'false', 'show_clock': 'true', 'auto_hide_windows_taskbar': 'true'}}
2026-06-10 07:17:26,585 - INFO - Applied background color: #674567
2026-06-10 07:17:26,585 - INFO - apply_from_config: type=color, taskbar=#c0c0c0, title_bar=#000080
2026-06-10 07:17:26,585 - INFO - Looking for config file at: C:\Users\Jonathan\EazyOS\OS\boot\safemode\OS\eazyos_config.json
2026-06-10 07:17:26,585 - INFO - Config file found, loading...
2026-06-10 07:17:26,585 - INFO - Loaded configuration: {'theme': {'type': 'color', 'color': '#674567', 'wallpaper': None, 'taskbar_color': '#c0c0c0', 'window_title_color': '#000080'}, 'system': {'startup_sound': 'false', 'enable_sounds': 'false', 'show_clock': 'true', 'auto_hide_windows_taskbar': 'true'}}
2026-06-10 07:17:26,586 - INFO - System settings applied: sounds=False, clock=True, auto_hide_taskbar=True
2026-06-10 07:17:30,598 - INFO - Config file changed — reloading settings
2026-06-10 07:17:30,598 - INFO - Looking for config file at: C:\Users\Jonathan\EazyOS\OS\boot\safemode\OS\eazyos_config.json
2026-06-10 07:17:30,599 - INFO - Config file found, loading...
2026-06-10 07:17:30,599 - INFO - Loaded configuration: {'theme': {'type': 'color', 'color': '#876655', 'wallpaper': None, 'taskbar_color': '#c0c0c0', 'window_title_color': '#000080'}, 'system': {'startup_sound': 'false', 'enable_sounds': 'false', 'show_clock': 'true', 'auto_hide_windows_taskbar': 'true'}}
2026-06-10 07:17:30,599 - INFO - Applied background color: #876655
2026-06-10 07:17:30,600 - INFO - apply_from_config: type=color, taskbar=#c0c0c0, title_bar=#000080
2026-06-10 07:17:30,600 - INFO - Looking for config file at: C:\Users\Jonathan\EazyOS\OS\boot\safemode\OS\eazyos_config.json
2026-06-10 07:17:30,600 - INFO - Config file found, loading...
2026-06-10 07:17:30,600 - INFO - Loaded configuration: {'theme': {'type': 'color', 'color': '#876655', 'wallpaper': None, 'taskbar_color': '#c0c0c0', 'window_title_color': '#000080'}, 'system': {'startup_sound': 'false', 'enable_sounds': 'false', 'show_clock': 'true', 'auto_hide_windows_taskbar': 'true'}}
2026-06-10 07:17:30,601 - INFO - System settings applied: sounds=False, clock=True, auto_hide_taskbar=True
2026-06-10 07:17:40,629 - INFO - Config file changed — reloading settings
2026-06-10 07:17:40,629 - INFO - Looking for config file at: C:\Users\Jonathan\EazyOS\OS\boot\safemode\OS\eazyos_config.json
2026-06-10 07:17:40,630 - INFO - Config file found, loading...
2026-06-10 07:17:40,630 - INFO - Loaded configuration: {'theme': {'type': 'color', 'color': '#876655', 'wallpaper': None, 'taskbar_color': '#c0c0c0', 'window_title_color': '#000080'}, 'system': {'startup_sound': 'false', 'enable_sounds': 'false', 'show_clock': 'true', 'auto_hide_windows_taskbar': 'true'}}
2026-06-10 07:17:40,633 - INFO - Applied background color: #876655
2026-06-10 07:17:40,634 - INFO - apply_from_config: type=color, taskbar=#c0c0c0, title_bar=#000080
2026-06-10 07:17:40,634 - INFO - Looking for config file at: C:\Users\Jonathan\EazyOS\OS\boot\safemode\OS\eazyos_config.json
2026-06-10 07:17:40,634 - INFO - Config file found, loading...
2026-06-10 07:17:40,634 - INFO - Loaded configuration: {'theme': {'type': 'color', 'color': '#876655', 'wallpaper': None, 'taskbar_color': '#c0c0c0', 'window_title_color': '#000080'}, 'system': {'startup_sound': 'false', 'enable_sounds': 'false', 'show_clock': 'true', 'auto_hide_windows_taskbar': 'true'}}
2026-06-10 07:17:40,635 - INFO - System settings applied: sounds=False, clock=True, auto_hide_taskbar=True
2026-06-10 07:17:52,650 - INFO - Config file changed — reloading settings
2026-06-10 07:17:52,651 - INFO - Looking for config file at: C:\Users\Jonathan\EazyOS\OS\boot\safemode\OS\eazyos_config.json
2026-06-10 07:17:52,652 - INFO - Config file found, loading...
2026-06-10 07:17:52,653 - INFO - Loaded configuration: {'theme': {'type': 'color', 'color': '#00001', 'wallpaper': None, 'taskbar_color': '#c0c0c0', 'window_title_color': '#000080'}, 'system': {'startup_sound': 'false', 'enable_sounds': 'false', 'show_clock': 'true', 'auto_hide_windows_taskbar': 'true'}}
2026-06-10 07:17:52,654 - ERROR - Config poll error: invalid color name "#00001"
2026-06-10 07:18:06,683 - INFO - Config file changed — reloading settings
2026-06-10 07:18:06,684 - INFO - Looking for config file at: C:\Users\Jonathan\EazyOS\OS\boot\safemode\OS\eazyos_config.json
2026-06-10 07:18:06,685 - INFO - Config file found, loading...
2026-06-10 07:18:06,686 - INFO - Loaded configuration: {'theme': {'type': 'color', 'color': '#000006', 'wallpaper': None, 'taskbar_color': '#c0c0c0', 'window_title_color': '#000080'}, 'system': {'startup_sound': 'false', 'enable_sounds': 'false', 'show_clock': 'true', 'auto_hide_windows_taskbar': 'true'}}
2026-06-10 07:18:06,688 - INFO - Applied background color: #000006
2026-06-10 07:18:06,689 - INFO - apply_from_config: type=color, taskbar=#c0c0c0, title_bar=#000080
2026-06-10 07:18:06,689 - INFO - Looking for config file at: C:\Users\Jonathan\EazyOS\OS\boot\safemode\OS\eazyos_config.json
2026-06-10 07:18:06,690 - INFO - Config file found, loading...
2026-06-10 07:18:06,690 - INFO - Loaded configuration: {'theme': {'type': 'color', 'color': '#000006', 'wallpaper': None, 'taskbar_color': '#c0c0c0', 'window_title_color': '#000080'}, 'system': {'startup_sound': 'false', 'enable_sounds': 'false', 'show_clock': 'true', 'auto_hide_windows_taskbar': 'true'}}
2026-06-10 07:18:06,690 - INFO - System settings applied: sounds=False, clock=True, auto_hide_taskbar=True
2026-06-10 07:18:14,700 - INFO - Config file changed — reloading settings
2026-06-10 07:18:14,700 - INFO - Looking for config file at: C:\Users\Jonathan\EazyOS\OS\boot\safemode\OS\eazyos_config.json
2026-06-10 07:18:14,701 - INFO - Config file found, loading...
2026-06-10 07:18:14,701 - INFO - Loaded configuration: {'theme': {'type': 'color', 'color': '#000006', 'wallpaper': None, 'taskbar_color': '#c0c0c0', 'window_title_color': '#000080'}, 'system': {'startup_sound': 'false', 'enable_sounds': 'false', 'show_clock': 'true', 'auto_hide_windows_taskbar': 'true'}}
2026-06-10 07:18:14,702 - INFO - Applied background color: #000006
2026-06-10 07:18:14,703 - INFO - apply_from_config: type=color, taskbar=#c0c0c0, title_bar=#000080
2026-06-10 07:18:14,703 - INFO - Looking for config file at: C:\Users\Jonathan\EazyOS\OS\boot\safemode\OS\eazyos_config.json
2026-06-10 07:18:14,703 - INFO - Config file found, loading...
2026-06-10 07:18:14,704 - INFO - Loaded configuration: {'theme': {'type': 'color', 'color': '#000006', 'wallpaper': None, 'taskbar_color': '#c0c0c0', 'window_title_color': '#000080'}, 'system': {'startup_sound': 'false', 'enable_sounds': 'false', 'show_clock': 'true', 'auto_hide_windows_taskbar': 'true'}}
2026-06-10 07:18:14,704 - INFO - System settings applied: sounds=False, clock=True, auto_hide_taskbar=True
2026-06-10 07:18:18,716 - INFO - Config file changed — reloading settings
2026-06-10 07:18:18,717 - INFO - Looking for config file at: C:\Users\Jonathan\EazyOS\OS\boot\safemode\OS\eazyos_config.json
2026-06-10 07:18:18,717 - INFO - Config file found, loading...
2026-06-10 07:18:18,717 - INFO - Loaded configuration: {'theme': {'type': 'color', 'color': '#000009', 'wallpaper': None, 'taskbar_color': '#c0c0c0', 'window_title_color': '#000080'}, 'system': {'startup_sound': 'false', 'enable_sounds': 'false', 'show_clock': 'true', 'auto_hide_windows_taskbar': 'true'}}
2026-06-10 07:18:18,718 - INFO - Applied background color: #000009
2026-06-10 07:18:18,719 - INFO - apply_from_config: type=color, taskbar=#c0c0c0, title_bar=#000080
2026-06-10 07:18:18,719 - INFO - Looking for config file at: C:\Users\Jonathan\EazyOS\OS\boot\safemode\OS\eazyos_config.json
2026-06-10 07:18:18,719 - INFO - Config file found, loading...
2026-06-10 07:18:18,719 - INFO - Loaded configuration: {'theme': {'type': 'color', 'color': '#000009', 'wallpaper': None, 'taskbar_color': '#c0c0c0', 'window_title_color': '#000080'}, 'system': {'startup_sound': 'false', 'enable_sounds': 'false', 'show_clock': 'true', 'auto_hide_windows_taskbar': 'true'}}
2026-06-10 07:18:18,719 - INFO - System settings applied: sounds=False, clock=True, auto_hide_taskbar=True
2026-06-10 07:18:30,734 - INFO - Config file changed — reloading settings
2026-06-10 07:18:30,734 - INFO - Looking for config file at: C:\Users\Jonathan\EazyOS\OS\boot\safemode\OS\eazyos_config.json
2026-06-10 07:18:30,734 - INFO - Config file found, loading...
2026-06-10 07:18:30,735 - INFO - Loaded configuration: {'theme': {'type': 'color', 'color': '#000100', 'wallpaper': None, 'taskbar_color': '#c0c0c0', 'window_title_color': '#000080'}, 'system': {'startup_sound': 'false', 'enable_sounds': 'false', 'show_clock': 'true', 'auto_hide_windows_taskbar': 'true'}}
2026-06-10 07:18:30,735 - INFO - Applied background color: #000100
2026-06-10 07:18:30,735 - INFO - apply_from_config: type=color, taskbar=#c0c0c0, title_bar=#000080
2026-06-10 07:18:30,735 - INFO - Looking for config file at: C:\Users\Jonathan\EazyOS\OS\boot\safemode\OS\eazyos_config.json
2026-06-10 07:18:30,735 - INFO - Config file found, loading...
2026-06-10 07:18:30,736 - INFO - Loaded configuration: {'theme': {'type': 'color', 'color': '#000100', 'wallpaper': None, 'taskbar_color': '#c0c0c0', 'window_title_color': '#000080'}, 'system': {'startup_sound': 'false', 'enable_sounds': 'false', 'show_clock': 'true', 'auto_hide_windows_taskbar': 'true'}}
2026-06-10 07:18:30,736 - INFO - System settings applied: sounds=False, clock=True, auto_hide_taskbar=True
2026-06-10 07:18:50,772 - INFO - Config file changed — reloading settings
2026-06-10 07:18:50,772 - INFO - Looking for config file at: C:\Users\Jonathan\EazyOS\OS\boot\safemode\OS\eazyos_config.json
2026-06-10 07:18:50,772 - INFO - Config file found, loading...
2026-06-10 07:18:50,773 - INFO - Loaded configuration: {'theme': {'type': 'color', 'color': '#100000', 'wallpaper': None, 'taskbar_color': '#c0c0c0', 'window_title_color': '#000080'}, 'system': {'startup_sound': 'false', 'enable_sounds': 'false', 'show_clock': 'true', 'auto_hide_windows_taskbar': 'true'}}
2026-06-10 07:18:50,775 - INFO - Applied background color: #100000
2026-06-10 07:18:50,777 - INFO - apply_from_config: type=color, taskbar=#c0c0c0, title_bar=#000080
2026-06-10 07:18:50,777 - INFO - Looking for config file at: C:\Users\Jonathan\EazyOS\OS\boot\safemode\OS\eazyos_config.json
2026-06-10 07:18:50,777 - INFO - Config file found, loading...
2026-06-10 07:18:50,778 - INFO - Loaded configuration: {'theme': {'type': 'color', 'color': '#100000', 'wallpaper': None, 'taskbar_color': '#c0c0c0', 'window_title_color': '#000080'}, 'system': {'startup_sound': 'false', 'enable_sounds': 'false', 'show_clock': 'true', 'auto_hide_windows_taskbar': 'true'}}
2026-06-10 07:18:50,778 - INFO - System settings applied: sounds=False, clock=True, auto_hide_taskbar=True
2026-06-10 07:18:58,796 - INFO - Config file changed — reloading settings
2026-06-10 07:18:58,796 - INFO - Looking for config file at: C:\Users\Jonathan\EazyOS\OS\boot\safemode\OS\eazyos_config.json
2026-06-10 07:18:58,796 - INFO - Config file found, loading...
2026-06-10 07:18:58,797 - INFO - Loaded configuration: {'theme': {'type': 'color', 'color': '#200000', 'wallpaper': None, 'taskbar_color': '#c0c0c0', 'window_title_color': '#000080'}, 'system': {'startup_sound': 'false', 'enable_sounds': 'false', 'show_clock': 'true', 'auto_hide_windows_taskbar': 'true'}}
2026-06-10 07:18:58,800 - INFO - Applied background color: #200000
2026-06-10 07:18:58,802 - INFO - apply_from_config: type=color, taskbar=#c0c0c0, title_bar=#000080
2026-06-10 07:18:58,802 - INFO - Looking for config file at: C:\Users\Jonathan\EazyOS\OS\boot\safemode\OS\eazyos_config.json
2026-06-10 07:18:58,803 - INFO - Config file found, loading...
2026-06-10 07:18:58,803 - INFO - Loaded configuration: {'theme': {'type': 'color', 'color': '#200000', 'wallpaper': None, 'taskbar_color': '#c0c0c0', 'window_title_color': '#000080'}, 'system': {'startup_sound': 'false', 'enable_sounds': 'false', 'show_clock': 'true', 'auto_hide_windows_taskbar': 'true'}}
2026-06-10 07:18:58,803 - INFO - System settings applied: sounds=False, clock=True, auto_hide_taskbar=True
2026-06-10 07:19:04,829 - INFO - Config file changed — reloading settings
2026-06-10 07:19:04,830 - INFO - Looking for config file at: C:\Users\Jonathan\EazyOS\OS\boot\safemode\OS\eazyos_config.json
2026-06-10 07:19:04,830 - INFO - Config file found, loading...
2026-06-10 07:19:04,830 - INFO - Loaded configuration: {'theme': {'type': 'color', 'color': '#900000', 'wallpaper': None, 'taskbar_color': '#c0c0c0', 'window_title_color': '#000080'}, 'system': {'startup_sound': 'false', 'enable_sounds': 'false', 'show_clock': 'true', 'auto_hide_windows_taskbar': 'true'}}
2026-06-10 07:19:04,830 - INFO - Applied background color: #900000
2026-06-10 07:19:04,831 - INFO - apply_from_config: type=color, taskbar=#c0c0c0, title_bar=#000080
2026-06-10 07:19:04,831 - INFO - Looking for config file at: C:\Users\Jonathan\EazyOS\OS\boot\safemode\OS\eazyos_config.json
2026-06-10 07:19:04,831 - INFO - Config file found, loading...
2026-06-10 07:19:04,831 - INFO - Loaded configuration: {'theme': {'type': 'color', 'color': '#900000', 'wallpaper': None, 'taskbar_color': '#c0c0c0', 'window_title_color': '#000080'}, 'system': {'startup_sound': 'false', 'enable_sounds': 'false', 'show_clock': 'true', 'auto_hide_windows_taskbar': 'true'}}
2026-06-10 07:19:04,831 - INFO - System settings applied: sounds=False, clock=True, auto_hide_taskbar=True
2026-06-10 07:19:18,865 - INFO - Config file changed — reloading settings
2026-06-10 07:19:18,865 - INFO - Looking for config file at: C:\Users\Jonathan\EazyOS\OS\boot\safemode\OS\eazyos_config.json
2026-06-10 07:19:18,866 - INFO - Config file found, loading...
2026-06-10 07:19:18,866 - INFO - Loaded configuration: {'theme': {'type': 'color', 'color': '#990000', 'wallpaper': None, 'taskbar_color': '#c0c0c0', 'window_title_color': '#000080'}, 'system': {'startup_sound': 'false', 'enable_sounds': 'false', 'show_clock': 'true', 'auto_hide_windows_taskbar': 'true'}}
2026-06-10 07:19:18,867 - INFO - Applied background color: #990000
2026-06-10 07:19:18,867 - INFO - apply_from_config: type=color, taskbar=#c0c0c0, title_bar=#000080
2026-06-10 07:19:18,868 - INFO - Looking for config file at: C:\Users\Jonathan\EazyOS\OS\boot\safemode\OS\eazyos_config.json
2026-06-10 07:19:18,868 - INFO - Config file found, loading...
2026-06-10 07:19:18,868 - INFO - Loaded configuration: {'theme': {'type': 'color', 'color': '#990000', 'wallpaper': None, 'taskbar_color': '#c0c0c0', 'window_title_color': '#000080'}, 'system': {'startup_sound': 'false', 'enable_sounds': 'false', 'show_clock': 'true', 'auto_hide_windows_taskbar': 'true'}}
2026-06-10 07:19:18,868 - INFO - System settings applied: sounds=False, clock=True, auto_hide_taskbar=True
2026-06-10 07:19:24,879 - INFO - Config file changed — reloading settings
2026-06-10 07:19:24,879 - INFO - Looking for config file at: C:\Users\Jonathan\EazyOS\OS\boot\safemode\OS\eazyos_config.json
2026-06-10 07:19:24,879 - INFO - Config file found, loading...
2026-06-10 07:19:24,880 - INFO - Loaded configuration: {'theme': {'type': 'color', 'color': '#000000', 'wallpaper': None, 'taskbar_color': '#c0c0c0', 'window_title_color': '#000080'}, 'system': {'startup_sound': 'false', 'enable_sounds': 'false', 'show_clock': 'true', 'auto_hide_windows_taskbar': 'true'}}
2026-06-10 07:19:24,880 - INFO - Applied background color: #000000
2026-06-10 07:19:24,880 - INFO - apply_from_config: type=color, taskbar=#c0c0c0, title_bar=#000080
2026-06-10 07:19:24,880 - INFO - Looking for config file at: C:\Users\Jonathan\EazyOS\OS\boot\safemode\OS\eazyos_config.json
2026-06-10 07:19:24,881 - INFO - Config file found, loading...
2026-06-10 07:19:24,881 - INFO - Loaded configuration: {'theme': {'type': 'color', 'color': '#000000', 'wallpaper': None, 'taskbar_color': '#c0c0c0', 'window_title_color': '#000080'}, 'system': {'startup_sound': 'false', 'enable_sounds': 'false', 'show_clock': 'true', 'auto_hide_windows_taskbar': 'true'}}
2026-06-10 07:19:24,881 - INFO - System settings applied: sounds=False, clock=True, auto_hide_taskbar=True
2026-06-10 07:19:32,681 - INFO - Windows taskbar restored
2026-06-10 07:19:37,061 - INFO - Windows taskbar restored
2026-06-10 07:21:13,733 - INFO - Looking for config file at: C:\Users\Jonathan\EazyOS\OS\boot\safemode\OS\eazyos_config.json
2026-06-10 07:21:13,733 - INFO - Config file found, loading...
2026-06-10 07:21:13,733 - INFO - Loaded configuration: {'theme': {'type': 'color', 'color': '#000000', 'wallpaper': None, 'taskbar_color': '#c0c0c0', 'window_title_color': '#000080'}, 'system': {'startup_sound': 'false', 'enable_sounds': 'false', 'show_clock': 'true', 'auto_hide_windows_taskbar': 'true'}}
2026-06-10 07:21:13,734 - WARNING - BIOS system file not found: bios.py
2026-06-10 07:21:13,746 - INFO - Looking for config file at: C:\Users\Jonathan\EazyOS\OS\boot\safemode\OS\eazyos_config.json
2026-06-10 07:21:13,746 - INFO - Config file found, loading...
2026-06-10 07:21:13,746 - INFO - Loaded configuration: {'theme': {'type': 'color', 'color': '#000000', 'wallpaper': None, 'taskbar_color': '#c0c0c0', 'window_title_color': '#000080'}, 'system': {'startup_sound': 'false', 'enable_sounds': 'false', 'show_clock': 'true', 'auto_hide_windows_taskbar': 'true'}}
2026-06-10 07:21:13,748 - INFO - Windows taskbar hidden
2026-06-10 07:21:13,748 - INFO - System settings applied: sounds=False, clock=True, auto_hide_taskbar=True
2026-06-10 07:21:13,748 - INFO - Looking for config file at: C:\Users\Jonathan\EazyOS\OS\boot\safemode\OS\eazyos_config.json
2026-06-10 07:21:13,748 - INFO - Config file found, loading...
2026-06-10 07:21:13,749 - INFO - Loaded configuration: {'theme': {'type': 'color', 'color': '#000000', 'wallpaper': None, 'taskbar_color': '#c0c0c0', 'window_title_color': '#000080'}, 'system': {'startup_sound': 'false', 'enable_sounds': 'false', 'show_clock': 'true', 'auto_hide_windows_taskbar': 'true'}}
2026-06-10 07:21:13,749 - INFO - EazyOS Desktop initialized successfully
2026-06-10 07:21:13,846 - INFO - Loading saved theme...
2026-06-10 07:21:13,846 - INFO - Looking for config file at: C:\Users\Jonathan\EazyOS\OS\boot\safemode\OS\eazyos_config.json
2026-06-10 07:21:13,846 - INFO - Config file found, loading...
2026-06-10 07:21:13,847 - INFO - Loaded configuration: {'theme': {'type': 'color', 'color': '#000000', 'wallpaper': None, 'taskbar_color': '#c0c0c0', 'window_title_color': '#000080'}, 'system': {'startup_sound': 'false', 'enable_sounds': 'false', 'show_clock': 'true', 'auto_hide_windows_taskbar': 'true'}}
2026-06-10 07:21:13,847 - INFO - Applied background color: #000000
2026-06-10 07:21:13,847 - INFO - apply_from_config: type=color, taskbar=#c0c0c0, title_bar=#000080
2026-06-10 07:21:34,380 - INFO - Windows taskbar restored
2026-06-10 07:21:38,744 - INFO - Windows taskbar restored
2026-06-10 07:22:34,044 - INFO - Looking for config file at: C:\Users\Jonathan\EazyOS\OS\boot\safemode\OS\eazyos_config.json
2026-06-10 07:22:34,044 - INFO - Config file found, loading...
2026-06-10 07:22:34,044 - INFO - Loaded configuration: {'theme': {'type': 'color', 'color': '#000000', 'wallpaper': None, 'taskbar_color': '#c0c0c0', 'window_title_color': '#000080'}, 'system': {'startup_sound': 'false', 'enable_sounds': 'false', 'show_clock': 'true', 'auto_hide_windows_taskbar': 'true'}}
2026-06-10 07:22:34,045 - WARNING - BIOS system file not found: bios.py
2026-06-10 07:22:34,057 - INFO - Looking for config file at: C:\Users\Jonathan\EazyOS\OS\boot\safemode\OS\eazyos_config.json
2026-06-10 07:22:34,057 - INFO - Config file found, loading...
2026-06-10 07:22:34,057 - INFO - Loaded configuration: {'theme': {'type': 'color', 'color': '#000000', 'wallpaper': None, 'taskbar_color': '#c0c0c0', 'window_title_color': '#000080'}, 'system': {'startup_sound': 'false', 'enable_sounds': 'false', 'show_clock': 'true', 'auto_hide_windows_taskbar': 'true'}}
2026-06-10 07:22:34,059 - INFO - Windows taskbar hidden
2026-06-10 07:22:34,059 - INFO - System settings applied: sounds=False, clock=True, auto_hide_taskbar=True
2026-06-10 07:22:34,059 - INFO - Looking for config file at: C:\Users\Jonathan\EazyOS\OS\boot\safemode\OS\eazyos_config.json
2026-06-10 07:22:34,060 - INFO - Config file found, loading...
2026-06-10 07:22:34,060 - INFO - Loaded configuration: {'theme': {'type': 'color', 'color': '#000000', 'wallpaper': None, 'taskbar_color': '#c0c0c0', 'window_title_color': '#000080'}, 'system': {'startup_sound': 'false', 'enable_sounds': 'false', 'show_clock': 'true', 'auto_hide_windows_taskbar': 'true'}}
2026-06-10 07:22:34,060 - INFO - EazyOS Desktop initialized successfully
2026-06-10 07:22:34,157 - INFO - Loading saved theme...
2026-06-10 07:22:34,157 - INFO - Looking for config file at: C:\Users\Jonathan\EazyOS\OS\boot\safemode\OS\eazyos_config.json
2026-06-10 07:22:34,157 - INFO - Config file found, loading...
2026-06-10 07:22:34,158 - INFO - Loaded configuration: {'theme': {'type': 'color', 'color': '#000000', 'wallpaper': None, 'taskbar_color': '#c0c0c0', 'window_title_color': '#000080'}, 'system': {'startup_sound': 'false', 'enable_sounds': 'false', 'show_clock': 'true', 'auto_hide_windows_taskbar': 'true'}}
2026-06-10 07:22:34,158 - INFO - Applied background color: #000000
2026-06-10 07:22:34,158 - INFO - apply_from_config: type=color, taskbar=#c0c0c0, title_bar=#000080
2026-06-10 07:22:41,186 - INFO - Windows taskbar restored
2026-06-10 07:22:45,568 - INFO - Windows taskbar restored
2026-06-10 07:23:25,894 - INFO - Looking for config file at: C:\Users\Jonathan\EazyOS\OS\boot\safemode\OS\eazyos_config.json
2026-06-10 07:23:25,895 - INFO - Config file found, loading...
2026-06-10 07:23:25,895 - INFO - Loaded configuration: {'theme': {'type': 'color', 'color': '#000000', 'wallpaper': None, 'taskbar_color': '#c0c0c0', 'window_title_color': '#000080'}, 'system': {'startup_sound': 'false', 'enable_sounds': 'false', 'show_clock': 'true', 'auto_hide_windows_taskbar': 'true'}}
2026-06-10 07:23:25,895 - WARNING - BIOS system file not found: bios.py
2026-06-10 07:23:25,909 - INFO - Looking for config file at: C:\Users\Jonathan\EazyOS\OS\boot\safemode\OS\eazyos_config.json
2026-06-10 07:23:25,909 - INFO - Config file found, loading...
2026-06-10 07:23:25,909 - INFO - Loaded configuration: {'theme': {'type': 'color', 'color': '#000000', 'wallpaper': None, 'taskbar_color': '#c0c0c0', 'window_title_color': '#000080'}, 'system': {'startup_sound': 'false', 'enable_sounds': 'false', 'show_clock': 'true', 'auto_hide_windows_taskbar': 'true'}}
2026-06-10 07:23:25,911 - INFO - Windows taskbar hidden
2026-06-10 07:23:25,911 - INFO - System settings applied: sounds=False, clock=True, auto_hide_taskbar=True
2026-06-10 07:23:25,911 - INFO - Looking for config file at: C:\Users\Jonathan\EazyOS\OS\boot\safemode\OS\eazyos_config.json
2026-06-10 07:23:25,911 - INFO - Config file found, loading...
2026-06-10 07:23:25,912 - INFO - Loaded configuration: {'theme': {'type': 'color', 'color': '#000000', 'wallpaper': None, 'taskbar_color': '#c0c0c0', 'window_title_color': '#000080'}, 'system': {'startup_sound': 'false', 'enable_sounds': 'false', 'show_clock': 'true', 'auto_hide_windows_taskbar': 'true'}}
2026-06-10 07:23:25,912 - INFO - EazyOS Desktop initialized successfully
2026-06-10 07:23:26,009 - INFO - Loading saved theme...
2026-06-10 07:23:26,009 - INFO - Looking for config file at: C:\Users\Jonathan\EazyOS\OS\boot\safemode\OS\eazyos_config.json
2026-06-10 07:23:26,009 - INFO - Config file found, loading...
2026-06-10 07:23:26,010 - INFO - Loaded configuration: {'theme': {'type': 'color', 'color': '#000000', 'wallpaper': None, 'taskbar_color': '#c0c0c0', 'window_title_color': '#000080'}, 'system': {'startup_sound': 'false', 'enable_sounds': 'false', 'show_clock': 'true', 'auto_hide_windows_taskbar': 'true'}}
2026-06-10 07:23:26,010 - INFO - Applied background color: #000000
2026-06-10 07:23:26,011 - INFO - apply_from_config: type=color, taskbar=#c0c0c0, title_bar=#000080
2026-06-10 07:23:34,462 - INFO - Windows taskbar restored
2026-06-10 07:23:38,865 - INFO - Windows taskbar restored
2026-06-10 07:30:58,633 - INFO - Looking for config file at: C:\Users\Jonathan\EazyOS\OS\boot\safemode\OS\eazyos_config.json
2026-06-10 07:30:58,633 - INFO - Config file found, loading...
2026-06-10 07:30:58,634 - INFO - Loaded configuration: {'theme': {'type': 'color', 'color': '#000000', 'wallpaper': None, 'taskbar_color': '#c0c0c0', 'window_title_color': '#000080'}, 'system': {'startup_sound': 'false', 'enable_sounds': 'false', 'show_clock': 'true', 'auto_hide_windows_taskbar': 'true'}}
2026-06-10 07:30:58,634 - WARNING - BIOS system file not found: bios.py
2026-06-10 07:30:58,646 - INFO - Looking for config file at: C:\Users\Jonathan\EazyOS\OS\boot\safemode\OS\eazyos_config.json
2026-06-10 07:30:58,646 - INFO - Config file found, loading...
2026-06-10 07:30:58,646 - INFO - Loaded configuration: {'theme': {'type': 'color', 'color': '#000000', 'wallpaper': None, 'taskbar_color': '#c0c0c0', 'window_title_color': '#000080'}, 'system': {'startup_sound': 'false', 'enable_sounds': 'false', 'show_clock': 'true', 'auto_hide_windows_taskbar': 'true'}}
2026-06-10 07:30:58,648 - INFO - Windows taskbar hidden
2026-06-10 07:30:58,648 - INFO - System settings applied: sounds=False, clock=True, auto_hide_taskbar=True
2026-06-10 07:30:58,648 - INFO - Looking for config file at: C:\Users\Jonathan\EazyOS\OS\boot\safemode\OS\eazyos_config.json
2026-06-10 07:30:58,648 - INFO - Config file found, loading...
2026-06-10 07:30:58,649 - INFO - Loaded configuration: {'theme': {'type': 'color', 'color': '#000000', 'wallpaper': None, 'taskbar_color': '#c0c0c0', 'window_title_color': '#000080'}, 'system': {'startup_sound': 'false', 'enable_sounds': 'false', 'show_clock': 'true', 'auto_hide_windows_taskbar': 'true'}}
2026-06-10 07:30:58,649 - INFO - EazyOS Desktop initialized successfully
2026-06-10 07:30:58,747 - INFO - Loading saved theme...
2026-06-10 07:30:58,748 - INFO - Looking for config file at: C:\Users\Jonathan\EazyOS\OS\boot\safemode\OS\eazyos_config.json
2026-06-10 07:30:58,748 - INFO - Config file found, loading...
2026-06-10 07:30:58,748 - INFO - Loaded configuration: {'theme': {'type': 'color', 'color': '#000000', 'wallpaper': None, 'taskbar_color': '#c0c0c0', 'window_title_color': '#000080'}, 'system': {'startup_sound': 'false', 'enable_sounds': 'false', 'show_clock': 'true', 'auto_hide_windows_taskbar': 'true'}}
2026-06-10 07:30:58,749 - INFO - Applied background color: #000000
2026-06-10 07:30:58,749 - INFO - apply_from_config: type=color, taskbar=#c0c0c0, title_bar=#000080
2026-06-10 07:31:04,439 - INFO - Windows taskbar restored
2026-06-10 07:31:08,813 - INFO - Windows taskbar restored
2026-06-10 07:34:19,887 - INFO - Looking for config file at: C:\Users\Jonathan\EazyOS\OS\boot\safemode\OS\eazyos_config.json
2026-06-10 07:34:19,887 - INFO - Config file found, loading...
2026-06-10 07:34:19,888 - INFO - Loaded configuration: {'theme': {'type': 'color', 'color': '#000000', 'wallpaper': None, 'taskbar_color': '#c0c0c0', 'window_title_color': '#000080'}, 'system': {'startup_sound': 'false', 'enable_sounds': 'false', 'show_clock': 'true', 'auto_hide_windows_taskbar': 'true'}}
2026-06-10 07:34:19,888 - WARNING - BIOS system file not found: bios.py
2026-06-10 07:34:19,907 - INFO - Looking for config file at: C:\Users\Jonathan\EazyOS\OS\boot\safemode\OS\eazyos_config.json
2026-06-10 07:34:19,908 - INFO - Config file found, loading...
2026-06-10 07:34:19,908 - INFO - Loaded configuration: {'theme': {'type': 'color', 'color': '#000000', 'wallpaper': None, 'taskbar_color': '#c0c0c0', 'window_title_color': '#000080'}, 'system': {'startup_sound': 'false', 'enable_sounds': 'false', 'show_clock': 'true', 'auto_hide_windows_taskbar': 'true'}}
2026-06-10 07:34:19,910 - INFO - Windows taskbar hidden
2026-06-10 07:34:19,910 - INFO - System settings applied: sounds=False, clock=True, auto_hide_taskbar=True
2026-06-10 07:34:19,910 - INFO - Looking for config file at: C:\Users\Jonathan\EazyOS\OS\boot\safemode\OS\eazyos_config.json
2026-06-10 07:34:19,910 - INFO - Config file found, loading...
2026-06-10 07:34:19,911 - INFO - Loaded configuration: {'theme': {'type': 'color', 'color': '#000000', 'wallpaper': None, 'taskbar_color': '#c0c0c0', 'window_title_color': '#000080'}, 'system': {'startup_sound': 'false', 'enable_sounds': 'false', 'show_clock': 'true', 'auto_hide_windows_taskbar': 'true'}}
2026-06-10 07:34:19,911 - INFO - EazyOS Desktop initialized successfully
2026-06-10 07:34:20,007 - INFO - Loading saved theme...
2026-06-10 07:34:20,008 - INFO - Looking for config file at: C:\Users\Jonathan\EazyOS\OS\boot\safemode\OS\eazyos_config.json
2026-06-10 07:34:20,008 - INFO - Config file found, loading...
2026-06-10 07:34:20,008 - INFO - Loaded configuration: {'theme': {'type': 'color', 'color': '#000000', 'wallpaper': None, 'taskbar_color': '#c0c0c0', 'window_title_color': '#000080'}, 'system': {'startup_sound': 'false', 'enable_sounds': 'false', 'show_clock': 'true', 'auto_hide_windows_taskbar': 'true'}}
2026-06-10 07:34:20,009 - INFO - Applied background color: #000000
2026-06-10 07:34:20,009 - INFO - apply_from_config: type=color, taskbar=#c0c0c0, title_bar=#000080
2026-06-10 07:34:23,337 - INFO - Windows taskbar restored
2026-06-10 07:34:27,704 - INFO - Windows taskbar restored
2026-06-10 07:35:38,515 - INFO - Looking for config file at: C:\Users\Jonathan\EazyOS\OS\boot\safemode\os\eazyos_config.json
2026-06-10 07:35:38,516 - INFO - Config file found, loading...
2026-06-10 07:35:38,516 - INFO - Loaded configuration: {'theme': {'type': 'color', 'color': '#000000', 'wallpaper': None, 'taskbar_color': '#c0c0c0', 'window_title_color': '#000080'}, 'system': {'startup_sound': 'false', 'enable_sounds': 'false', 'show_clock': 'true', 'auto_hide_windows_taskbar': 'true'}}
2026-06-10 07:35:38,516 - WARNING - BIOS system file not found: bios.py
2026-06-10 07:35:38,528 - INFO - Looking for config file at: C:\Users\Jonathan\EazyOS\OS\boot\safemode\os\eazyos_config.json
2026-06-10 07:35:38,528 - INFO - Config file found, loading...
2026-06-10 07:35:38,529 - INFO - Loaded configuration: {'theme': {'type': 'color', 'color': '#000000', 'wallpaper': None, 'taskbar_color': '#c0c0c0', 'window_title_color': '#000080'}, 'system': {'startup_sound': 'false', 'enable_sounds': 'false', 'show_clock': 'true', 'auto_hide_windows_taskbar': 'true'}}
2026-06-10 07:35:38,530 - INFO - Windows taskbar hidden
2026-06-10 07:35:38,531 - INFO - System settings applied: sounds=False, clock=True, auto_hide_taskbar=True
2026-06-10 07:35:38,531 - INFO - Looking for config file at: C:\Users\Jonathan\EazyOS\OS\boot\safemode\os\eazyos_config.json
2026-06-10 07:35:38,531 - INFO - Config file found, loading...
2026-06-10 07:35:38,532 - INFO - Loaded configuration: {'theme': {'type': 'color', 'color': '#000000', 'wallpaper': None, 'taskbar_color': '#c0c0c0', 'window_title_color': '#000080'}, 'system': {'startup_sound': 'false', 'enable_sounds': 'false', 'show_clock': 'true', 'auto_hide_windows_taskbar': 'true'}}
2026-06-10 07:35:38,532 - INFO - EazyOS Desktop initialized successfully
2026-06-10 07:35:38,630 - INFO - Loading saved theme...
2026-06-10 07:35:38,630 - INFO - Looking for config file at: C:\Users\Jonathan\EazyOS\OS\boot\safemode\os\eazyos_config.json
2026-06-10 07:35:38,630 - INFO - Config file found, loading...
2026-06-10 07:35:38,630 - INFO - Loaded configuration: {'theme': {'type': 'color', 'color': '#000000', 'wallpaper': None, 'taskbar_color': '#c0c0c0', 'window_title_color': '#000080'}, 'system': {'startup_sound': 'false', 'enable_sounds': 'false', 'show_clock': 'true', 'auto_hide_windows_taskbar': 'true'}}
2026-06-10 07:35:38,631 - INFO - Applied background color: #000000
2026-06-10 07:35:38,631 - INFO - apply_from_config: type=color, taskbar=#c0c0c0, title_bar=#000080
2026-06-10 07:35:48,234 - INFO - Windows taskbar restored
2026-06-10 07:35:52,532 - INFO - Windows taskbar restored
2026-06-10 07:38:00,078 - INFO - Looking for config file at: C:\Users\Jonathan\EazyOS\OS\boot\safemode\os\eazyos_config.json
2026-06-10 07:38:00,079 - INFO - Config file found, loading...
2026-06-10 07:38:00,079 - INFO - Loaded configuration: {'theme': {'type': 'color', 'color': '#000000', 'wallpaper': None, 'taskbar_color': '#c0c0c0', 'window_title_color': '#000080'}, 'system': {'startup_sound': 'false', 'enable_sounds': 'false', 'show_clock': 'true', 'auto_hide_windows_taskbar': 'true'}}
2026-06-10 07:38:00,079 - WARNING - BIOS system file not found: bios.py
2026-06-10 07:38:00,092 - INFO - Looking for config file at: C:\Users\Jonathan\EazyOS\OS\boot\safemode\os\eazyos_config.json
2026-06-10 07:38:00,092 - INFO - Config file found, loading...
2026-06-10 07:38:00,092 - INFO - Loaded configuration: {'theme': {'type': 'color', 'color': '#000000', 'wallpaper': None, 'taskbar_color': '#c0c0c0', 'window_title_color': '#000080'}, 'system': {'startup_sound': 'false', 'enable_sounds': 'false', 'show_clock': 'true', 'auto_hide_windows_taskbar': 'true'}}
2026-06-10 07:38:00,094 - INFO - Windows taskbar hidden
2026-06-10 07:38:00,094 - INFO - System settings applied: sounds=False, clock=True, auto_hide_taskbar=True
2026-06-10 07:38:00,094 - INFO - Looking for config file at: C:\Users\Jonathan\EazyOS\OS\boot\safemode\os\eazyos_config.json
2026-06-10 07:38:00,094 - INFO - Config file found, loading...
2026-06-10 07:38:00,095 - INFO - Loaded configuration: {'theme': {'type': 'color', 'color': '#000000', 'wallpaper': None, 'taskbar_color': '#c0c0c0', 'window_title_color': '#000080'}, 'system': {'startup_sound': 'false', 'enable_sounds': 'false', 'show_clock': 'true', 'auto_hide_windows_taskbar': 'true'}}
2026-06-10 07:38:00,095 - INFO - EazyOS Desktop initialized successfully
2026-06-10 07:38:00,192 - INFO - Loading saved theme...
2026-06-10 07:38:00,192 - INFO - Looking for config file at: C:\Users\Jonathan\EazyOS\OS\boot\safemode\os\eazyos_config.json
2026-06-10 07:38:00,192 - INFO - Config file found, loading...
2026-06-10 07:38:00,193 - INFO - Loaded configuration: {'theme': {'type': 'color', 'color': '#000000', 'wallpaper': None, 'taskbar_color': '#c0c0c0', 'window_title_color': '#000080'}, 'system': {'startup_sound': 'false', 'enable_sounds': 'false', 'show_clock': 'true', 'auto_hide_windows_taskbar': 'true'}}
2026-06-10 07:38:00,193 - INFO - Applied background color: #000000
2026-06-10 07:38:00,194 - INFO - apply_from_config: type=color, taskbar=#c0c0c0, title_bar=#000080
2026-06-10 07:38:05,220 - INFO - Windows taskbar restored
2026-06-10 07:38:05,417 - INFO - Windows taskbar restored
2026-06-10 07:38:36,807 - INFO - Looking for config file at: C:\Users\Jonathan\EazyOS\OS\boot\safemode\os\eazyos_config.json
2026-06-10 07:38:36,808 - INFO - Config file found, loading...
2026-06-10 07:38:36,808 - INFO - Loaded configuration: {'theme': {'type': 'color', 'color': '#000000', 'wallpaper': None, 'taskbar_color': '#c0c0c0', 'window_title_color': '#000080'}, 'system': {'startup_sound': 'false', 'enable_sounds': 'false', 'show_clock': 'true', 'auto_hide_windows_taskbar': 'true'}}
2026-06-10 07:38:36,808 - WARNING - BIOS system file not found: bios.py
2026-06-10 07:38:36,821 - INFO - Looking for config file at: C:\Users\Jonathan\EazyOS\OS\boot\safemode\os\eazyos_config.json
2026-06-10 07:38:36,821 - INFO - Config file found, loading...
2026-06-10 07:38:36,821 - INFO - Loaded configuration: {'theme': {'type': 'color', 'color': '#000000', 'wallpaper': None, 'taskbar_color': '#c0c0c0', 'window_title_color': '#000080'}, 'system': {'startup_sound': 'false', 'enable_sounds': 'false', 'show_clock': 'true', 'auto_hide_windows_taskbar': 'true'}}
2026-06-10 07:38:36,823 - INFO - Windows taskbar hidden
2026-06-10 07:38:36,823 - INFO - System settings applied: sounds=False, clock=True, auto_hide_taskbar=True
2026-06-10 07:38:36,824 - INFO - Looking for config file at: C:\Users\Jonathan\EazyOS\OS\boot\safemode\os\eazyos_config.json
2026-06-10 07:38:36,824 - INFO - Config file found, loading...
2026-06-10 07:38:36,824 - INFO - Loaded configuration: {'theme': {'type': 'color', 'color': '#000000', 'wallpaper': None, 'taskbar_color': '#c0c0c0', 'window_title_color': '#000080'}, 'system': {'startup_sound': 'false', 'enable_sounds': 'false', 'show_clock': 'true', 'auto_hide_windows_taskbar': 'true'}}
2026-06-10 07:38:36,824 - INFO - EazyOS Desktop initialized successfully
2026-06-10 07:38:36,921 - INFO - Loading saved theme...
2026-06-10 07:38:36,921 - INFO - Looking for config file at: C:\Users\Jonathan\EazyOS\OS\boot\safemode\os\eazyos_config.json
2026-06-10 07:38:36,921 - INFO - Config file found, loading...
2026-06-10 07:38:36,921 - INFO - Loaded configuration: {'theme': {'type': 'color', 'color': '#000000', 'wallpaper': None, 'taskbar_color': '#c0c0c0', 'window_title_color': '#000080'}, 'system': {'startup_sound': 'false', 'enable_sounds': 'false', 'show_clock': 'true', 'auto_hide_windows_taskbar': 'true'}}
2026-06-10 07:38:36,922 - INFO - Applied background color: #000000
2026-06-10 07:38:36,922 - INFO - apply_from_config: type=color, taskbar=#c0c0c0, title_bar=#000080
2026-06-10 07:38:40,692 - INFO - Windows taskbar restored
2026-06-10 07:39:30,509 - INFO - Looking for config file at: C:\Users\Jonathan\EazyOS\OS\boot\safemode\OS\eazyos_config.json
2026-06-10 07:39:30,509 - INFO - Config file found, loading...
2026-06-10 07:39:30,510 - INFO - Loaded configuration: {'theme': {'type': 'color', 'color': '#000000', 'wallpaper': None, 'taskbar_color': '#c0c0c0', 'window_title_color': '#000080'}, 'system': {'startup_sound': 'false', 'enable_sounds': 'false', 'show_clock': 'true', 'auto_hide_windows_taskbar': 'true'}}
2026-06-10 07:39:30,510 - WARNING - BIOS system file not found: bios.py
2026-06-10 07:39:30,533 - INFO - Looking for config file at: C:\Users\Jonathan\EazyOS\OS\boot\safemode\OS\eazyos_config.json
2026-06-10 07:39:30,533 - INFO - Config file found, loading...
2026-06-10 07:39:30,534 - INFO - Loaded configuration: {'theme': {'type': 'color', 'color': '#000000', 'wallpaper': None, 'taskbar_color': '#c0c0c0', 'window_title_color': '#000080'}, 'system': {'startup_sound': 'false', 'enable_sounds': 'false', 'show_clock': 'true', 'auto_hide_windows_taskbar': 'true'}}
2026-06-10 07:39:30,535 - INFO - Windows taskbar hidden
2026-06-10 07:39:30,535 - INFO - System settings applied: sounds=False, clock=True, auto_hide_taskbar=True
2026-06-10 07:39:30,536 - INFO - Looking for config file at: C:\Users\Jonathan\EazyOS\OS\boot\safemode\OS\eazyos_config.json
2026-06-10 07:39:30,536 - INFO - Config file found, loading...
2026-06-10 07:39:30,536 - INFO - Loaded configuration: {'theme': {'type': 'color', 'color': '#000000', 'wallpaper': None, 'taskbar_color': '#c0c0c0', 'window_title_color': '#000080'}, 'system': {'startup_sound': 'false', 'enable_sounds': 'false', 'show_clock': 'true', 'auto_hide_windows_taskbar': 'true'}}
2026-06-10 07:39:30,536 - INFO - EazyOS Desktop initialized successfully
2026-06-10 07:39:30,634 - INFO - Loading saved theme...
2026-06-10 07:39:30,634 - INFO - Looking for config file at: C:\Users\Jonathan\EazyOS\OS\boot\safemode\OS\eazyos_config.json
2026-06-10 07:39:30,634 - INFO - Config file found, loading...
2026-06-10 07:39:30,634 - INFO - Loaded configuration: {'theme': {'type': 'color', 'color': '#000000', 'wallpaper': None, 'taskbar_color': '#c0c0c0', 'window_title_color': '#000080'}, 'system': {'startup_sound': 'false', 'enable_sounds': 'false', 'show_clock': 'true', 'auto_hide_windows_taskbar': 'true'}}
2026-06-10 07:39:30,635 - INFO - Applied background color: #000000
2026-06-10 07:39:30,635 - INFO - apply_from_config: type=color, taskbar=#c0c0c0, title_bar=#000080
2026-06-10 07:39:34,344 - INFO - Windows taskbar restored
2026-06-10 07:39:46,566 - INFO - Windows taskbar restored
2026-06-10 07:40:31,670 - INFO - Looking for config file at: C:\Users\Jonathan\EazyOS\OS\boot\safemode\OS\eazyos_config.json
2026-06-10 07:40:31,671 - INFO - Config file found, loading...
2026-06-10 07:40:31,671 - INFO - Loaded configuration: {'theme': {'type': 'color', 'color': '#000000', 'wallpaper': None, 'taskbar_color': '#c0c0c0', 'window_title_color': '#000080'}, 'system': {'startup_sound': 'false', 'enable_sounds': 'false', 'show_clock': 'true', 'auto_hide_windows_taskbar': 'true'}}
2026-06-10 07:40:31,671 - WARNING - BIOS system file not found: bios.py
2026-06-10 07:40:31,684 - INFO - Looking for config file at: C:\Users\Jonathan\EazyOS\OS\boot\safemode\OS\eazyos_config.json
2026-06-10 07:40:31,684 - INFO - Config file found, loading...
2026-06-10 07:40:31,685 - INFO - Loaded configuration: {'theme': {'type': 'color', 'color': '#000000', 'wallpaper': None, 'taskbar_color': '#c0c0c0', 'window_title_color': '#000080'}, 'system': {'startup_sound': 'false', 'enable_sounds': 'false', 'show_clock': 'true', 'auto_hide_windows_taskbar': 'true'}}
2026-06-10 07:40:31,686 - INFO - Windows taskbar hidden
2026-06-10 07:40:31,686 - INFO - System settings applied: sounds=False, clock=True, auto_hide_taskbar=True
2026-06-10 07:40:31,687 - INFO - Looking for config file at: C:\Users\Jonathan\EazyOS\OS\boot\safemode\OS\eazyos_config.json
2026-06-10 07:40:31,687 - INFO - Config file found, loading...
2026-06-10 07:40:31,687 - INFO - Loaded configuration: {'theme': {'type': 'color', 'color': '#000000', 'wallpaper': None, 'taskbar_color': '#c0c0c0', 'window_title_color': '#000080'}, 'system': {'startup_sound': 'false', 'enable_sounds': 'false', 'show_clock': 'true', 'auto_hide_windows_taskbar': 'true'}}
2026-06-10 07:40:31,687 - INFO - EazyOS Desktop initialized successfully
2026-06-10 07:40:31,784 - INFO - Loading saved theme...
2026-06-10 07:40:31,784 - INFO - Looking for config file at: C:\Users\Jonathan\EazyOS\OS\boot\safemode\OS\eazyos_config.json
2026-06-10 07:40:31,785 - INFO - Config file found, loading...
2026-06-10 07:40:31,785 - INFO - Loaded configuration: {'theme': {'type': 'color', 'color': '#000000', 'wallpaper': None, 'taskbar_color': '#c0c0c0', 'window_title_color': '#000080'}, 'system': {'startup_sound': 'false', 'enable_sounds': 'false', 'show_clock': 'true', 'auto_hide_windows_taskbar': 'true'}}
2026-06-10 07:40:31,786 - INFO - Applied background color: #000000
2026-06-10 07:40:31,786 - INFO - apply_from_config: type=color, taskbar=#c0c0c0, title_bar=#000080
2026-06-10 07:40:34,790 - INFO - Windows taskbar restored
2026-06-10 07:40:48,138 - INFO - Windows taskbar restored
2026-06-10 07:42:41,069 - INFO - Looking for config file at: C:\Users\Jonathan\EazyOS\OS\boot\safemode\OS\eazyos_config.json
2026-06-10 07:42:41,069 - INFO - Config file found, loading...
2026-06-10 07:42:41,070 - INFO - Loaded configuration: {'theme': {'type': 'color', 'color': '#000000', 'wallpaper': None, 'taskbar_color': '#c0c0c0', 'window_title_color': '#000080'}, 'system': {'startup_sound': 'false', 'enable_sounds': 'false', 'show_clock': 'true', 'auto_hide_windows_taskbar': 'true'}}
2026-06-10 07:42:41,070 - WARNING - BIOS system file not found: bios.py
2026-06-10 07:42:41,113 - INFO - Looking for config file at: C:\Users\Jonathan\EazyOS\OS\boot\safemode\OS\eazyos_config.json
2026-06-10 07:42:41,114 - INFO - Config file found, loading...
2026-06-10 07:42:41,114 - INFO - Loaded configuration: {'theme': {'type': 'color', 'color': '#000000', 'wallpaper': None, 'taskbar_color': '#c0c0c0', 'window_title_color': '#000080'}, 'system': {'startup_sound': 'false', 'enable_sounds': 'false', 'show_clock': 'true', 'auto_hide_windows_taskbar': 'true'}}
2026-06-10 07:42:41,125 - INFO - Windows taskbar hidden
2026-06-10 07:42:41,126 - INFO - System settings applied: sounds=False, clock=True, auto_hide_taskbar=True
2026-06-10 07:42:41,126 - INFO - Looking for config file at: C:\Users\Jonathan\EazyOS\OS\boot\safemode\OS\eazyos_config.json
2026-06-10 07:42:41,126 - INFO - Config file found, loading...
2026-06-10 07:42:41,127 - INFO - Loaded configuration: {'theme': {'type': 'color', 'color': '#000000', 'wallpaper': None, 'taskbar_color': '#c0c0c0', 'window_title_color': '#000080'}, 'system': {'startup_sound': 'false', 'enable_sounds': 'false', 'show_clock': 'true', 'auto_hide_windows_taskbar': 'true'}}
2026-06-10 07:42:41,127 - INFO - EazyOS Desktop initialized successfully
2026-06-10 07:42:41,215 - INFO - Loading saved theme...
2026-06-10 07:42:41,216 - INFO - Looking for config file at: C:\Users\Jonathan\EazyOS\OS\boot\safemode\OS\eazyos_config.json
2026-06-10 07:42:41,216 - INFO - Config file found, loading...
2026-06-10 07:42:41,216 - INFO - Loaded configuration: {'theme': {'type': 'color', 'color': '#000000', 'wallpaper': None, 'taskbar_color': '#c0c0c0', 'window_title_color': '#000080'}, 'system': {'startup_sound': 'false', 'enable_sounds': 'false', 'show_clock': 'true', 'auto_hide_windows_taskbar': 'true'}}
2026-06-10 07:42:41,217 - INFO - Applied background color: #000000
2026-06-10 07:42:41,217 - INFO - apply_from_config: type=color, taskbar=#c0c0c0, title_bar=#000080
2026-06-10 07:42:45,090 - INFO - Windows taskbar restored
2026-06-10 07:42:49,458 - INFO - Windows taskbar restored
2026-06-10 07:43:31,744 - INFO - Looking for config file at: C:\Users\Jonathan\eazyos\os\boot\safemode\os\eazyos_config.json
2026-06-10 07:43:31,744 - INFO - Config file found, loading...
2026-06-10 07:43:31,744 - INFO - Loaded configuration: {'theme': {'type': 'color', 'color': '#000000', 'wallpaper': None, 'taskbar_color': '#c0c0c0', 'window_title_color': '#000080'}, 'system': {'startup_sound': 'false', 'enable_sounds': 'false', 'show_clock': 'true', 'auto_hide_windows_taskbar': 'true'}}
2026-06-10 07:43:31,744 - WARNING - BIOS system file not found: bios.py
2026-06-10 07:43:31,758 - INFO - Looking for config file at: C:\Users\Jonathan\eazyos\os\boot\safemode\os\eazyos_config.json
2026-06-10 07:43:31,758 - INFO - Config file found, loading...
2026-06-10 07:43:31,758 - INFO - Loaded configuration: {'theme': {'type': 'color', 'color': '#000000', 'wallpaper': None, 'taskbar_color': '#c0c0c0', 'window_title_color': '#000080'}, 'system': {'startup_sound': 'false', 'enable_sounds': 'false', 'show_clock': 'true', 'auto_hide_windows_taskbar': 'true'}}
2026-06-10 07:43:31,760 - INFO - Windows taskbar hidden
2026-06-10 07:43:31,760 - INFO - System settings applied: sounds=False, clock=True, auto_hide_taskbar=True
2026-06-10 07:43:31,761 - INFO - Looking for config file at: C:\Users\Jonathan\eazyos\os\boot\safemode\os\eazyos_config.json
2026-06-10 07:43:31,761 - INFO - Config file found, loading...
2026-06-10 07:43:31,761 - INFO - Loaded configuration: {'theme': {'type': 'color', 'color': '#000000', 'wallpaper': None, 'taskbar_color': '#c0c0c0', 'window_title_color': '#000080'}, 'system': {'startup_sound': 'false', 'enable_sounds': 'false', 'show_clock': 'true', 'auto_hide_windows_taskbar': 'true'}}
2026-06-10 07:43:31,761 - INFO - EazyOS Desktop initialized successfully
2026-06-10 07:43:31,858 - INFO - Loading saved theme...
2026-06-10 07:43:31,858 - INFO - Looking for config file at: C:\Users\Jonathan\eazyos\os\boot\safemode\os\eazyos_config.json
2026-06-10 07:43:31,858 - INFO - Config file found, loading...
2026-06-10 07:43:31,859 - INFO - Loaded configuration: {'theme': {'type': 'color', 'color': '#000000', 'wallpaper': None, 'taskbar_color': '#c0c0c0', 'window_title_color': '#000080'}, 'system': {'startup_sound': 'false', 'enable_sounds': 'false', 'show_clock': 'true', 'auto_hide_windows_taskbar': 'true'}}
2026-06-10 07:43:31,859 - INFO - Applied background color: #000000
2026-06-10 07:43:31,859 - INFO - apply_from_config: type=color, taskbar=#c0c0c0, title_bar=#000080
2026-06-10 07:43:39,666 - INFO - Windows taskbar restored
2026-06-10 07:43:44,055 - INFO - Windows taskbar restored
2026-06-10 07:45:27,282 - INFO - Looking for config file at: C:\Users\Jonathan\eazyos\os\boot\safemode\os\eazyos_config.json
2026-06-10 07:45:27,282 - INFO - Config file found, loading...
2026-06-10 07:45:27,282 - INFO - Loaded configuration: {'theme': {'type': 'color', 'color': '#000000', 'wallpaper': None, 'taskbar_color': '#c0c0c0', 'window_title_color': '#000080'}, 'system': {'startup_sound': 'false', 'enable_sounds': 'false', 'show_clock': 'true', 'auto_hide_windows_taskbar': 'true'}}
2026-06-10 07:45:27,283 - WARNING - BIOS system file not found: bios.py
2026-06-10 07:45:27,295 - INFO - Looking for config file at: C:\Users\Jonathan\eazyos\os\boot\safemode\os\eazyos_config.json
2026-06-10 07:45:27,295 - INFO - Config file found, loading...
2026-06-10 07:45:27,295 - INFO - Loaded configuration: {'theme': {'type': 'color', 'color': '#000000', 'wallpaper': None, 'taskbar_color': '#c0c0c0', 'window_title_color': '#000080'}, 'system': {'startup_sound': 'false', 'enable_sounds': 'false', 'show_clock': 'true', 'auto_hide_windows_taskbar': 'true'}}
2026-06-10 07:45:27,297 - INFO - Windows taskbar hidden
2026-06-10 07:45:27,297 - INFO - System settings applied: sounds=False, clock=True, auto_hide_taskbar=True
2026-06-10 07:45:27,298 - INFO - Looking for config file at: C:\Users\Jonathan\eazyos\os\boot\safemode\os\eazyos_config.json
2026-06-10 07:45:27,298 - INFO - Config file found, loading...
2026-06-10 07:45:27,298 - INFO - Loaded configuration: {'theme': {'type': 'color', 'color': '#000000', 'wallpaper': None, 'taskbar_color': '#c0c0c0', 'window_title_color': '#000080'}, 'system': {'startup_sound': 'false', 'enable_sounds': 'false', 'show_clock': 'true', 'auto_hide_windows_taskbar': 'true'}}
2026-06-10 07:45:27,298 - INFO - EazyOS Desktop initialized successfully
2026-06-10 07:45:27,395 - INFO - Loading saved theme...
2026-06-10 07:45:27,395 - INFO - Looking for config file at: C:\Users\Jonathan\eazyos\os\boot\safemode\os\eazyos_config.json
2026-06-10 07:45:27,396 - INFO - Config file found, loading...
2026-06-10 07:45:27,396 - INFO - Loaded configuration: {'theme': {'type': 'color', 'color': '#000000', 'wallpaper': None, 'taskbar_color': '#c0c0c0', 'window_title_color': '#000080'}, 'system': {'startup_sound': 'false', 'enable_sounds': 'false', 'show_clock': 'true', 'auto_hide_windows_taskbar': 'true'}}
2026-06-10 07:45:27,396 - INFO - Applied background color: #000000
2026-06-10 07:45:27,397 - INFO - apply_from_config: type=color, taskbar=#c0c0c0, title_bar=#000080
2026-06-10 07:45:31,934 - INFO - Windows taskbar restored
2026-06-10 07:45:32,109 - INFO - Windows taskbar restored
2026-06-10 07:45:54,766 - INFO - Looking for config file at: C:\Users\Jonathan\eazyos\os\boot\safemode\os\eazyos_config.json
2026-06-10 07:45:54,767 - INFO - Config file found, loading...
2026-06-10 07:45:54,767 - INFO - Loaded configuration: {'theme': {'type': 'color', 'color': '#000000', 'wallpaper': None, 'taskbar_color': '#c0c0c0', 'window_title_color': '#000080'}, 'system': {'startup_sound': 'false', 'enable_sounds': 'false', 'show_clock': 'true', 'auto_hide_windows_taskbar': 'true'}}
2026-06-10 07:45:54,767 - WARNING - BIOS system file not found: bios.py
2026-06-10 07:45:54,779 - INFO - Looking for config file at: C:\Users\Jonathan\eazyos\os\boot\safemode\os\eazyos_config.json
2026-06-10 07:45:54,779 - INFO - Config file found, loading...
2026-06-10 07:45:54,780 - INFO - Loaded configuration: {'theme': {'type': 'color', 'color': '#000000', 'wallpaper': None, 'taskbar_color': '#c0c0c0', 'window_title_color': '#000080'}, 'system': {'startup_sound': 'false', 'enable_sounds': 'false', 'show_clock': 'true', 'auto_hide_windows_taskbar': 'true'}}
2026-06-10 07:45:54,781 - INFO - Windows taskbar hidden
2026-06-10 07:45:54,781 - INFO - System settings applied: sounds=False, clock=True, auto_hide_taskbar=True
2026-06-10 07:45:54,782 - INFO - Looking for config file at: C:\Users\Jonathan\eazyos\os\boot\safemode\os\eazyos_config.json
2026-06-10 07:45:54,782 - INFO - Config file found, loading...
2026-06-10 07:45:54,782 - INFO - Loaded configuration: {'theme': {'type': 'color', 'color': '#000000', 'wallpaper': None, 'taskbar_color': '#c0c0c0', 'window_title_color': '#000080'}, 'system': {'startup_sound': 'false', 'enable_sounds': 'false', 'show_clock': 'true', 'auto_hide_windows_taskbar': 'true'}}
2026-06-10 07:45:54,782 - INFO - EazyOS Desktop initialized successfully
2026-06-10 07:45:54,880 - INFO - Loading saved theme...
2026-06-10 07:45:54,880 - INFO - Looking for config file at: C:\Users\Jonathan\eazyos\os\boot\safemode\os\eazyos_config.json
2026-06-10 07:45:54,880 - INFO - Config file found, loading...
2026-06-10 07:45:54,881 - INFO - Loaded configuration: {'theme': {'type': 'color', 'color': '#000000', 'wallpaper': None, 'taskbar_color': '#c0c0c0', 'window_title_color': '#000080'}, 'system': {'startup_sound': 'false', 'enable_sounds': 'false', 'show_clock': 'true', 'auto_hide_windows_taskbar': 'true'}}
2026-06-10 07:45:54,881 - INFO - Applied background color: #000000
2026-06-10 07:45:54,881 - INFO - apply_from_config: type=color, taskbar=#c0c0c0, title_bar=#000080
2026-06-10 07:45:59,540 - INFO - Windows taskbar restored
2026-06-10 07:45:59,709 - INFO - Windows taskbar restored
2026-06-10 07:46:23,262 - INFO - Looking for config file at: C:\Users\Jonathan\eazyos\os\boot\safemode\os\eazyos_config.json
2026-06-10 07:46:23,262 - INFO - Config file found, loading...
2026-06-10 07:46:23,263 - INFO - Loaded configuration: {'theme': {'type': 'color', 'color': '#000000', 'wallpaper': None, 'taskbar_color': '#c0c0c0', 'window_title_color': '#000080'}, 'system': {'startup_sound': 'false', 'enable_sounds': 'false', 'show_clock': 'true', 'auto_hide_windows_taskbar': 'true'}}
2026-06-10 07:46:23,263 - WARNING - BIOS system file not found: bios.py
2026-06-10 07:46:23,276 - INFO - Looking for config file at: C:\Users\Jonathan\eazyos\os\boot\safemode\os\eazyos_config.json
2026-06-10 07:46:23,276 - INFO - Config file found, loading...
2026-06-10 07:46:23,276 - INFO - Loaded configuration: {'theme': {'type': 'color', 'color': '#000000', 'wallpaper': None, 'taskbar_color': '#c0c0c0', 'window_title_color': '#000080'}, 'system': {'startup_sound': 'false', 'enable_sounds': 'false', 'show_clock': 'true', 'auto_hide_windows_taskbar': 'true'}}
2026-06-10 07:46:23,278 - INFO - Windows taskbar hidden
2026-06-10 07:46:23,278 - INFO - System settings applied: sounds=False, clock=True, auto_hide_taskbar=True
2026-06-10 07:46:23,279 - INFO - Looking for config file at: C:\Users\Jonathan\eazyos\os\boot\safemode\os\eazyos_config.json
2026-06-10 07:46:23,279 - INFO - Config file found, loading...
2026-06-10 07:46:23,279 - INFO - Loaded configuration: {'theme': {'type': 'color', 'color': '#000000', 'wallpaper': None, 'taskbar_color': '#c0c0c0', 'window_title_color': '#000080'}, 'system': {'startup_sound': 'false', 'enable_sounds': 'false', 'show_clock': 'true', 'auto_hide_windows_taskbar': 'true'}}
2026-06-10 07:46:23,279 - INFO - EazyOS Desktop initialized successfully
2026-06-10 07:46:23,376 - INFO - Loading saved theme...
2026-06-10 07:46:23,376 - INFO - Looking for config file at: C:\Users\Jonathan\eazyos\os\boot\safemode\os\eazyos_config.json
2026-06-10 07:46:23,377 - INFO - Config file found, loading...
2026-06-10 07:46:23,377 - INFO - Loaded configuration: {'theme': {'type': 'color', 'color': '#000000', 'wallpaper': None, 'taskbar_color': '#c0c0c0', 'window_title_color': '#000080'}, 'system': {'startup_sound': 'false', 'enable_sounds': 'false', 'show_clock': 'true', 'auto_hide_windows_taskbar': 'true'}}
2026-06-10 07:46:23,377 - INFO - Applied background color: #000000
2026-06-10 07:46:23,378 - INFO - apply_from_config: type=color, taskbar=#c0c0c0, title_bar=#000080
2026-06-10 07:46:27,070 - INFO - Windows taskbar restored
2026-06-10 07:46:31,465 - INFO - Windows taskbar restored
2026-06-10 07:47:18,854 - INFO - Looking for config file at: C:\Users\Jonathan\EazyOS\OS\boot\safemode\OS\eazyos_config.json
2026-06-10 07:47:18,855 - INFO - Config file found, loading...
2026-06-10 07:47:18,855 - INFO - Loaded configuration: {'theme': {'type': 'color', 'color': '#000000', 'wallpaper': None, 'taskbar_color': '#c0c0c0', 'window_title_color': '#000080'}, 'system': {'startup_sound': 'false', 'enable_sounds': 'false', 'show_clock': 'true', 'auto_hide_windows_taskbar': 'true'}}
2026-06-10 07:47:18,855 - WARNING - BIOS system file not found: bios.py
2026-06-10 07:47:18,868 - INFO - Looking for config file at: C:\Users\Jonathan\EazyOS\OS\boot\safemode\OS\eazyos_config.json
2026-06-10 07:47:18,869 - INFO - Config file found, loading...
2026-06-10 07:47:18,869 - INFO - Loaded configuration: {'theme': {'type': 'color', 'color': '#000000', 'wallpaper': None, 'taskbar_color': '#c0c0c0', 'window_title_color': '#000080'}, 'system': {'startup_sound': 'false', 'enable_sounds': 'false', 'show_clock': 'true', 'auto_hide_windows_taskbar': 'true'}}
2026-06-10 07:47:18,870 - INFO - Windows taskbar hidden
2026-06-10 07:47:18,870 - INFO - System settings applied: sounds=False, clock=True, auto_hide_taskbar=True
2026-06-10 07:47:18,871 - INFO - Looking for config file at: C:\Users\Jonathan\EazyOS\OS\boot\safemode\OS\eazyos_config.json
2026-06-10 07:47:18,871 - INFO - Config file found, loading...
2026-06-10 07:47:18,871 - INFO - Loaded configuration: {'theme': {'type': 'color', 'color': '#000000', 'wallpaper': None, 'taskbar_color': '#c0c0c0', 'window_title_color': '#000080'}, 'system': {'startup_sound': 'false', 'enable_sounds': 'false', 'show_clock': 'true', 'auto_hide_windows_taskbar': 'true'}}
2026-06-10 07:47:18,872 - INFO - EazyOS Desktop initialized successfully
2026-06-10 07:47:18,969 - INFO - Loading saved theme...
2026-06-10 07:47:18,969 - INFO - Looking for config file at: C:\Users\Jonathan\EazyOS\OS\boot\safemode\OS\eazyos_config.json
2026-06-10 07:47:18,969 - INFO - Config file found, loading...
2026-06-10 07:47:18,970 - INFO - Loaded configuration: {'theme': {'type': 'color', 'color': '#000000', 'wallpaper': None, 'taskbar_color': '#c0c0c0', 'window_title_color': '#000080'}, 'system': {'startup_sound': 'false', 'enable_sounds': 'false', 'show_clock': 'true', 'auto_hide_windows_taskbar': 'true'}}
2026-06-10 07:47:18,970 - INFO - Applied background color: #000000
2026-06-10 07:47:18,970 - INFO - apply_from_config: type=color, taskbar=#c0c0c0, title_bar=#000080
2026-06-10 07:47:22,041 - INFO - Windows taskbar restored
2026-06-10 07:47:26,432 - INFO - Windows taskbar restored
2026-06-10 07:50:34,201 - INFO - Looking for config file at: C:\Users\Jonathan\EazyOS\OS\boot\safemode\OS\eazyos_config.json
2026-06-10 07:50:34,201 - INFO - Config file found, loading...
2026-06-10 07:50:34,202 - INFO - Loaded configuration: {'theme': {'type': 'color', 'color': '#000000', 'wallpaper': None, 'taskbar_color': '#c0c0c0', 'window_title_color': '#000080'}, 'system': {'startup_sound': 'false', 'enable_sounds': 'false', 'show_clock': 'true', 'auto_hide_windows_taskbar': 'true'}}
2026-06-10 07:50:34,220 - INFO - Looking for config file at: C:\Users\Jonathan\EazyOS\OS\boot\safemode\OS\eazyos_config.json
2026-06-10 07:50:34,221 - INFO - Config file found, loading...
2026-06-10 07:50:34,221 - INFO - Loaded configuration: {'theme': {'type': 'color', 'color': '#000000', 'wallpaper': None, 'taskbar_color': '#c0c0c0', 'window_title_color': '#000080'}, 'system': {'startup_sound': 'false', 'enable_sounds': 'false', 'show_clock': 'true', 'auto_hide_windows_taskbar': 'true'}}
2026-06-10 07:50:34,222 - INFO - Windows taskbar hidden
2026-06-10 07:50:34,223 - INFO - System settings applied: sounds=False, clock=True, auto_hide_taskbar=True
2026-06-10 07:50:34,223 - INFO - Looking for config file at: C:\Users\Jonathan\EazyOS\OS\boot\safemode\OS\eazyos_config.json
2026-06-10 07:50:34,223 - INFO - Config file found, loading...
2026-06-10 07:50:34,224 - INFO - Loaded configuration: {'theme': {'type': 'color', 'color': '#000000', 'wallpaper': None, 'taskbar_color': '#c0c0c0', 'window_title_color': '#000080'}, 'system': {'startup_sound': 'false', 'enable_sounds': 'false', 'show_clock': 'true', 'auto_hide_windows_taskbar': 'true'}}
2026-06-10 07:50:34,224 - INFO - EazyOS Desktop initialized successfully
2026-06-10 07:50:34,321 - INFO - Loading saved theme...
2026-06-10 07:50:34,321 - INFO - Looking for config file at: C:\Users\Jonathan\EazyOS\OS\boot\safemode\OS\eazyos_config.json
2026-06-10 07:50:34,321 - INFO - Config file found, loading...
2026-06-10 07:50:34,322 - INFO - Loaded configuration: {'theme': {'type': 'color', 'color': '#000000', 'wallpaper': None, 'taskbar_color': '#c0c0c0', 'window_title_color': '#000080'}, 'system': {'startup_sound': 'false', 'enable_sounds': 'false', 'show_clock': 'true', 'auto_hide_windows_taskbar': 'true'}}
2026-06-10 07:50:34,322 - INFO - Applied background color: #000000
2026-06-10 07:50:34,322 - INFO - apply_from_config: type=color, taskbar=#c0c0c0, title_bar=#000080
2026-06-10 07:50:38,321 - INFO - Windows taskbar restored
2026-06-10 07:50:42,711 - INFO - Windows taskbar restored
2026-06-10 07:53:01,931 - INFO - Looking for config file at: C:\Users\Jonathan\EazyOS\OS\boot\safemode\OS\eazyos_config.json
2026-06-10 07:53:01,931 - INFO - Config file found, loading...
2026-06-10 07:53:01,932 - INFO - Loaded configuration: {'theme': {'type': 'color', 'color': '#000000', 'wallpaper': None, 'taskbar_color': '#c0c0c0', 'window_title_color': '#000080'}, 'system': {'startup_sound': 'false', 'enable_sounds': 'false', 'show_clock': 'true', 'auto_hide_windows_taskbar': 'true'}}
2026-06-10 07:53:01,945 - INFO - Looking for config file at: C:\Users\Jonathan\EazyOS\OS\boot\safemode\OS\eazyos_config.json
2026-06-10 07:53:01,945 - INFO - Config file found, loading...
2026-06-10 07:53:01,946 - INFO - Loaded configuration: {'theme': {'type': 'color', 'color': '#000000', 'wallpaper': None, 'taskbar_color': '#c0c0c0', 'window_title_color': '#000080'}, 'system': {'startup_sound': 'false', 'enable_sounds': 'false', 'show_clock': 'true', 'auto_hide_windows_taskbar': 'true'}}
2026-06-10 07:53:01,947 - INFO - Windows taskbar hidden
2026-06-10 07:53:01,947 - INFO - System settings applied: sounds=False, clock=True, auto_hide_taskbar=True
2026-06-10 07:53:01,948 - INFO - Looking for config file at: C:\Users\Jonathan\EazyOS\OS\boot\safemode\OS\eazyos_config.json
2026-06-10 07:53:01,948 - INFO - Config file found, loading...
2026-06-10 07:53:01,948 - INFO - Loaded configuration: {'theme': {'type': 'color', 'color': '#000000', 'wallpaper': None, 'taskbar_color': '#c0c0c0', 'window_title_color': '#000080'}, 'system': {'startup_sound': 'false', 'enable_sounds': 'false', 'show_clock': 'true', 'auto_hide_windows_taskbar': 'true'}}
2026-06-10 07:53:01,949 - INFO - EazyOS Desktop initialized successfully
2026-06-10 07:53:02,045 - INFO - Loading saved theme...
2026-06-10 07:53:02,045 - INFO - Looking for config file at: C:\Users\Jonathan\EazyOS\OS\boot\safemode\OS\eazyos_config.json
2026-06-10 07:53:02,046 - INFO - Config file found, loading...
2026-06-10 07:53:02,046 - INFO - Loaded configuration: {'theme': {'type': 'color', 'color': '#000000', 'wallpaper': None, 'taskbar_color': '#c0c0c0', 'window_title_color': '#000080'}, 'system': {'startup_sound': 'false', 'enable_sounds': 'false', 'show_clock': 'true', 'auto_hide_windows_taskbar': 'true'}}
2026-06-10 07:53:02,047 - INFO - Applied background color: #000000
2026-06-10 07:53:02,047 - INFO - apply_from_config: type=color, taskbar=#c0c0c0, title_bar=#000080
2026-06-10 07:53:04,741 - INFO - Windows taskbar restored
2026-06-10 07:53:09,164 - INFO - Windows taskbar restored
2026-06-10 07:53:14,560 - INFO - Looking for config file at: C:\Users\Jonathan\eazyos\os\boot\safemode\os\eazyos_config.json
2026-06-10 07:53:14,560 - INFO - Config file found, loading...
2026-06-10 07:53:14,561 - INFO - Loaded configuration: {'theme': {'type': 'color', 'color': '#000000', 'wallpaper': None, 'taskbar_color': '#c0c0c0', 'window_title_color': '#000080'}, 'system': {'startup_sound': 'false', 'enable_sounds': 'false', 'show_clock': 'true', 'auto_hide_windows_taskbar': 'true'}}
2026-06-10 07:53:14,572 - INFO - Looking for config file at: C:\Users\Jonathan\eazyos\os\boot\safemode\os\eazyos_config.json
2026-06-10 07:53:14,573 - INFO - Config file found, loading...
2026-06-10 07:53:14,573 - INFO - Loaded configuration: {'theme': {'type': 'color', 'color': '#000000', 'wallpaper': None, 'taskbar_color': '#c0c0c0', 'window_title_color': '#000080'}, 'system': {'startup_sound': 'false', 'enable_sounds': 'false', 'show_clock': 'true', 'auto_hide_windows_taskbar': 'true'}}
2026-06-10 07:53:14,575 - INFO - Windows taskbar hidden
2026-06-10 07:53:14,575 - INFO - System settings applied: sounds=False, clock=True, auto_hide_taskbar=True
2026-06-10 07:53:14,576 - INFO - Looking for config file at: C:\Users\Jonathan\eazyos\os\boot\safemode\os\eazyos_config.json
2026-06-10 07:53:14,576 - INFO - Config file found, loading...
2026-06-10 07:53:14,576 - INFO - Loaded configuration: {'theme': {'type': 'color', 'color': '#000000', 'wallpaper': None, 'taskbar_color': '#c0c0c0', 'window_title_color': '#000080'}, 'system': {'startup_sound': 'false', 'enable_sounds': 'false', 'show_clock': 'true', 'auto_hide_windows_taskbar': 'true'}}
2026-06-10 07:53:14,576 - INFO - EazyOS Desktop initialized successfully
2026-06-10 07:53:14,673 - INFO - Loading saved theme...
2026-06-10 07:53:14,673 - INFO - Looking for config file at: C:\Users\Jonathan\eazyos\os\boot\safemode\os\eazyos_config.json
2026-06-10 07:53:14,673 - INFO - Config file found, loading...
2026-06-10 07:53:14,673 - INFO - Loaded configuration: {'theme': {'type': 'color', 'color': '#000000', 'wallpaper': None, 'taskbar_color': '#c0c0c0', 'window_title_color': '#000080'}, 'system': {'startup_sound': 'false', 'enable_sounds': 'false', 'show_clock': 'true', 'auto_hide_windows_taskbar': 'true'}}
2026-06-10 07:53:14,674 - INFO - Applied background color: #000000
2026-06-10 07:53:14,674 - INFO - apply_from_config: type=color, taskbar=#c0c0c0, title_bar=#000080
2026-06-10 07:53:17,645 - INFO - Windows taskbar restored
2026-06-10 07:53:22,058 - INFO - Windows taskbar restored
2026-06-10 07:54:08,087 - INFO - Looking for config file at: C:\Users\Jonathan\EazyOS\OS\boot\safemode\OS\eazyos_config.json
2026-06-10 07:54:08,088 - INFO - Config file found, loading...
2026-06-10 07:54:08,088 - INFO - Loaded configuration: {'theme': {'type': 'color', 'color': '#000000', 'wallpaper': None, 'taskbar_color': '#c0c0c0', 'window_title_color': '#000080'}, 'system': {'startup_sound': 'false', 'enable_sounds': 'false', 'show_clock': 'true', 'auto_hide_windows_taskbar': 'true'}}
2026-06-10 07:54:08,119 - INFO - Looking for config file at: C:\Users\Jonathan\EazyOS\OS\boot\safemode\OS\eazyos_config.json
2026-06-10 07:54:08,119 - INFO - Config file found, loading...
2026-06-10 07:54:08,119 - INFO - Loaded configuration: {'theme': {'type': 'color', 'color': '#000000', 'wallpaper': None, 'taskbar_color': '#c0c0c0', 'window_title_color': '#000080'}, 'system': {'startup_sound': 'false', 'enable_sounds': 'false', 'show_clock': 'true', 'auto_hide_windows_taskbar': 'true'}}
2026-06-10 07:54:08,131 - INFO - Windows taskbar hidden
2026-06-10 07:54:08,131 - INFO - System settings applied: sounds=False, clock=True, auto_hide_taskbar=True
2026-06-10 07:54:08,132 - INFO - Looking for config file at: C:\Users\Jonathan\EazyOS\OS\boot\safemode\OS\eazyos_config.json
2026-06-10 07:54:08,132 - INFO - Config file found, loading...
2026-06-10 07:54:08,132 - INFO - Loaded configuration: {'theme': {'type': 'color', 'color': '#000000', 'wallpaper': None, 'taskbar_color': '#c0c0c0', 'window_title_color': '#000080'}, 'system': {'startup_sound': 'false', 'enable_sounds': 'false', 'show_clock': 'true', 'auto_hide_windows_taskbar': 'true'}}
2026-06-10 07:54:08,132 - INFO - EazyOS Desktop initialized successfully
2026-06-10 07:54:08,221 - INFO - Loading saved theme...
2026-06-10 07:54:08,221 - INFO - Looking for config file at: C:\Users\Jonathan\EazyOS\OS\boot\safemode\OS\eazyos_config.json
2026-06-10 07:54:08,221 - INFO - Config file found, loading...
2026-06-10 07:54:08,221 - INFO - Loaded configuration: {'theme': {'type': 'color', 'color': '#000000', 'wallpaper': None, 'taskbar_color': '#c0c0c0', 'window_title_color': '#000080'}, 'system': {'startup_sound': 'false', 'enable_sounds': 'false', 'show_clock': 'true', 'auto_hide_windows_taskbar': 'true'}}
2026-06-10 07:54:08,222 - INFO - Applied background color: #000000
2026-06-10 07:54:08,223 - INFO - apply_from_config: type=color, taskbar=#c0c0c0, title_bar=#000080
2026-06-10 07:54:11,079 - INFO - Windows taskbar restored
2026-06-10 07:54:15,475 - INFO - Windows taskbar restored
2026-06-10 15:20:33,915 - INFO - Looking for config file at: C:\Users\Jonathan\EazyOS\OS\eazyos_config.json
2026-06-10 15:20:33,916 - INFO - Config file found, loading...
2026-06-10 15:20:33,917 - INFO - Loaded configuration: {'theme': {'type': 'color', 'color': '#008080', 'wallpaper': None, 'taskbar_color': '#c0c0c0', 'window_title_color': '#000080'}, 'system': {'startup_sound': 'true', 'enable_sounds': 'true', 'show_clock': 'true', 'auto_hide_windows_taskbar': 'true'}}
2026-06-10 15:20:33,941 - INFO - Looking for config file at: C:\Users\Jonathan\EazyOS\OS\eazyos_config.json
2026-06-10 15:20:33,941 - INFO - Config file found, loading...
2026-06-10 15:20:33,942 - INFO - Loaded configuration: {'theme': {'type': 'color', 'color': '#008080', 'wallpaper': None, 'taskbar_color': '#c0c0c0', 'window_title_color': '#000080'}, 'system': {'startup_sound': 'true', 'enable_sounds': 'true', 'show_clock': 'true', 'auto_hide_windows_taskbar': 'true'}}
2026-06-10 15:20:33,943 - INFO - Windows taskbar hidden
2026-06-10 15:20:33,943 - INFO - System settings applied: sounds=True, clock=True, auto_hide_taskbar=True
2026-06-10 15:20:34,041 - INFO - Loading saved theme...
2026-06-10 15:20:34,042 - INFO - Looking for config file at: C:\Users\Jonathan\EazyOS\OS\eazyos_config.json
2026-06-10 15:20:34,042 - INFO - Config file found, loading...
2026-06-10 15:20:34,042 - INFO - Loaded configuration: {'theme': {'type': 'color', 'color': '#008080', 'wallpaper': None, 'taskbar_color': '#c0c0c0', 'window_title_color': '#000080'}, 'system': {'startup_sound': 'true', 'enable_sounds': 'true', 'show_clock': 'true', 'auto_hide_windows_taskbar': 'true'}}
2026-06-10 15:20:34,043 - INFO - Applied background color: #008080
2026-06-10 15:20:34,043 - INFO - apply_from_config: type=color, taskbar=#c0c0c0, title_bar=#000080
2026-06-10 15:20:34,050 - INFO - Looking for config file at: C:\Users\Jonathan\EazyOS\OS\eazyos_config.json
2026-06-10 15:20:34,050 - INFO - Config file found, loading...
2026-06-10 15:20:34,051 - INFO - Loaded configuration: {'theme': {'type': 'color', 'color': '#008080', 'wallpaper': None, 'taskbar_color': '#c0c0c0', 'window_title_color': '#000080'}, 'system': {'startup_sound': 'true', 'enable_sounds': 'true', 'show_clock': 'true', 'auto_hide_windows_taskbar': 'true'}}
2026-06-10 15:20:34,053 - INFO - Playing sound: The Microsoft Sound.wav
2026-06-10 15:20:34,647 - INFO - Windows taskbar restored
2026-06-10 15:20:45,442 - INFO - Looking for config file at: C:\Users\Jonathan\EazyOS\OS\boot\safemode\OS\eazyos_config.json
2026-06-10 15:20:45,442 - INFO - Config file found, loading...
2026-06-10 15:20:45,443 - INFO - Loaded configuration: {'theme': {'type': 'color', 'color': '#000000', 'wallpaper': None, 'taskbar_color': '#c0c0c0', 'window_title_color': '#000080'}, 'system': {'startup_sound': 'false', 'enable_sounds': 'false', 'show_clock': 'true', 'auto_hide_windows_taskbar': 'true'}}
2026-06-10 15:20:45,465 - INFO - Looking for config file at: C:\Users\Jonathan\EazyOS\OS\boot\safemode\OS\eazyos_config.json
2026-06-10 15:20:45,465 - INFO - Config file found, loading...
2026-06-10 15:20:45,466 - INFO - Loaded configuration: {'theme': {'type': 'color', 'color': '#000000', 'wallpaper': None, 'taskbar_color': '#c0c0c0', 'window_title_color': '#000080'}, 'system': {'startup_sound': 'false', 'enable_sounds': 'false', 'show_clock': 'true', 'auto_hide_windows_taskbar': 'true'}}
2026-06-10 15:20:45,467 - INFO - Windows taskbar hidden
2026-06-10 15:20:45,468 - INFO - System settings applied: sounds=False, clock=True, auto_hide_taskbar=True
2026-06-10 15:20:45,468 - INFO - Looking for config file at: C:\Users\Jonathan\EazyOS\OS\boot\safemode\OS\eazyos_config.json
2026-06-10 15:20:45,468 - INFO - Config file found, loading...
2026-06-10 15:20:45,469 - INFO - Loaded configuration: {'theme': {'type': 'color', 'color': '#000000', 'wallpaper': None, 'taskbar_color': '#c0c0c0', 'window_title_color': '#000080'}, 'system': {'startup_sound': 'false', 'enable_sounds': 'false', 'show_clock': 'true', 'auto_hide_windows_taskbar': 'true'}}
2026-06-10 15:20:45,469 - INFO - EazyOS Desktop initialized successfully
2026-06-10 15:20:45,568 - INFO - Loading saved theme...
2026-06-10 15:20:45,568 - INFO - Looking for config file at: C:\Users\Jonathan\EazyOS\OS\boot\safemode\OS\eazyos_config.json
2026-06-10 15:20:45,568 - INFO - Config file found, loading...
2026-06-10 15:20:45,569 - INFO - Loaded configuration: {'theme': {'type': 'color', 'color': '#000000', 'wallpaper': None, 'taskbar_color': '#c0c0c0', 'window_title_color': '#000080'}, 'system': {'startup_sound': 'false', 'enable_sounds': 'false', 'show_clock': 'true', 'auto_hide_windows_taskbar': 'true'}}
2026-06-10 15:20:45,570 - INFO - Applied background color: #000000
2026-06-10 15:20:45,570 - INFO - apply_from_config: type=color, taskbar=#c0c0c0, title_bar=#000080
2026-06-10 15:20:54,346 - INFO - Windows taskbar restored
2026-06-10 15:20:54,534 - INFO - Windows taskbar restored
2026-06-10 15:27:18,036 - INFO - Looking for config file at: C:\Users\Jonathan\EazyOS\OS\eazyos_config.json
2026-06-10 15:27:18,036 - INFO - Config file found, loading...
2026-06-10 15:27:18,037 - INFO - Loaded configuration: {'theme': {'type': 'color', 'color': '#008080', 'wallpaper': None, 'taskbar_color': '#c0c0c0', 'window_title_color': '#000080'}, 'system': {'startup_sound': 'true', 'enable_sounds': 'true', 'show_clock': 'true', 'auto_hide_windows_taskbar': 'true'}}
2026-06-10 15:27:18,057 - INFO - Looking for config file at: C:\Users\Jonathan\EazyOS\OS\eazyos_config.json
2026-06-10 15:27:18,057 - INFO - Config file found, loading...
2026-06-10 15:27:18,058 - INFO - Loaded configuration: {'theme': {'type': 'color', 'color': '#008080', 'wallpaper': None, 'taskbar_color': '#c0c0c0', 'window_title_color': '#000080'}, 'system': {'startup_sound': 'true', 'enable_sounds': 'true', 'show_clock': 'true', 'auto_hide_windows_taskbar': 'true'}}
2026-06-10 15:27:18,059 - INFO - Windows taskbar hidden
2026-06-10 15:27:18,059 - INFO - System settings applied: sounds=True, clock=True, auto_hide_taskbar=True
2026-06-10 15:27:18,186 - INFO - Loading saved theme...
2026-06-10 15:27:18,186 - INFO - Looking for config file at: C:\Users\Jonathan\EazyOS\OS\eazyos_config.json
2026-06-10 15:27:18,187 - INFO - Config file found, loading...
2026-06-10 15:27:18,187 - INFO - Loaded configuration: {'theme': {'type': 'color', 'color': '#008080', 'wallpaper': None, 'taskbar_color': '#c0c0c0', 'window_title_color': '#000080'}, 'system': {'startup_sound': 'true', 'enable_sounds': 'true', 'show_clock': 'true', 'auto_hide_windows_taskbar': 'true'}}
2026-06-10 15:27:18,188 - INFO - Applied background color: #008080
2026-06-10 15:27:18,188 - INFO - apply_from_config: type=color, taskbar=#c0c0c0, title_bar=#000080
2026-06-10 15:27:18,188 - INFO - Looking for config file at: C:\Users\Jonathan\EazyOS\OS\eazyos_config.json
2026-06-10 15:27:18,188 - INFO - Config file found, loading...
2026-06-10 15:27:18,189 - INFO - Loaded configuration: {'theme': {'type': 'color', 'color': '#008080', 'wallpaper': None, 'taskbar_color': '#c0c0c0', 'window_title_color': '#000080'}, 'system': {'startup_sound': 'true', 'enable_sounds': 'true', 'show_clock': 'true', 'auto_hide_windows_taskbar': 'true'}}
2026-06-10 15:27:18,191 - INFO - Playing sound: The Microsoft Sound.wav
2026-06-10 15:27:19,920 - INFO - Playing sound: DING.wav
2026-06-10 15:27:20,924 - INFO - Playing sound: DING.wav
2026-06-10 15:27:21,562 - INFO - Playing sound: shutdown.wav
2026-06-10 15:27:25,571 - INFO - Windows taskbar restored
2026-06-10 15:27:29,997 - INFO - Windows taskbar restored
2026-06-10 15:29:19,328 - INFO - Looking for config file at: C:\Users\Jonathan\EazyOS\OS\eazyos_config.json
2026-06-10 15:29:19,328 - INFO - Config file found, loading...
2026-06-10 15:29:19,328 - INFO - Loaded configuration: {'theme': {'type': 'color', 'color': '#008080', 'wallpaper': None, 'taskbar_color': '#c0c0c0', 'window_title_color': '#000080'}, 'system': {'startup_sound': 'true', 'enable_sounds': 'true', 'show_clock': 'true', 'auto_hide_windows_taskbar': 'true'}}
2026-06-10 15:29:19,348 - INFO - Looking for config file at: C:\Users\Jonathan\EazyOS\OS\eazyos_config.json
2026-06-10 15:29:19,348 - INFO - Config file found, loading...
2026-06-10 15:29:19,348 - INFO - Loaded configuration: {'theme': {'type': 'color', 'color': '#008080', 'wallpaper': None, 'taskbar_color': '#c0c0c0', 'window_title_color': '#000080'}, 'system': {'startup_sound': 'true', 'enable_sounds': 'true', 'show_clock': 'true', 'auto_hide_windows_taskbar': 'true'}}
2026-06-10 15:29:19,350 - INFO - Windows taskbar hidden
2026-06-10 15:29:19,350 - INFO - System settings applied: sounds=True, clock=True, auto_hide_taskbar=True
2026-06-10 15:29:19,451 - INFO - Loading saved theme...
2026-06-10 15:29:19,451 - INFO - Looking for config file at: C:\Users\Jonathan\EazyOS\OS\eazyos_config.json
2026-06-10 15:29:19,451 - INFO - Config file found, loading...
2026-06-10 15:29:19,451 - INFO - Loaded configuration: {'theme': {'type': 'color', 'color': '#008080', 'wallpaper': None, 'taskbar_color': '#c0c0c0', 'window_title_color': '#000080'}, 'system': {'startup_sound': 'true', 'enable_sounds': 'true', 'show_clock': 'true', 'auto_hide_windows_taskbar': 'true'}}
2026-06-10 15:29:19,452 - INFO - Applied background color: #008080
2026-06-10 15:29:19,452 - INFO - apply_from_config: type=color, taskbar=#c0c0c0, title_bar=#000080
2026-06-10 15:29:19,453 - INFO - Looking for config file at: C:\Users\Jonathan\EazyOS\OS\eazyos_config.json
2026-06-10 15:29:19,453 - INFO - Config file found, loading...
2026-06-10 15:29:19,453 - INFO - Loaded configuration: {'theme': {'type': 'color', 'color': '#008080', 'wallpaper': None, 'taskbar_color': '#c0c0c0', 'window_title_color': '#000080'}, 'system': {'startup_sound': 'true', 'enable_sounds': 'true', 'show_clock': 'true', 'auto_hide_windows_taskbar': 'true'}}
2026-06-10 15:29:19,456 - INFO - Playing sound: The Microsoft Sound.wav
2026-06-10 15:29:21,384 - INFO - Windows taskbar restored
2026-06-10 15:29:34,326 - INFO - Looking for config file at: C:\Users\Jonathan\EazyOS\OS\boot\safemode\OS\eazyos_config.json
2026-06-10 15:29:34,327 - INFO - Config file found, loading...
2026-06-10 15:29:34,327 - INFO - Loaded configuration: {'theme': {'type': 'color', 'color': '#000000', 'wallpaper': None, 'taskbar_color': '#c0c0c0', 'window_title_color': '#000080'}, 'system': {'startup_sound': 'false', 'enable_sounds': 'false', 'show_clock': 'true', 'auto_hide_windows_taskbar': 'true'}}
2026-06-10 15:29:34,343 - INFO - Looking for config file at: C:\Users\Jonathan\EazyOS\OS\boot\safemode\OS\eazyos_config.json
2026-06-10 15:29:34,343 - INFO - Config file found, loading...
2026-06-10 15:29:34,343 - INFO - Loaded configuration: {'theme': {'type': 'color', 'color': '#000000', 'wallpaper': None, 'taskbar_color': '#c0c0c0', 'window_title_color': '#000080'}, 'system': {'startup_sound': 'false', 'enable_sounds': 'false', 'show_clock': 'true', 'auto_hide_windows_taskbar': 'true'}}
2026-06-10 15:29:34,345 - INFO - Windows taskbar hidden
2026-06-10 15:29:34,345 - INFO - System settings applied: sounds=False, clock=True, auto_hide_taskbar=True
2026-06-10 15:29:34,346 - INFO - Looking for config file at: C:\Users\Jonathan\EazyOS\OS\boot\safemode\OS\eazyos_config.json
2026-06-10 15:29:34,346 - INFO - Config file found, loading...
2026-06-10 15:29:34,346 - INFO - Loaded configuration: {'theme': {'type': 'color', 'color': '#000000', 'wallpaper': None, 'taskbar_color': '#c0c0c0', 'window_title_color': '#000080'}, 'system': {'startup_sound': 'false', 'enable_sounds': 'false', 'show_clock': 'true', 'auto_hide_windows_taskbar': 'true'}}
2026-06-10 15:29:34,346 - INFO - EazyOS Desktop initialized successfully
2026-06-10 15:29:34,443 - INFO - Loading saved theme...
2026-06-10 15:29:34,443 - INFO - Looking for config file at: C:\Users\Jonathan\EazyOS\OS\boot\safemode\OS\eazyos_config.json
2026-06-10 15:29:34,443 - INFO - Config file found, loading...
2026-06-10 15:29:34,444 - INFO - Loaded configuration: {'theme': {'type': 'color', 'color': '#000000', 'wallpaper': None, 'taskbar_color': '#c0c0c0', 'window_title_color': '#000080'}, 'system': {'startup_sound': 'false', 'enable_sounds': 'false', 'show_clock': 'true', 'auto_hide_windows_taskbar': 'true'}}
2026-06-10 15:29:34,444 - INFO - Applied background color: #000000
2026-06-10 15:29:34,444 - INFO - apply_from_config: type=color, taskbar=#c0c0c0, title_bar=#000080
2026-06-10 15:29:41,424 - INFO - Windows taskbar restored
2026-06-10 15:29:46,011 - INFO - Windows taskbar restored
2026-06-10 15:30:12,570 - INFO - Looking for config file at: C:\Users\Jonathan\eazyos\os\boot\safemode\os\eazyos_config.json
2026-06-10 15:30:12,570 - INFO - Config file found, loading...
2026-06-10 15:30:12,570 - INFO - Loaded configuration: {'theme': {'type': 'color', 'color': '#000000', 'wallpaper': None, 'taskbar_color': '#c0c0c0', 'window_title_color': '#000080'}, 'system': {'startup_sound': 'false', 'enable_sounds': 'false', 'show_clock': 'true', 'auto_hide_windows_taskbar': 'true'}}
2026-06-10 15:30:12,582 - INFO - Looking for config file at: C:\Users\Jonathan\eazyos\os\boot\safemode\os\eazyos_config.json
2026-06-10 15:30:12,582 - INFO - Config file found, loading...
2026-06-10 15:30:12,583 - INFO - Loaded configuration: {'theme': {'type': 'color', 'color': '#000000', 'wallpaper': None, 'taskbar_color': '#c0c0c0', 'window_title_color': '#000080'}, 'system': {'startup_sound': 'false', 'enable_sounds': 'false', 'show_clock': 'true', 'auto_hide_windows_taskbar': 'true'}}
2026-06-10 15:30:12,585 - INFO - Windows taskbar hidden
2026-06-10 15:30:12,585 - INFO - System settings applied: sounds=False, clock=True, auto_hide_taskbar=True
2026-06-10 15:30:12,585 - INFO - Looking for config file at: C:\Users\Jonathan\eazyos\os\boot\safemode\os\eazyos_config.json
2026-06-10 15:30:12,586 - INFO - Config file found, loading...
2026-06-10 15:30:12,586 - INFO - Loaded configuration: {'theme': {'type': 'color', 'color': '#000000', 'wallpaper': None, 'taskbar_color': '#c0c0c0', 'window_title_color': '#000080'}, 'system': {'startup_sound': 'false', 'enable_sounds': 'false', 'show_clock': 'true', 'auto_hide_windows_taskbar': 'true'}}
2026-06-10 15:30:12,586 - INFO - EazyOS Desktop initialized successfully
2026-06-10 15:30:12,682 - INFO - Loading saved theme...
2026-06-10 15:30:12,682 - INFO - Looking for config file at: C:\Users\Jonathan\eazyos\os\boot\safemode\os\eazyos_config.json
2026-06-10 15:30:12,683 - INFO - Config file found, loading...
2026-06-10 15:30:12,683 - INFO - Loaded configuration: {'theme': {'type': 'color', 'color': '#000000', 'wallpaper': None, 'taskbar_color': '#c0c0c0', 'window_title_color': '#000080'}, 'system': {'startup_sound': 'false', 'enable_sounds': 'false', 'show_clock': 'true', 'auto_hide_windows_taskbar': 'true'}}
2026-06-10 15:30:12,684 - INFO - Applied background color: #000000
2026-06-10 15:30:12,684 - INFO - apply_from_config: type=color, taskbar=#c0c0c0, title_bar=#000080
2026-06-10 15:30:16,599 - INFO - Windows taskbar restored
2026-06-10 15:30:21,165 - INFO - Windows taskbar restored
2026-06-10 15:30:47,991 - INFO - Looking for config file at: C:\Users\Jonathan\EazyOS\OS\eazyos_config.json
2026-06-10 15:30:47,991 - INFO - Config file found, loading...
2026-06-10 15:30:47,991 - INFO - Loaded configuration: {'theme': {'type': 'color', 'color': '#008080', 'wallpaper': None, 'taskbar_color': '#c0c0c0', 'window_title_color': '#000080'}, 'system': {'startup_sound': 'true', 'enable_sounds': 'true', 'show_clock': 'true', 'auto_hide_windows_taskbar': 'true'}}
2026-06-10 15:30:48,012 - INFO - Looking for config file at: C:\Users\Jonathan\EazyOS\OS\eazyos_config.json
2026-06-10 15:30:48,012 - INFO - Config file found, loading...
2026-06-10 15:30:48,012 - INFO - Loaded configuration: {'theme': {'type': 'color', 'color': '#008080', 'wallpaper': None, 'taskbar_color': '#c0c0c0', 'window_title_color': '#000080'}, 'system': {'startup_sound': 'true', 'enable_sounds': 'true', 'show_clock': 'true', 'auto_hide_windows_taskbar': 'true'}}
2026-06-10 15:30:48,014 - INFO - Windows taskbar hidden
2026-06-10 15:30:48,014 - INFO - System settings applied: sounds=True, clock=True, auto_hide_taskbar=True
2026-06-10 15:30:48,119 - INFO - Loading saved theme...
2026-06-10 15:30:48,119 - INFO - Looking for config file at: C:\Users\Jonathan\EazyOS\OS\eazyos_config.json
2026-06-10 15:30:48,119 - INFO - Config file found, loading...
2026-06-10 15:30:48,120 - INFO - Loaded configuration: {'theme': {'type': 'color', 'color': '#008080', 'wallpaper': None, 'taskbar_color': '#c0c0c0', 'window_title_color': '#000080'}, 'system': {'startup_sound': 'true', 'enable_sounds': 'true', 'show_clock': 'true', 'auto_hide_windows_taskbar': 'true'}}
2026-06-10 15:30:48,120 - INFO - Applied background color: #008080
2026-06-10 15:30:48,120 - INFO - apply_from_config: type=color, taskbar=#c0c0c0, title_bar=#000080
2026-06-10 15:30:48,120 - INFO - Looking for config file at: C:\Users\Jonathan\EazyOS\OS\eazyos_config.json
2026-06-10 15:30:48,121 - INFO - Config file found, loading...
2026-06-10 15:30:48,121 - INFO - Loaded configuration: {'theme': {'type': 'color', 'color': '#008080', 'wallpaper': None, 'taskbar_color': '#c0c0c0', 'window_title_color': '#000080'}, 'system': {'startup_sound': 'true', 'enable_sounds': 'true', 'show_clock': 'true', 'auto_hide_windows_taskbar': 'true'}}
2026-06-10 15:30:48,123 - INFO - Playing sound: The Microsoft Sound.wav
2026-06-10 15:30:49,381 - INFO - Windows taskbar restored
2026-06-10 15:30:57,729 - INFO - Looking for config file at: C:\Users\Jonathan\EazyOS\OS\boot\safemode\OS\eazyos_config.json
2026-06-10 15:30:57,729 - INFO - Config file found, loading...
2026-06-10 15:30:57,730 - INFO - Loaded configuration: {'theme': {'type': 'color', 'color': '#000000', 'wallpaper': None, 'taskbar_color': '#c0c0c0', 'window_title_color': '#000080'}, 'system': {'startup_sound': 'false', 'enable_sounds': 'false', 'show_clock': 'true', 'auto_hide_windows_taskbar': 'true'}}
2026-06-10 15:30:57,766 - INFO - Looking for config file at: C:\Users\Jonathan\EazyOS\OS\boot\safemode\OS\eazyos_config.json
2026-06-10 15:30:57,767 - INFO - Config file found, loading...
2026-06-10 15:30:57,767 - INFO - Loaded configuration: {'theme': {'type': 'color', 'color': '#000000', 'wallpaper': None, 'taskbar_color': '#c0c0c0', 'window_title_color': '#000080'}, 'system': {'startup_sound': 'false', 'enable_sounds': 'false', 'show_clock': 'true', 'auto_hide_windows_taskbar': 'true'}}
2026-06-10 15:30:57,771 - INFO - Windows taskbar hidden
2026-06-10 15:30:57,771 - INFO - System settings applied: sounds=False, clock=True, auto_hide_taskbar=True
2026-06-10 15:30:57,772 - INFO - Looking for config file at: C:\Users\Jonathan\EazyOS\OS\boot\safemode\OS\eazyos_config.json
2026-06-10 15:30:57,772 - INFO - Config file found, loading...
2026-06-10 15:30:57,772 - INFO - Loaded configuration: {'theme': {'type': 'color', 'color': '#000000', 'wallpaper': None, 'taskbar_color': '#c0c0c0', 'window_title_color': '#000080'}, 'system': {'startup_sound': 'false', 'enable_sounds': 'false', 'show_clock': 'true', 'auto_hide_windows_taskbar': 'true'}}
2026-06-10 15:30:57,772 - INFO - EazyOS Desktop initialized successfully
2026-06-10 15:30:57,867 - INFO - Loading saved theme...
2026-06-10 15:30:57,867 - INFO - Looking for config file at: C:\Users\Jonathan\EazyOS\OS\boot\safemode\OS\eazyos_config.json
2026-06-10 15:30:57,868 - INFO - Config file found, loading...
2026-06-10 15:30:57,868 - INFO - Loaded configuration: {'theme': {'type': 'color', 'color': '#000000', 'wallpaper': None, 'taskbar_color': '#c0c0c0', 'window_title_color': '#000080'}, 'system': {'startup_sound': 'false', 'enable_sounds': 'false', 'show_clock': 'true', 'auto_hide_windows_taskbar': 'true'}}
2026-06-10 15:30:57,868 - INFO - Applied background color: #000000
2026-06-10 15:30:57,869 - INFO - apply_from_config: type=color, taskbar=#c0c0c0, title_bar=#000080
2026-06-10 15:31:03,742 - INFO - Windows taskbar restored
2026-06-10 15:31:08,266 - INFO - Windows taskbar restored
2026-06-10 15:31:19,126 - INFO - Looking for config file at: C:\Users\Jonathan\EazyOS\OS\boot\safemode\OS\eazyos_config.json
2026-06-10 15:31:19,126 - INFO - Config file found, loading...
2026-06-10 15:31:19,126 - INFO - Loaded configuration: {'theme': {'type': 'color', 'color': '#000000', 'wallpaper': None, 'taskbar_color': '#c0c0c0', 'window_title_color': '#000080'}, 'system': {'startup_sound': 'false', 'enable_sounds': 'false', 'show_clock': 'true', 'auto_hide_windows_taskbar': 'true'}}
2026-06-10 15:31:19,139 - INFO - Looking for config file at: C:\Users\Jonathan\EazyOS\OS\boot\safemode\OS\eazyos_config.json
2026-06-10 15:31:19,140 - INFO - Config file found, loading...
2026-06-10 15:31:19,140 - INFO - Loaded configuration: {'theme': {'type': 'color', 'color': '#000000', 'wallpaper': None, 'taskbar_color': '#c0c0c0', 'window_title_color': '#000080'}, 'system': {'startup_sound': 'false', 'enable_sounds': 'false', 'show_clock': 'true', 'auto_hide_windows_taskbar': 'true'}}
2026-06-10 15:31:19,141 - INFO - Windows taskbar hidden
2026-06-10 15:31:19,141 - INFO - System settings applied: sounds=False, clock=True, auto_hide_taskbar=True
2026-06-10 15:31:19,142 - INFO - Looking for config file at: C:\Users\Jonathan\EazyOS\OS\boot\safemode\OS\eazyos_config.json
2026-06-10 15:31:19,142 - INFO - Config file found, loading...
2026-06-10 15:31:19,142 - INFO - Loaded configuration: {'theme': {'type': 'color', 'color': '#000000', 'wallpaper': None, 'taskbar_color': '#c0c0c0', 'window_title_color': '#000080'}, 'system': {'startup_sound': 'false', 'enable_sounds': 'false', 'show_clock': 'true', 'auto_hide_windows_taskbar': 'true'}}
2026-06-10 15:31:19,142 - INFO - EazyOS Desktop initialized successfully
2026-06-10 15:31:19,241 - INFO - Loading saved theme...
2026-06-10 15:31:19,242 - INFO - Looking for config file at: C:\Users\Jonathan\EazyOS\OS\boot\safemode\OS\eazyos_config.json
2026-06-10 15:31:19,242 - INFO - Config file found, loading...
2026-06-10 15:31:19,242 - INFO - Loaded configuration: {'theme': {'type': 'color', 'color': '#000000', 'wallpaper': None, 'taskbar_color': '#c0c0c0', 'window_title_color': '#000080'}, 'system': {'startup_sound': 'false', 'enable_sounds': 'false', 'show_clock': 'true', 'auto_hide_windows_taskbar': 'true'}}
2026-06-10 15:31:19,243 - INFO - Applied background color: #000000
2026-06-10 15:31:19,243 - INFO - apply_from_config: type=color, taskbar=#c0c0c0, title_bar=#000080
2026-06-10 15:31:24,783 - INFO - Windows taskbar restored
2026-06-10 15:31:29,341 - INFO - Windows taskbar restored
2026-06-10 15:34:38,308 - INFO - Looking for config file at: C:\Users\Jonathan\EazyOS\OS\boot\safemode\OS\eazyos_config.json
2026-06-10 15:34:38,308 - INFO - Config file found, loading...
2026-06-10 15:34:38,308 - INFO - Loaded configuration: {'theme': {'type': 'color', 'color': '#000000', 'wallpaper': None, 'taskbar_color': '#c0c0c0', 'window_title_color': '#000080'}, 'system': {'startup_sound': 'false', 'enable_sounds': 'false', 'show_clock': 'true', 'auto_hide_windows_taskbar': 'true'}}
2026-06-10 15:34:38,325 - INFO - Looking for config file at: C:\Users\Jonathan\EazyOS\OS\boot\safemode\OS\eazyos_config.json
2026-06-10 15:34:38,325 - INFO - Config file found, loading...
2026-06-10 15:34:38,325 - INFO - Loaded configuration: {'theme': {'type': 'color', 'color': '#000000', 'wallpaper': None, 'taskbar_color': '#c0c0c0', 'window_title_color': '#000080'}, 'system': {'startup_sound': 'false', 'enable_sounds': 'false', 'show_clock': 'true', 'auto_hide_windows_taskbar': 'true'}}
2026-06-10 15:34:38,327 - INFO - Windows taskbar hidden
2026-06-10 15:34:38,327 - INFO - System settings applied: sounds=False, clock=True, auto_hide_taskbar=True
2026-06-10 15:34:38,328 - INFO - Looking for config file at: C:\Users\Jonathan\EazyOS\OS\boot\safemode\OS\eazyos_config.json
2026-06-10 15:34:38,328 - INFO - Config file found, loading...
2026-06-10 15:34:38,328 - INFO - Loaded configuration: {'theme': {'type': 'color', 'color': '#000000', 'wallpaper': None, 'taskbar_color': '#c0c0c0', 'window_title_color': '#000080'}, 'system': {'startup_sound': 'false', 'enable_sounds': 'false', 'show_clock': 'true', 'auto_hide_windows_taskbar': 'true'}}
2026-06-10 15:34:38,328 - INFO - EazyOS Desktop initialized successfully
2026-06-10 15:34:38,428 - INFO - Loading saved theme...
2026-06-10 15:34:38,428 - INFO - Looking for config file at: C:\Users\Jonathan\EazyOS\OS\boot\safemode\OS\eazyos_config.json
2026-06-10 15:34:38,429 - INFO - Config file found, loading...
2026-06-10 15:34:38,429 - INFO - Loaded configuration: {'theme': {'type': 'color', 'color': '#000000', 'wallpaper': None, 'taskbar_color': '#c0c0c0', 'window_title_color': '#000080'}, 'system': {'startup_sound': 'false', 'enable_sounds': 'false', 'show_clock': 'true', 'auto_hide_windows_taskbar': 'true'}}
2026-06-10 15:34:38,429 - INFO - Applied background color: #000000
2026-06-10 15:34:38,429 - INFO - apply_from_config: type=color, taskbar=#c0c0c0, title_bar=#000080
2026-06-10 15:34:49,405 - INFO - Windows taskbar restored
2026-06-10 15:35:24,763 - INFO - Looking for config file at: C:\Users\Jonathan\EazyOS\OS\boot\safemode\OS\eazyos_config.json
2026-06-10 15:35:24,763 - INFO - Config file found, loading...
2026-06-10 15:35:24,763 - INFO - Loaded configuration: {'theme': {'type': 'color', 'color': '#000000', 'wallpaper': None, 'taskbar_color': '#c0c0c0', 'window_title_color': '#000080'}, 'system': {'startup_sound': 'false', 'enable_sounds': 'false', 'show_clock': 'true', 'auto_hide_windows_taskbar': 'true'}}
2026-06-10 15:35:24,776 - INFO - Looking for config file at: C:\Users\Jonathan\EazyOS\OS\boot\safemode\OS\eazyos_config.json
2026-06-10 15:35:24,777 - INFO - Config file found, loading...
2026-06-10 15:35:24,777 - INFO - Loaded configuration: {'theme': {'type': 'color', 'color': '#000000', 'wallpaper': None, 'taskbar_color': '#c0c0c0', 'window_title_color': '#000080'}, 'system': {'startup_sound': 'false', 'enable_sounds': 'false', 'show_clock': 'true', 'auto_hide_windows_taskbar': 'true'}}
2026-06-10 15:35:24,778 - INFO - Windows taskbar hidden
2026-06-10 15:35:24,778 - INFO - System settings applied: sounds=False, clock=True, auto_hide_taskbar=True
2026-06-10 15:35:24,779 - INFO - Looking for config file at: C:\Users\Jonathan\EazyOS\OS\boot\safemode\OS\eazyos_config.json
2026-06-10 15:35:24,779 - INFO - Config file found, loading...
2026-06-10 15:35:24,779 - INFO - Loaded configuration: {'theme': {'type': 'color', 'color': '#000000', 'wallpaper': None, 'taskbar_color': '#c0c0c0', 'window_title_color': '#000080'}, 'system': {'startup_sound': 'false', 'enable_sounds': 'false', 'show_clock': 'true', 'auto_hide_windows_taskbar': 'true'}}
2026-06-10 15:35:24,780 - INFO - EazyOS Desktop initialized successfully
2026-06-10 15:35:24,878 - INFO - Loading saved theme...
2026-06-10 15:35:24,878 - INFO - Looking for config file at: C:\Users\Jonathan\EazyOS\OS\boot\safemode\OS\eazyos_config.json
2026-06-10 15:35:24,878 - INFO - Config file found, loading...
2026-06-10 15:35:24,879 - INFO - Loaded configuration: {'theme': {'type': 'color', 'color': '#000000', 'wallpaper': None, 'taskbar_color': '#c0c0c0', 'window_title_color': '#000080'}, 'system': {'startup_sound': 'false', 'enable_sounds': 'false', 'show_clock': 'true', 'auto_hide_windows_taskbar': 'true'}}
2026-06-10 15:35:24,879 - INFO - Applied background color: #000000
2026-06-10 15:35:24,879 - INFO - apply_from_config: type=color, taskbar=#c0c0c0, title_bar=#000080
2026-06-10 15:35:29,221 - INFO - Windows taskbar restored
2026-06-10 15:36:02,178 - INFO - Windows taskbar restored
2026-06-10 15:37:50,805 - INFO - Looking for config file at: C:\Users\Jonathan\EazyOS\OS\boot\safemode\OS\eazyos_config.json
2026-06-10 15:37:50,805 - INFO - Config file found, loading...
2026-06-10 15:37:50,805 - INFO - Loaded configuration: {'theme': {'type': 'color', 'color': '#000000', 'wallpaper': None, 'taskbar_color': '#c0c0c0', 'window_title_color': '#000080'}, 'system': {'startup_sound': 'false', 'enable_sounds': 'false', 'show_clock': 'true', 'auto_hide_windows_taskbar': 'true'}}
2026-06-10 15:37:50,818 - INFO - Looking for config file at: C:\Users\Jonathan\EazyOS\OS\boot\safemode\OS\eazyos_config.json
2026-06-10 15:37:50,818 - INFO - Config file found, loading...
2026-06-10 15:37:50,818 - INFO - Loaded configuration: {'theme': {'type': 'color', 'color': '#000000', 'wallpaper': None, 'taskbar_color': '#c0c0c0', 'window_title_color': '#000080'}, 'system': {'startup_sound': 'false', 'enable_sounds': 'false', 'show_clock': 'true', 'auto_hide_windows_taskbar': 'true'}}
2026-06-10 15:37:50,820 - INFO - Windows taskbar hidden
2026-06-10 15:37:50,820 - INFO - System settings applied: sounds=False, clock=True, auto_hide_taskbar=True
2026-06-10 15:37:50,820 - INFO - Looking for config file at: C:\Users\Jonathan\EazyOS\OS\boot\safemode\OS\eazyos_config.json
2026-06-10 15:37:50,821 - INFO - Config file found, loading...
2026-06-10 15:37:50,821 - INFO - Loaded configuration: {'theme': {'type': 'color', 'color': '#000000', 'wallpaper': None, 'taskbar_color': '#c0c0c0', 'window_title_color': '#000080'}, 'system': {'startup_sound': 'false', 'enable_sounds': 'false', 'show_clock': 'true', 'auto_hide_windows_taskbar': 'true'}}
2026-06-10 15:37:50,821 - INFO - EazyOS Desktop initialized successfully
2026-06-10 15:37:50,921 - INFO - Loading saved theme...
2026-06-10 15:37:50,921 - INFO - Looking for config file at: C:\Users\Jonathan\EazyOS\OS\boot\safemode\OS\eazyos_config.json
2026-06-10 15:37:50,921 - INFO - Config file found, loading...
2026-06-10 15:37:50,921 - INFO - Loaded configuration: {'theme': {'type': 'color', 'color': '#000000', 'wallpaper': None, 'taskbar_color': '#c0c0c0', 'window_title_color': '#000080'}, 'system': {'startup_sound': 'false', 'enable_sounds': 'false', 'show_clock': 'true', 'auto_hide_windows_taskbar': 'true'}}
2026-06-10 15:37:50,922 - INFO - Applied background color: #000000
2026-06-10 15:37:50,922 - INFO - apply_from_config: type=color, taskbar=#c0c0c0, title_bar=#000080
2026-06-10 15:37:55,012 - INFO - Windows taskbar restored
2026-06-10 15:37:59,497 - INFO - Windows taskbar restored
2026-06-10 15:38:29,951 - INFO - Looking for config file at: C:\Users\Jonathan\EazyOS\OS\boot\safemode\os\eazyos_config.json
2026-06-10 15:38:29,952 - INFO - Config file found, loading...
2026-06-10 15:38:29,952 - INFO - Loaded configuration: {'theme': {'type': 'color', 'color': '#000000', 'wallpaper': None, 'taskbar_color': '#c0c0c0', 'window_title_color': '#000080'}, 'system': {'startup_sound': 'false', 'enable_sounds': 'false', 'show_clock': 'true', 'auto_hide_windows_taskbar': 'true'}}
2026-06-10 15:38:29,965 - INFO - Looking for config file at: C:\Users\Jonathan\EazyOS\OS\boot\safemode\os\eazyos_config.json
2026-06-10 15:38:29,965 - INFO - Config file found, loading...
2026-06-10 15:38:29,965 - INFO - Loaded configuration: {'theme': {'type': 'color', 'color': '#000000', 'wallpaper': None, 'taskbar_color': '#c0c0c0', 'window_title_color': '#000080'}, 'system': {'startup_sound': 'false', 'enable_sounds': 'false', 'show_clock': 'true', 'auto_hide_windows_taskbar': 'true'}}
2026-06-10 15:38:29,967 - INFO - Windows taskbar hidden
2026-06-10 15:38:29,967 - INFO - System settings applied: sounds=False, clock=True, auto_hide_taskbar=True
2026-06-10 15:38:29,967 - INFO - Looking for config file at: C:\Users\Jonathan\EazyOS\OS\boot\safemode\os\eazyos_config.json
2026-06-10 15:38:29,968 - INFO - Config file found, loading...
2026-06-10 15:38:29,968 - INFO - Loaded configuration: {'theme': {'type': 'color', 'color': '#000000', 'wallpaper': None, 'taskbar_color': '#c0c0c0', 'window_title_color': '#000080'}, 'system': {'startup_sound': 'false', 'enable_sounds': 'false', 'show_clock': 'true', 'auto_hide_windows_taskbar': 'true'}}
2026-06-10 15:38:29,968 - INFO - EazyOS Desktop initialized successfully
2026-06-10 15:38:30,065 - INFO - Loading saved theme...
2026-06-10 15:38:30,065 - INFO - Looking for config file at: C:\Users\Jonathan\EazyOS\OS\boot\safemode\os\eazyos_config.json
2026-06-10 15:38:30,066 - INFO - Config file found, loading...
2026-06-10 15:38:30,066 - INFO - Loaded configuration: {'theme': {'type': 'color', 'color': '#000000', 'wallpaper': None, 'taskbar_color': '#c0c0c0', 'window_title_color': '#000080'}, 'system': {'startup_sound': 'false', 'enable_sounds': 'false', 'show_clock': 'true', 'auto_hide_windows_taskbar': 'true'}}
2026-06-10 15:38:30,067 - INFO - Applied background color: #000000
2026-06-10 15:38:30,067 - INFO - apply_from_config: type=color, taskbar=#c0c0c0, title_bar=#000080
2026-06-10 15:38:34,332 - INFO - Windows taskbar restored
2026-06-10 15:38:38,855 - INFO - Windows taskbar restored
2026-06-10 15:40:12,756 - INFO - Looking for config file at: C:\Users\Jonathan\EazyOS\OS\boot\safemode\OS\eazyos_config.json
2026-06-10 15:40:12,757 - INFO - Config file found, loading...
2026-06-10 15:40:12,757 - INFO - Loaded configuration: {'theme': {'type': 'color', 'color': '#000000', 'wallpaper': None, 'taskbar_color': '#c0c0c0', 'window_title_color': '#000080'}, 'system': {'startup_sound': 'false', 'enable_sounds': 'false', 'show_clock': 'true', 'auto_hide_windows_taskbar': 'true'}}
2026-06-10 15:40:12,770 - INFO - Looking for config file at: C:\Users\Jonathan\EazyOS\OS\boot\safemode\OS\eazyos_config.json
2026-06-10 15:40:12,770 - INFO - Config file found, loading...
2026-06-10 15:40:12,770 - INFO - Loaded configuration: {'theme': {'type': 'color', 'color': '#000000', 'wallpaper': None, 'taskbar_color': '#c0c0c0', 'window_title_color': '#000080'}, 'system': {'startup_sound': 'false', 'enable_sounds': 'false', 'show_clock': 'true', 'auto_hide_windows_taskbar': 'true'}}
2026-06-10 15:40:12,772 - INFO - Windows taskbar hidden
2026-06-10 15:40:12,772 - INFO - System settings applied: sounds=False, clock=True, auto_hide_taskbar=True
2026-06-10 15:40:12,772 - INFO - Looking for config file at: C:\Users\Jonathan\EazyOS\OS\boot\safemode\OS\eazyos_config.json
2026-06-10 15:40:12,772 - INFO - Config file found, loading...
2026-06-10 15:40:12,773 - INFO - Loaded configuration: {'theme': {'type': 'color', 'color': '#000000', 'wallpaper': None, 'taskbar_color': '#c0c0c0', 'window_title_color': '#000080'}, 'system': {'startup_sound': 'false', 'enable_sounds': 'false', 'show_clock': 'true', 'auto_hide_windows_taskbar': 'true'}}
2026-06-10 15:40:12,773 - INFO - EazyOS Desktop initialized successfully
2026-06-10 15:40:12,872 - INFO - Loading saved theme...
2026-06-10 15:40:12,872 - INFO - Looking for config file at: C:\Users\Jonathan\EazyOS\OS\boot\safemode\OS\eazyos_config.json
2026-06-10 15:40:12,872 - INFO - Config file found, loading...
2026-06-10 15:40:12,873 - INFO - Loaded configuration: {'theme': {'type': 'color', 'color': '#000000', 'wallpaper': None, 'taskbar_color': '#c0c0c0', 'window_title_color': '#000080'}, 'system': {'startup_sound': 'false', 'enable_sounds': 'false', 'show_clock': 'true', 'auto_hide_windows_taskbar': 'true'}}
2026-06-10 15:40:12,873 - INFO - Applied background color: #000000
2026-06-10 15:40:12,873 - INFO - apply_from_config: type=color, taskbar=#c0c0c0, title_bar=#000080
2026-06-10 15:40:16,223 - INFO - Windows taskbar restored
2026-06-10 15:40:16,410 - INFO - Windows taskbar restored
2026-06-10 15:41:22,626 - INFO - Looking for config file at: C:\Users\Jonathan\EazyOS\OS\boot\safemode\OS\eazyos_config.json
2026-06-10 15:41:22,627 - INFO - Config file found, loading...
2026-06-10 15:41:22,627 - INFO - Loaded configuration: {'theme': {'type': 'color', 'color': '#000000', 'wallpaper': None, 'taskbar_color': '#c0c0c0', 'window_title_color': '#000080'}, 'system': {'startup_sound': 'false', 'enable_sounds': 'false', 'show_clock': 'true', 'auto_hide_windows_taskbar': 'true'}}
2026-06-10 15:41:22,646 - INFO - Looking for config file at: C:\Users\Jonathan\EazyOS\OS\boot\safemode\OS\eazyos_config.json
2026-06-10 15:41:22,646 - INFO - Config file found, loading...
2026-06-10 15:41:22,647 - INFO - Loaded configuration: {'theme': {'type': 'color', 'color': '#000000', 'wallpaper': None, 'taskbar_color': '#c0c0c0', 'window_title_color': '#000080'}, 'system': {'startup_sound': 'false', 'enable_sounds': 'false', 'show_clock': 'true', 'auto_hide_windows_taskbar': 'true'}}
2026-06-10 15:41:22,648 - INFO - Windows taskbar hidden
2026-06-10 15:41:22,648 - INFO - System settings applied: sounds=False, clock=True, auto_hide_taskbar=True
2026-06-10 15:41:22,649 - INFO - Looking for config file at: C:\Users\Jonathan\EazyOS\OS\boot\safemode\OS\eazyos_config.json
2026-06-10 15:41:22,649 - INFO - Config file found, loading...
2026-06-10 15:41:22,649 - INFO - Loaded configuration: {'theme': {'type': 'color', 'color': '#000000', 'wallpaper': None, 'taskbar_color': '#c0c0c0', 'window_title_color': '#000080'}, 'system': {'startup_sound': 'false', 'enable_sounds': 'false', 'show_clock': 'true', 'auto_hide_windows_taskbar': 'true'}}
2026-06-10 15:41:22,649 - INFO - EazyOS Desktop initialized successfully
2026-06-10 15:41:22,746 - INFO - Loading saved theme...
2026-06-10 15:41:22,746 - INFO - Looking for config file at: C:\Users\Jonathan\EazyOS\OS\boot\safemode\OS\eazyos_config.json
2026-06-10 15:41:22,747 - INFO - Config file found, loading...
2026-06-10 15:41:22,747 - INFO - Loaded configuration: {'theme': {'type': 'color', 'color': '#000000', 'wallpaper': None, 'taskbar_color': '#c0c0c0', 'window_title_color': '#000080'}, 'system': {'startup_sound': 'false', 'enable_sounds': 'false', 'show_clock': 'true', 'auto_hide_windows_taskbar': 'true'}}
2026-06-10 15:41:22,748 - INFO - Applied background color: #000000
2026-06-10 15:41:22,748 - INFO - apply_from_config: type=color, taskbar=#c0c0c0, title_bar=#000080
2026-06-10 15:41:27,221 - INFO - Windows taskbar restored
2026-06-10 15:41:31,786 - INFO - Windows taskbar restored
2026-06-10 15:41:59,168 - INFO - Looking for config file at: C:\Users\Jonathan\EazyOS\OS\eazyos_config.json
2026-06-10 15:41:59,168 - INFO - Config file found, loading...
2026-06-10 15:41:59,169 - INFO - Loaded configuration: {'theme': {'type': 'color', 'color': '#008080', 'wallpaper': None, 'taskbar_color': '#c0c0c0', 'window_title_color': '#000080'}, 'system': {'startup_sound': 'true', 'enable_sounds': 'true', 'show_clock': 'true', 'auto_hide_windows_taskbar': 'true'}}
2026-06-10 15:41:59,188 - INFO - Looking for config file at: C:\Users\Jonathan\EazyOS\OS\eazyos_config.json
2026-06-10 15:41:59,188 - INFO - Config file found, loading...
2026-06-10 15:41:59,189 - INFO - Loaded configuration: {'theme': {'type': 'color', 'color': '#008080', 'wallpaper': None, 'taskbar_color': '#c0c0c0', 'window_title_color': '#000080'}, 'system': {'startup_sound': 'true', 'enable_sounds': 'true', 'show_clock': 'true', 'auto_hide_windows_taskbar': 'true'}}
2026-06-10 15:41:59,190 - INFO - Windows taskbar hidden
2026-06-10 15:41:59,190 - INFO - System settings applied: sounds=True, clock=True, auto_hide_taskbar=True
2026-06-10 15:41:59,289 - INFO - Loading saved theme...
2026-06-10 15:41:59,290 - INFO - Looking for config file at: C:\Users\Jonathan\EazyOS\OS\eazyos_config.json
2026-06-10 15:41:59,290 - INFO - Config file found, loading...
2026-06-10 15:41:59,290 - INFO - Loaded configuration: {'theme': {'type': 'color', 'color': '#008080', 'wallpaper': None, 'taskbar_color': '#c0c0c0', 'window_title_color': '#000080'}, 'system': {'startup_sound': 'true', 'enable_sounds': 'true', 'show_clock': 'true', 'auto_hide_windows_taskbar': 'true'}}
2026-06-10 15:41:59,290 - INFO - Applied background color: #008080
2026-06-10 15:41:59,291 - INFO - apply_from_config: type=color, taskbar=#c0c0c0, title_bar=#000080
2026-06-10 15:41:59,291 - INFO - Looking for config file at: C:\Users\Jonathan\EazyOS\OS\eazyos_config.json
2026-06-10 15:41:59,292 - INFO - Config file found, loading...
2026-06-10 15:41:59,292 - INFO - Loaded configuration: {'theme': {'type': 'color', 'color': '#008080', 'wallpaper': None, 'taskbar_color': '#c0c0c0', 'window_title_color': '#000080'}, 'system': {'startup_sound': 'true', 'enable_sounds': 'true', 'show_clock': 'true', 'auto_hide_windows_taskbar': 'true'}}
2026-06-10 15:41:59,296 - INFO - Playing sound: The Microsoft Sound.wav
2026-06-10 15:42:06,640 - INFO - Playing sound: CHORD.wav
2026-06-10 15:42:11,491 - INFO - Windows taskbar restored
2026-06-10 16:20:04,850 - INFO - Looking for config file at: G:\EazyOS\EazyOS\OS\eazyos_config.json
2026-06-10 16:20:04,852 - INFO - Config file found, loading...
2026-06-10 16:20:04,861 - INFO - Loaded configuration: {'theme': {'type': 'color', 'color': '#008080', 'wallpaper': None, 'taskbar_color': '#c0c0c0', 'window_title_color': '#000080'}, 'system': {'startup_sound': 'true', 'enable_sounds': 'true', 'show_clock': 'true', 'auto_hide_windows_taskbar': 'true'}}
2026-06-10 16:20:04,964 - INFO - Looking for config file at: G:\EazyOS\EazyOS\OS\eazyos_config.json
2026-06-10 16:20:04,965 - INFO - Config file found, loading...
2026-06-10 16:20:04,965 - INFO - Loaded configuration: {'theme': {'type': 'color', 'color': '#008080', 'wallpaper': None, 'taskbar_color': '#c0c0c0', 'window_title_color': '#000080'}, 'system': {'startup_sound': 'true', 'enable_sounds': 'true', 'show_clock': 'true', 'auto_hide_windows_taskbar': 'true'}}
2026-06-10 16:20:04,967 - INFO - Windows taskbar hidden
2026-06-10 16:20:04,967 - INFO - System settings applied: sounds=True, clock=True, auto_hide_taskbar=True
2026-06-10 16:20:05,064 - INFO - Loading saved theme...
2026-06-10 16:20:05,065 - INFO - Looking for config file at: G:\EazyOS\EazyOS\OS\eazyos_config.json
2026-06-10 16:20:05,065 - INFO - Config file found, loading...
2026-06-10 16:20:05,065 - INFO - Loaded configuration: {'theme': {'type': 'color', 'color': '#008080', 'wallpaper': None, 'taskbar_color': '#c0c0c0', 'window_title_color': '#000080'}, 'system': {'startup_sound': 'true', 'enable_sounds': 'true', 'show_clock': 'true', 'auto_hide_windows_taskbar': 'true'}}
2026-06-10 16:20:05,066 - INFO - Applied background color: #008080
2026-06-10 16:20:05,066 - INFO - apply_from_config: type=color, taskbar=#c0c0c0, title_bar=#000080
2026-06-10 16:20:05,072 - INFO - Looking for config file at: G:\EazyOS\EazyOS\OS\eazyos_config.json
2026-06-10 16:20:05,072 - INFO - Config file found, loading...
2026-06-10 16:20:05,072 - INFO - Loaded configuration: {'theme': {'type': 'color', 'color': '#008080', 'wallpaper': None, 'taskbar_color': '#c0c0c0', 'window_title_color': '#000080'}, 'system': {'startup_sound': 'true', 'enable_sounds': 'true', 'show_clock': 'true', 'auto_hide_windows_taskbar': 'true'}}
2026-06-10 16:20:05,074 - INFO - Playing sound: The Microsoft Sound.wav
2026-06-10 16:20:12,342 - INFO - Playing sound: CHORD.wav
2026-06-10 16:22:33,709 - INFO - Looking for config file at: G:\EazyOS\EazyOS\OS\eazyos_config.json
2026-06-10 16:22:33,709 - INFO - Config file found, loading...
2026-06-10 16:22:33,710 - INFO - Loaded configuration: {'theme': {'type': 'color', 'color': '#008080', 'wallpaper': None, 'taskbar_color': '#c0c0c0', 'window_title_color': '#000080'}, 'system': {'startup_sound': 'true', 'enable_sounds': 'true', 'show_clock': 'true', 'auto_hide_windows_taskbar': 'true'}}
2026-06-10 16:22:33,721 - INFO - Looking for config file at: G:\EazyOS\EazyOS\OS\eazyos_config.json
2026-06-10 16:22:33,721 - INFO - Config file found, loading...
2026-06-10 16:22:33,722 - INFO - Loaded configuration: {'theme': {'type': 'color', 'color': '#008080', 'wallpaper': None, 'taskbar_color': '#c0c0c0', 'window_title_color': '#000080'}, 'system': {'startup_sound': 'true', 'enable_sounds': 'true', 'show_clock': 'true', 'auto_hide_windows_taskbar': 'true'}}
2026-06-10 16:22:33,722 - INFO - Windows taskbar hidden
2026-06-10 16:22:33,722 - INFO - System settings applied: sounds=True, clock=True, auto_hide_taskbar=True
2026-06-10 16:22:33,821 - INFO - Loading saved theme...
2026-06-10 16:22:33,821 - INFO - Looking for config file at: G:\EazyOS\EazyOS\OS\eazyos_config.json
2026-06-10 16:22:33,822 - INFO - Config file found, loading...
2026-06-10 16:22:33,823 - INFO - Loaded configuration: {'theme': {'type': 'color', 'color': '#008080', 'wallpaper': None, 'taskbar_color': '#c0c0c0', 'window_title_color': '#000080'}, 'system': {'startup_sound': 'true', 'enable_sounds': 'true', 'show_clock': 'true', 'auto_hide_windows_taskbar': 'true'}}
2026-06-10 16:22:33,823 - INFO - Applied background color: #008080
2026-06-10 16:22:33,823 - INFO - apply_from_config: type=color, taskbar=#c0c0c0, title_bar=#000080
2026-06-10 16:22:33,824 - INFO - Looking for config file at: G:\EazyOS\EazyOS\OS\eazyos_config.json
2026-06-10 16:22:33,824 - INFO - Config file found, loading...
2026-06-10 16:22:33,824 - INFO - Loaded configuration: {'theme': {'type': 'color', 'color': '#008080', 'wallpaper': None, 'taskbar_color': '#c0c0c0', 'window_title_color': '#000080'}, 'system': {'startup_sound': 'true', 'enable_sounds': 'true', 'show_clock': 'true', 'auto_hide_windows_taskbar': 'true'}}
2026-06-10 16:22:33,825 - INFO - Playing sound: The Microsoft Sound.wav
2026-06-10 16:22:41,074 - INFO - Playing sound: CHORD.wav
2026-06-10 16:23:10,281 - INFO - Looking for config file at: G:\EazyOS\EazyOS\OS\eazyos_config.json
2026-06-10 16:23:10,281 - INFO - Config file found, loading...
2026-06-10 16:23:10,281 - INFO - Loaded configuration: {'theme': {'type': 'color', 'color': '#008080', 'wallpaper': None, 'taskbar_color': '#c0c0c0', 'window_title_color': '#000080'}, 'system': {'startup_sound': 'true', 'enable_sounds': 'true', 'show_clock': 'true', 'auto_hide_windows_taskbar': 'true'}}
2026-06-10 16:23:10,295 - INFO - Looking for config file at: G:\EazyOS\EazyOS\OS\eazyos_config.json
2026-06-10 16:23:10,296 - INFO - Config file found, loading...
2026-06-10 16:23:10,296 - INFO - Loaded configuration: {'theme': {'type': 'color', 'color': '#008080', 'wallpaper': None, 'taskbar_color': '#c0c0c0', 'window_title_color': '#000080'}, 'system': {'startup_sound': 'true', 'enable_sounds': 'true', 'show_clock': 'true', 'auto_hide_windows_taskbar': 'true'}}
2026-06-10 16:23:10,296 - INFO - Windows taskbar hidden
2026-06-10 16:23:10,296 - INFO - System settings applied: sounds=True, clock=True, auto_hide_taskbar=True
2026-06-10 16:23:10,395 - INFO - Loading saved theme...
2026-06-10 16:23:10,396 - INFO - Looking for config file at: G:\EazyOS\EazyOS\OS\eazyos_config.json
2026-06-10 16:23:10,396 - INFO - Config file found, loading...
2026-06-10 16:23:10,396 - INFO - Loaded configuration: {'theme': {'type': 'color', 'color': '#008080', 'wallpaper': None, 'taskbar_color': '#c0c0c0', 'window_title_color': '#000080'}, 'system': {'startup_sound': 'true', 'enable_sounds': 'true', 'show_clock': 'true', 'auto_hide_windows_taskbar': 'true'}}
2026-06-10 16:23:10,397 - INFO - Applied background color: #008080
2026-06-10 16:23:10,397 - INFO - apply_from_config: type=color, taskbar=#c0c0c0, title_bar=#000080
2026-06-10 16:23:10,397 - INFO - Looking for config file at: G:\EazyOS\EazyOS\OS\eazyos_config.json
2026-06-10 16:23:10,397 - INFO - Config file found, loading...
2026-06-10 16:23:10,397 - INFO - Loaded configuration: {'theme': {'type': 'color', 'color': '#008080', 'wallpaper': None, 'taskbar_color': '#c0c0c0', 'window_title_color': '#000080'}, 'system': {'startup_sound': 'true', 'enable_sounds': 'true', 'show_clock': 'true', 'auto_hide_windows_taskbar': 'true'}}
2026-06-10 16:23:10,399 - INFO - Playing sound: The Microsoft Sound.wav
2026-06-10 16:23:17,641 - INFO - Playing sound: CHORD.wav
2026-06-10 16:23:39,110 - INFO - Looking for config file at: G:\EazyOS\EazyOS\OS\eazyos_config.json
2026-06-10 16:23:39,110 - INFO - Config file found, loading...
2026-06-10 16:23:39,111 - INFO - Loaded configuration: {'theme': {'type': 'color', 'color': '#008080', 'wallpaper': None, 'taskbar_color': '#c0c0c0', 'window_title_color': '#000080'}, 'system': {'startup_sound': 'true', 'enable_sounds': 'true', 'show_clock': 'true', 'auto_hide_windows_taskbar': 'true'}}
2026-06-10 16:23:39,121 - INFO - Looking for config file at: G:\EazyOS\EazyOS\OS\eazyos_config.json
2026-06-10 16:23:39,121 - INFO - Config file found, loading...
2026-06-10 16:23:39,122 - INFO - Loaded configuration: {'theme': {'type': 'color', 'color': '#008080', 'wallpaper': None, 'taskbar_color': '#c0c0c0', 'window_title_color': '#000080'}, 'system': {'startup_sound': 'true', 'enable_sounds': 'true', 'show_clock': 'true', 'auto_hide_windows_taskbar': 'true'}}
2026-06-10 16:23:39,122 - INFO - Windows taskbar hidden
2026-06-10 16:23:39,122 - INFO - System settings applied: sounds=True, clock=True, auto_hide_taskbar=True
2026-06-10 16:23:39,222 - INFO - Loading saved theme...
2026-06-10 16:23:39,222 - INFO - Looking for config file at: G:\EazyOS\EazyOS\OS\eazyos_config.json
2026-06-10 16:23:39,222 - INFO - Config file found, loading...
2026-06-10 16:23:39,223 - INFO - Loaded configuration: {'theme': {'type': 'color', 'color': '#008080', 'wallpaper': None, 'taskbar_color': '#c0c0c0', 'window_title_color': '#000080'}, 'system': {'startup_sound': 'true', 'enable_sounds': 'true', 'show_clock': 'true', 'auto_hide_windows_taskbar': 'true'}}
2026-06-10 16:23:39,223 - INFO - Applied background color: #008080
2026-06-10 16:23:39,224 - INFO - apply_from_config: type=color, taskbar=#c0c0c0, title_bar=#000080
2026-06-10 16:23:39,224 - INFO - Looking for config file at: G:\EazyOS\EazyOS\OS\eazyos_config.json
2026-06-10 16:23:39,224 - INFO - Config file found, loading...
2026-06-10 16:23:39,224 - INFO - Loaded configuration: {'theme': {'type': 'color', 'color': '#008080', 'wallpaper': None, 'taskbar_color': '#c0c0c0', 'window_title_color': '#000080'}, 'system': {'startup_sound': 'true', 'enable_sounds': 'true', 'show_clock': 'true', 'auto_hide_windows_taskbar': 'true'}}
2026-06-10 16:23:39,226 - INFO - Playing sound: The Microsoft Sound.wav
2026-06-10 16:23:46,397 - INFO - Playing sound: CHORD.wav
2026-06-10 16:27:08,307 - INFO - Playing sound: DING.wav
2026-06-10 16:27:09,339 - INFO - Playing sound: DING.wav
2026-06-10 16:27:13,731 - INFO - Playing sound: DING.wav
2026-06-10 16:27:14,760 - INFO - Playing sound: DING.wav
2026-06-10 16:27:18,179 - INFO - Windows taskbar restored
2026-06-10 16:28:37,265 - INFO - Looking for config file at: G:\EazyOS\EazyOS\OS\eazyos_config.json
2026-06-10 16:28:37,265 - INFO - Config file found, loading...
2026-06-10 16:28:37,265 - INFO - Loaded configuration: {'theme': {'type': 'color', 'color': '#008080', 'wallpaper': None, 'taskbar_color': '#c0c0c0', 'window_title_color': '#000080'}, 'system': {'startup_sound': 'true', 'enable_sounds': 'true', 'show_clock': 'true', 'auto_hide_windows_taskbar': 'true'}}
2026-06-10 16:28:37,275 - INFO - Looking for config file at: G:\EazyOS\EazyOS\OS\eazyos_config.json
2026-06-10 16:28:37,276 - INFO - Config file found, loading...
2026-06-10 16:28:37,276 - INFO - Loaded configuration: {'theme': {'type': 'color', 'color': '#008080', 'wallpaper': None, 'taskbar_color': '#c0c0c0', 'window_title_color': '#000080'}, 'system': {'startup_sound': 'true', 'enable_sounds': 'true', 'show_clock': 'true', 'auto_hide_windows_taskbar': 'true'}}
2026-06-10 16:28:37,280 - INFO - Windows taskbar hidden
2026-06-10 16:28:37,280 - INFO - System settings applied: sounds=True, clock=True, auto_hide_taskbar=True
2026-06-10 16:28:37,375 - INFO - Loading saved theme...
2026-06-10 16:28:37,376 - INFO - Looking for config file at: G:\EazyOS\EazyOS\OS\eazyos_config.json
2026-06-10 16:28:37,377 - INFO - Config file found, loading...
2026-06-10 16:28:37,377 - INFO - Loaded configuration: {'theme': {'type': 'color', 'color': '#008080', 'wallpaper': None, 'taskbar_color': '#c0c0c0', 'window_title_color': '#000080'}, 'system': {'startup_sound': 'true', 'enable_sounds': 'true', 'show_clock': 'true', 'auto_hide_windows_taskbar': 'true'}}
2026-06-10 16:28:37,377 - INFO - Applied background color: #008080
2026-06-10 16:28:37,377 - INFO - apply_from_config: type=color, taskbar=#c0c0c0, title_bar=#000080
2026-06-10 16:28:37,382 - INFO - Looking for config file at: G:\EazyOS\EazyOS\OS\eazyos_config.json
2026-06-10 16:28:37,383 - INFO - Config file found, loading...
2026-06-10 16:28:37,383 - INFO - Loaded configuration: {'theme': {'type': 'color', 'color': '#008080', 'wallpaper': None, 'taskbar_color': '#c0c0c0', 'window_title_color': '#000080'}, 'system': {'startup_sound': 'true', 'enable_sounds': 'true', 'show_clock': 'true', 'auto_hide_windows_taskbar': 'true'}}
2026-06-10 16:28:37,385 - INFO - Playing sound: The Microsoft Sound.wav
2026-06-10 16:28:40,548 - INFO - Playing sound: DING.wav
2026-06-10 16:28:41,598 - INFO - Playing sound: DING.wav
2026-06-10 16:28:44,626 - INFO - Playing sound: CHORD.wav
2026-06-10 16:29:08,834 - INFO - Playing sound: DING.wav
2026-06-10 16:29:09,874 - INFO - Playing sound: DING.wav
2026-06-10 16:29:11,322 - INFO - Playing sound: shutdown.wav
2026-06-10 16:29:15,327 - INFO - Windows taskbar restored
2026-06-10 16:29:20,494 - INFO - Windows taskbar restored
2026-06-10 16:29:49,672 - INFO - Looking for config file at: G:\EazyOS\EazyOS\OS\eazyos_config.json
2026-06-10 16:29:49,672 - INFO - Config file found, loading...
2026-06-10 16:29:49,684 - INFO - Loaded configuration: {'theme': {'type': 'color', 'color': '#008080', 'wallpaper': None, 'taskbar_color': '#c0c0c0', 'window_title_color': '#000080'}, 'system': {'startup_sound': 'true', 'enable_sounds': 'true', 'show_clock': 'true', 'auto_hide_windows_taskbar': 'true'}}
2026-06-10 16:29:49,787 - INFO - Looking for config file at: G:\EazyOS\EazyOS\OS\eazyos_config.json
2026-06-10 16:29:49,787 - INFO - Config file found, loading...
2026-06-10 16:29:49,788 - INFO - Loaded configuration: {'theme': {'type': 'color', 'color': '#008080', 'wallpaper': None, 'taskbar_color': '#c0c0c0', 'window_title_color': '#000080'}, 'system': {'startup_sound': 'true', 'enable_sounds': 'true', 'show_clock': 'true', 'auto_hide_windows_taskbar': 'true'}}
2026-06-10 16:29:49,789 - INFO - Windows taskbar hidden
2026-06-10 16:29:49,789 - INFO - System settings applied: sounds=True, clock=True, auto_hide_taskbar=True
2026-06-10 16:29:49,887 - INFO - Loading saved theme...
2026-06-10 16:29:49,887 - INFO - Looking for config file at: G:\EazyOS\EazyOS\OS\eazyos_config.json
2026-06-10 16:29:49,887 - INFO - Config file found, loading...
2026-06-10 16:29:49,888 - INFO - Loaded configuration: {'theme': {'type': 'color', 'color': '#008080', 'wallpaper': None, 'taskbar_color': '#c0c0c0', 'window_title_color': '#000080'}, 'system': {'startup_sound': 'true', 'enable_sounds': 'true', 'show_clock': 'true', 'auto_hide_windows_taskbar': 'true'}}
2026-06-10 16:29:49,888 - INFO - Applied background color: #008080
2026-06-10 16:29:49,888 - INFO - apply_from_config: type=color, taskbar=#c0c0c0, title_bar=#000080
2026-06-10 16:29:49,894 - INFO - Looking for config file at: G:\EazyOS\EazyOS\OS\eazyos_config.json
2026-06-10 16:29:49,895 - INFO - Config file found, loading...
2026-06-10 16:29:49,895 - INFO - Loaded configuration: {'theme': {'type': 'color', 'color': '#008080', 'wallpaper': None, 'taskbar_color': '#c0c0c0', 'window_title_color': '#000080'}, 'system': {'startup_sound': 'true', 'enable_sounds': 'true', 'show_clock': 'true', 'auto_hide_windows_taskbar': 'true'}}
2026-06-10 16:29:49,897 - INFO - Playing sound: The Microsoft Sound.wav
2026-06-10 16:29:57,240 - INFO - Playing sound: CHORD.wav
2026-06-10 16:30:03,892 - INFO - Playing sound: DING.wav
2026-06-10 16:30:04,932 - INFO - Playing sound: DING.wav
2026-06-10 16:30:06,265 - INFO - Playing sound: shutdown.wav
2026-06-10 16:30:10,272 - INFO - Windows taskbar restored
2026-06-10 16:30:14,471 - INFO - Windows taskbar restored
2026-06-13 19:34:13,739 - INFO - Looking for config file at: E:\EazyOS\EazyOS\OS\eazyos_config.json
2026-06-13 19:34:13,740 - INFO - Config file found, loading...
2026-06-13 19:34:13,741 - INFO - Loaded configuration: {'theme': {'type': 'color', 'color': '#008080', 'wallpaper': None, 'taskbar_color': '#c0c0c0', 'window_title_color': '#000080'}, 'system': {'startup_sound': 'true', 'enable_sounds': 'true', 'show_clock': 'true', 'auto_hide_windows_taskbar': 'true'}}
2026-06-13 19:34:13,792 - INFO - Looking for config file at: E:\EazyOS\EazyOS\OS\eazyos_config.json
2026-06-13 19:34:13,792 - INFO - Config file found, loading...
2026-06-13 19:34:13,792 - INFO - Loaded configuration: {'theme': {'type': 'color', 'color': '#008080', 'wallpaper': None, 'taskbar_color': '#c0c0c0', 'window_title_color': '#000080'}, 'system': {'startup_sound': 'true', 'enable_sounds': 'true', 'show_clock': 'true', 'auto_hide_windows_taskbar': 'true'}}
2026-06-13 19:34:13,801 - INFO - Windows taskbar hidden
2026-06-13 19:34:13,802 - INFO - System settings applied: sounds=True, clock=True, auto_hide_taskbar=True
2026-06-13 19:34:13,979 - INFO - Loading saved theme...
2026-06-13 19:34:13,979 - INFO - Looking for config file at: E:\EazyOS\EazyOS\OS\eazyos_config.json
2026-06-13 19:34:13,980 - INFO - Config file found, loading...
2026-06-13 19:34:13,980 - INFO - Loaded configuration: {'theme': {'type': 'color', 'color': '#008080', 'wallpaper': None, 'taskbar_color': '#c0c0c0', 'window_title_color': '#000080'}, 'system': {'startup_sound': 'true', 'enable_sounds': 'true', 'show_clock': 'true', 'auto_hide_windows_taskbar': 'true'}}
2026-06-13 19:34:13,981 - INFO - Applied background color: #008080
2026-06-13 19:34:13,983 - INFO - apply_from_config: type=color, taskbar=#c0c0c0, title_bar=#000080
2026-06-13 19:34:13,983 - INFO - Looking for config file at: E:\EazyOS\EazyOS\OS\eazyos_config.json
2026-06-13 19:34:13,983 - INFO - Config file found, loading...
2026-06-13 19:34:13,984 - INFO - Loaded configuration: {'theme': {'type': 'color', 'color': '#008080', 'wallpaper': None, 'taskbar_color': '#c0c0c0', 'window_title_color': '#000080'}, 'system': {'startup_sound': 'true', 'enable_sounds': 'true', 'show_clock': 'true', 'auto_hide_windows_taskbar': 'true'}}
2026-06-13 19:34:14,007 - INFO - Playing sound: The Microsoft Sound.wav
2026-06-13 19:34:21,353 - INFO - Playing sound: CHORD.wav
2026-06-13 19:40:14,411 - INFO - Windows taskbar restored
2026-06-13 19:41:59,446 - INFO - Looking for config file at: E:\EazyOS\EazyOS\OS\eazyos_config.json
2026-06-13 19:41:59,446 - INFO - Config file found, loading...
2026-06-13 19:41:59,447 - INFO - Loaded configuration: {'theme': {'type': 'color', 'color': '#008080', 'wallpaper': None, 'taskbar_color': '#c0c0c0', 'window_title_color': '#000080'}, 'system': {'startup_sound': 'true', 'enable_sounds': 'true', 'show_clock': 'true', 'auto_hide_windows_taskbar': 'true'}}
2026-06-13 19:41:59,463 - INFO - Looking for config file at: E:\EazyOS\EazyOS\OS\eazyos_config.json
2026-06-13 19:41:59,463 - INFO - Config file found, loading...
2026-06-13 19:41:59,464 - INFO - Loaded configuration: {'theme': {'type': 'color', 'color': '#008080', 'wallpaper': None, 'taskbar_color': '#c0c0c0', 'window_title_color': '#000080'}, 'system': {'startup_sound': 'true', 'enable_sounds': 'true', 'show_clock': 'true', 'auto_hide_windows_taskbar': 'true'}}
2026-06-13 19:41:59,465 - INFO - Windows taskbar hidden
2026-06-13 19:41:59,465 - INFO - System settings applied: sounds=True, clock=True, auto_hide_taskbar=True
2026-06-13 19:41:59,568 - INFO - Loading saved theme...
2026-06-13 19:41:59,568 - INFO - Looking for config file at: E:\EazyOS\EazyOS\OS\eazyos_config.json
2026-06-13 19:41:59,568 - INFO - Config file found, loading...
2026-06-13 19:41:59,569 - INFO - Loaded configuration: {'theme': {'type': 'color', 'color': '#008080', 'wallpaper': None, 'taskbar_color': '#c0c0c0', 'window_title_color': '#000080'}, 'system': {'startup_sound': 'true', 'enable_sounds': 'true', 'show_clock': 'true', 'auto_hide_windows_taskbar': 'true'}}
2026-06-13 19:41:59,570 - INFO - Applied background color: #008080
2026-06-13 19:41:59,571 - INFO - apply_from_config: type=color, taskbar=#c0c0c0, title_bar=#000080
2026-06-13 19:41:59,571 - INFO - Looking for config file at: E:\EazyOS\EazyOS\OS\eazyos_config.json
2026-06-13 19:41:59,571 - INFO - Config file found, loading...
2026-06-13 19:41:59,571 - INFO - Loaded configuration: {'theme': {'type': 'color', 'color': '#008080', 'wallpaper': None, 'taskbar_color': '#c0c0c0', 'window_title_color': '#000080'}, 'system': {'startup_sound': 'true', 'enable_sounds': 'true', 'show_clock': 'true', 'auto_hide_windows_taskbar': 'true'}}
2026-06-13 19:41:59,575 - INFO - Playing sound: The Microsoft Sound.wav
2026-06-13 19:42:00,465 - INFO - Windows taskbar restored
2026-06-15 14:41:59,943 - INFO - Looking for config file at: E:\EazyOS\EazyOS\OS\eazyos_config.json
2026-06-15 14:41:59,944 - INFO - Config file found, loading...
2026-06-15 14:41:59,945 - INFO - Loaded configuration: {'theme': {'type': 'color', 'color': '#008080', 'wallpaper': None, 'taskbar_color': '#c0c0c0', 'window_title_color': '#000080'}, 'system': {'startup_sound': 'true', 'enable_sounds': 'true', 'show_clock': 'true', 'auto_hide_windows_taskbar': 'true'}}
2026-06-15 14:41:59,993 - INFO - Looking for config file at: E:\EazyOS\EazyOS\OS\eazyos_config.json
2026-06-15 14:41:59,994 - INFO - Config file found, loading...
2026-06-15 14:41:59,994 - INFO - Loaded configuration: {'theme': {'type': 'color', 'color': '#008080', 'wallpaper': None, 'taskbar_color': '#c0c0c0', 'window_title_color': '#000080'}, 'system': {'startup_sound': 'true', 'enable_sounds': 'true', 'show_clock': 'true', 'auto_hide_windows_taskbar': 'true'}}
2026-06-15 14:42:00,003 - INFO - Windows taskbar hidden
2026-06-15 14:42:00,004 - INFO - System settings applied: sounds=True, clock=True, auto_hide_taskbar=True
2026-06-15 14:42:00,194 - INFO - Loading saved theme...
2026-06-15 14:42:00,195 - INFO - Looking for config file at: E:\EazyOS\EazyOS\OS\eazyos_config.json
2026-06-15 14:42:00,195 - INFO - Config file found, loading...
2026-06-15 14:42:00,195 - INFO - Loaded configuration: {'theme': {'type': 'color', 'color': '#008080', 'wallpaper': None, 'taskbar_color': '#c0c0c0', 'window_title_color': '#000080'}, 'system': {'startup_sound': 'true', 'enable_sounds': 'true', 'show_clock': 'true', 'auto_hide_windows_taskbar': 'true'}}
2026-06-15 14:42:00,197 - INFO - Applied background color: #008080
2026-06-15 14:42:00,199 - INFO - apply_from_config: type=color, taskbar=#c0c0c0, title_bar=#000080
2026-06-15 14:42:00,200 - INFO - Looking for config file at: E:\EazyOS\EazyOS\OS\eazyos_config.json
2026-06-15 14:42:00,200 - INFO - Config file found, loading...
2026-06-15 14:42:00,200 - INFO - Loaded configuration: {'theme': {'type': 'color', 'color': '#008080', 'wallpaper': None, 'taskbar_color': '#c0c0c0', 'window_title_color': '#000080'}, 'system': {'startup_sound': 'true', 'enable_sounds': 'true', 'show_clock': 'true', 'auto_hide_windows_taskbar': 'true'}}
2026-06-15 14:42:00,226 - INFO - Playing sound: The Microsoft Sound.wav
2026-06-15 14:42:07,626 - INFO - Playing sound: CHORD.wav
2026-06-15 14:43:05,516 - INFO - Looking for config file at: E:\EazyOS\EazyOS\OS\eazyos_config.json
2026-06-15 14:43:05,516 - INFO - Config file found, loading...
2026-06-15 14:43:05,517 - INFO - Loaded configuration: {'theme': {'type': 'color', 'color': '#008080', 'wallpaper': None, 'taskbar_color': '#c0c0c0', 'window_title_color': '#000080'}, 'system': {'startup_sound': 'true', 'enable_sounds': 'true', 'show_clock': 'true', 'auto_hide_windows_taskbar': 'true'}}
2026-06-15 14:43:05,534 - INFO - Looking for config file at: E:\EazyOS\EazyOS\OS\eazyos_config.json
2026-06-15 14:43:05,535 - INFO - Config file found, loading...
2026-06-15 14:43:05,535 - INFO - Loaded configuration: {'theme': {'type': 'color', 'color': '#008080', 'wallpaper': None, 'taskbar_color': '#c0c0c0', 'window_title_color': '#000080'}, 'system': {'startup_sound': 'true', 'enable_sounds': 'true', 'show_clock': 'true', 'auto_hide_windows_taskbar': 'true'}}
2026-06-15 14:43:05,537 - INFO - Windows taskbar hidden
2026-06-15 14:43:05,537 - INFO - System settings applied: sounds=True, clock=True, auto_hide_taskbar=True
2026-06-15 14:43:05,648 - INFO - Loading saved theme...
2026-06-15 14:43:05,649 - INFO - Looking for config file at: E:\EazyOS\EazyOS\OS\eazyos_config.json
2026-06-15 14:43:05,649 - INFO - Config file found, loading...
2026-06-15 14:43:05,649 - INFO - Loaded configuration: {'theme': {'type': 'color', 'color': '#008080', 'wallpaper': None, 'taskbar_color': '#c0c0c0', 'window_title_color': '#000080'}, 'system': {'startup_sound': 'true', 'enable_sounds': 'true', 'show_clock': 'true', 'auto_hide_windows_taskbar': 'true'}}
2026-06-15 14:43:05,650 - INFO - Applied background color: #008080
2026-06-15 14:43:05,650 - INFO - apply_from_config: type=color, taskbar=#c0c0c0, title_bar=#000080
2026-06-15 14:43:05,650 - INFO - Looking for config file at: E:\EazyOS\EazyOS\OS\eazyos_config.json
2026-06-15 14:43:05,651 - INFO - Config file found, loading...
2026-06-15 14:43:05,651 - INFO - Loaded configuration: {'theme': {'type': 'color', 'color': '#008080', 'wallpaper': None, 'taskbar_color': '#c0c0c0', 'window_title_color': '#000080'}, 'system': {'startup_sound': 'true', 'enable_sounds': 'true', 'show_clock': 'true', 'auto_hide_windows_taskbar': 'true'}}
2026-06-15 14:43:05,653 - INFO - Playing sound: The Microsoft Sound.wav
2026-06-15 14:43:13,087 - INFO - Playing sound: CHORD.wav
2026-06-15 14:43:15,951 - INFO - Windows taskbar restored
2026-06-15 14:46:02,208 - INFO - Looking for config file at: E:\EazyOS\EazyOS\OS\eazyos_config.json
2026-06-15 14:46:02,208 - INFO - Config file found, loading...
2026-06-15 14:46:02,209 - INFO - Loaded configuration: {'theme': {'type': 'color', 'color': '#008080', 'wallpaper': None, 'taskbar_color': '#c0c0c0', 'window_title_color': '#000080'}, 'system': {'startup_sound': 'true', 'enable_sounds': 'true', 'show_clock': 'true', 'auto_hide_windows_taskbar': 'true'}}
2026-06-15 14:46:02,226 - INFO - Looking for config file at: E:\EazyOS\EazyOS\OS\eazyos_config.json
2026-06-15 14:46:02,227 - INFO - Config file found, loading...
2026-06-15 14:46:02,227 - INFO - Loaded configuration: {'theme': {'type': 'color', 'color': '#008080', 'wallpaper': None, 'taskbar_color': '#c0c0c0', 'window_title_color': '#000080'}, 'system': {'startup_sound': 'true', 'enable_sounds': 'true', 'show_clock': 'true', 'auto_hide_windows_taskbar': 'true'}}
2026-06-15 14:46:02,229 - INFO - Windows taskbar hidden
2026-06-15 14:46:02,229 - INFO - System settings applied: sounds=True, clock=True, auto_hide_taskbar=True
2026-06-15 14:46:02,336 - INFO - Loading saved theme...
2026-06-15 14:46:02,336 - INFO - Looking for config file at: E:\EazyOS\EazyOS\OS\eazyos_config.json
2026-06-15 14:46:02,337 - INFO - Config file found, loading...
2026-06-15 14:46:02,337 - INFO - Loaded configuration: {'theme': {'type': 'color', 'color': '#008080', 'wallpaper': None, 'taskbar_color': '#c0c0c0', 'window_title_color': '#000080'}, 'system': {'startup_sound': 'true', 'enable_sounds': 'true', 'show_clock': 'true', 'auto_hide_windows_taskbar': 'true'}}
2026-06-15 14:46:02,337 - INFO - Applied background color: #008080
2026-06-15 14:46:02,338 - INFO - apply_from_config: type=color, taskbar=#c0c0c0, title_bar=#000080
2026-06-15 14:46:02,338 - INFO - Looking for config file at: E:\EazyOS\EazyOS\OS\eazyos_config.json
2026-06-15 14:46:02,338 - INFO - Config file found, loading...
2026-06-15 14:46:02,338 - INFO - Loaded configuration: {'theme': {'type': 'color', 'color': '#008080', 'wallpaper': None, 'taskbar_color': '#c0c0c0', 'window_title_color': '#000080'}, 'system': {'startup_sound': 'true', 'enable_sounds': 'true', 'show_clock': 'true', 'auto_hide_windows_taskbar': 'true'}}
2026-06-15 14:46:02,341 - INFO - Playing sound: The Microsoft Sound.wav
2026-06-15 14:46:09,676 - INFO - Playing sound: CHORD.wav
2026-06-15 14:47:12,659 - INFO - Windows taskbar restored
2026-06-15 14:47:15,563 - INFO - Looking for config file at: E:\EazyOS\EazyOS\OS\eazyos_config.json
2026-06-15 14:47:15,564 - INFO - Config file found, loading...
2026-06-15 14:47:15,564 - INFO - Loaded configuration: {'theme': {'type': 'color', 'color': '#008080', 'wallpaper': None, 'taskbar_color': '#c0c0c0', 'window_title_color': '#000080'}, 'system': {'startup_sound': 'true', 'enable_sounds': 'true', 'show_clock': 'true', 'auto_hide_windows_taskbar': 'true'}}
2026-06-15 14:47:15,581 - INFO - Looking for config file at: E:\EazyOS\EazyOS\OS\eazyos_config.json
2026-06-15 14:47:15,581 - INFO - Config file found, loading...
2026-06-15 14:47:15,581 - INFO - Loaded configuration: {'theme': {'type': 'color', 'color': '#008080', 'wallpaper': None, 'taskbar_color': '#c0c0c0', 'window_title_color': '#000080'}, 'system': {'startup_sound': 'true', 'enable_sounds': 'true', 'show_clock': 'true', 'auto_hide_windows_taskbar': 'true'}}
2026-06-15 14:47:15,583 - INFO - Windows taskbar hidden
2026-06-15 14:47:15,583 - INFO - System settings applied: sounds=True, clock=True, auto_hide_taskbar=True
2026-06-15 14:47:15,690 - INFO - Loading saved theme...
2026-06-15 14:47:15,691 - INFO - Looking for config file at: E:\EazyOS\EazyOS\OS\eazyos_config.json
2026-06-15 14:47:15,691 - INFO - Config file found, loading...
2026-06-15 14:47:15,691 - INFO - Loaded configuration: {'theme': {'type': 'color', 'color': '#008080', 'wallpaper': None, 'taskbar_color': '#c0c0c0', 'window_title_color': '#000080'}, 'system': {'startup_sound': 'true', 'enable_sounds': 'true', 'show_clock': 'true', 'auto_hide_windows_taskbar': 'true'}}
2026-06-15 14:47:15,692 - INFO - Applied background color: #008080
2026-06-15 14:47:15,692 - INFO - apply_from_config: type=color, taskbar=#c0c0c0, title_bar=#000080
2026-06-15 14:47:15,692 - INFO - Looking for config file at: E:\EazyOS\EazyOS\OS\eazyos_config.json
2026-06-15 14:47:15,693 - INFO - Config file found, loading...
2026-06-15 14:47:15,693 - INFO - Loaded configuration: {'theme': {'type': 'color', 'color': '#008080', 'wallpaper': None, 'taskbar_color': '#c0c0c0', 'window_title_color': '#000080'}, 'system': {'startup_sound': 'true', 'enable_sounds': 'true', 'show_clock': 'true', 'auto_hide_windows_taskbar': 'true'}}
2026-06-15 14:47:15,696 - INFO - Playing sound: The Microsoft Sound.wav
2026-06-15 14:47:23,023 - INFO - Playing sound: CHORD.wav
2026-06-15 14:47:25,962 - INFO - Windows taskbar restored
